baltimore_group	collected_by	family	genome_description	group	number_of_segments_conventional	read_prop	sample	sci_name	ska_genus	ska_species	taxid
	WVAL 			Wolbachia		0.13418574514038922	CMS002_027b_Rb_S153_L004	Wolbachieae	Culex	quinquefasciatus	570417.0
	WVAL 			Wolbachia		0.1618537238901408	CMS002_046a_Rb_S191_L004	Wolbachieae	Culex	quinquefasciatus	570417.0
	WVAL 			Wolbachia		0.08863656763306697	CMS002_046b_Rb_S192_L004	Wolbachieae	Culex	quinquefasciatus	570417.0
	WVAL 			Wolbachia		0.14828542062478575	CMS002_027a_Rb_S152_L004	Wolbachieae	Culex	quinquefasciatus	570417.0
	WVAL 			Wolbachia		1.7278617710583154e-05	CMS002_027b_Rb_S153_L004	Wolbachieae	Culex	quinquefasciatus	363538.0
	WVAL 			Wolbachia		5.183585313174946e-05	CMS002_027b_Rb_S153_L004	Wolbachieae	Culex	quinquefasciatus	263437.0
	WVAL 			Wolbachia		7.307715729858108e-05	CMS002_046a_Rb_S191_L004	Wolbachieae	Culex	quinquefasciatus	263437.0
	WVAL 			Wolbachia		3.365945606319002e-05	CMS002_046b_Rb_S192_L004	Wolbachieae	Culex	quinquefasciatus	263437.0
	WVAL 			Wolbachia		0.0001948724194628829	CMS002_046a_Rb_S191_L004	Wolbachieae	Culex	quinquefasciatus	955.0
	WVAL 			Wolbachia		0.00713030957523398	CMS002_027b_Rb_S153_L004	Wolbachieae	Culex	quinquefasciatus	953.0
	WVAL 			Wolbachia		0.016351574423023017	CMS002_027a_Rb_S152_L004	Wolbachieae	Culex	quinquefasciatus	953.0
	WVAL 			Wolbachia		0.0066256622617380185	CMS002_046a_Rb_S191_L004	Wolbachieae	Culex	quinquefasciatus	953.0
	WVAL 			Wolbachia		0.003287406875504892	CMS002_046b_Rb_S192_L004	Wolbachieae	Culex	quinquefasciatus	953.0
	SAND			Wolbachia		0.28752288241432983	CMS002_013a_Rb_S120_L004	Wolbachieae	Culex	quinquefasciatus	570417.0
	SAND			Wolbachia		0.10326642358789317	CMS002_001a_Rb_S116_L004	Wolbachieae	Culex	quinquefasciatus	570417.0
	SAND			Wolbachia		0.21965714285714286	CMS002_010a_Rb_S119_L004	Wolbachieae	Culex	quinquefasciatus	570417.0
	SAND			Wolbachia		0.046278953981839295	CMS002_022a_Rb_S137_L004	Wolbachieae	Culex	quinquefasciatus	570417.0
	SAND			Wolbachia		0.37832582889889477	CMS002_004a_Rb_S117_L004	Wolbachieae	Culex	quinquefasciatus	570417.0
	SAND			Wolbachia		0.012580791809143557	CMS002_023a_Rb_S138_L004	Wolbachieae	Culex	quinquefasciatus	570417.0
	SAND			Wolbachia		0.0001261654533755567	CMS002_001a_Rb_S116_L004	Wolbachieae	Culex	quinquefasciatus	263437.0
	SAND			Wolbachia		0.0008186655751125665	CMS002_004a_Rb_S117_L004	Wolbachieae	Culex	quinquefasciatus	263437.0
	SAND			Wolbachia		0.00022857142857142857	CMS002_010a_Rb_S119_L004	Wolbachieae	Culex	quinquefasciatus	263437.0
	SAND			Wolbachia		0.00010265008297548374	CMS002_013a_Rb_S120_L004	Wolbachieae	Culex	quinquefasciatus	263437.0
	SAND			Wolbachia		6.84333886503225e-05	CMS002_013a_Rb_S120_L004	Wolbachieae	Culex	quinquefasciatus	955.0
	SAND			Wolbachia		0.06118095238095238	CMS002_010a_Rb_S119_L004	Wolbachieae	Culex	quinquefasciatus	953.0
	SAND			Wolbachia		0.05106426524764633	CMS002_004a_Rb_S117_L004	Wolbachieae	Culex	quinquefasciatus	953.0
	SAND			Wolbachia		0.004617655593545376	CMS002_001a_Rb_S116_L004	Wolbachieae	Culex	quinquefasciatus	953.0
	SAND			Wolbachia		0.0036036890395694542	CMS002_022a_Rb_S137_L004	Wolbachieae	Culex	quinquefasciatus	953.0
	SAND			Wolbachia		0.0027375328602771134	CMS002_023a_Rb_S138_L004	Wolbachieae	Culex	quinquefasciatus	953.0
	SAND			Wolbachia		0.0023096268669483846	CMS002_013a_Rb_S120_L004	Wolbachieae	Culex	quinquefasciatus	953.0
	SAND			Wolbachia		0.002275410172623223	CMS002_013a_Rb_S120_L004	Wolbachieae	Culex	quinquefasciatus	952.0
	PLCR			Wolbachia		0.09253231656281968	CMS002_054a_Rb_S8_L004	Wolbachieae	Culex	pipiens	570417.0
	PLCR			Wolbachia		0.046728371771921226	CMS002_051a_Rb_S6_L004	Wolbachieae	Culex	pipiens	570417.0
	PLCR			Wolbachia		0.0385350884995108	CMS002_057a_Rb_S10_L004	Wolbachieae	Culex	pipiens	570417.0
	PLCR			Wolbachia		0.4397834912043302	CMS002_050a_Rb_S5_L004	Wolbachieae	Culex	pipiens	570417.0
	PLCR			Wolbachia		0.0129191496931424	CMS002_057a_Rb_S10_L004	Wolbachieae	Culex	pipiens	953.0
	PLCR			Wolbachia		0.10717185385656292	CMS002_050a_Rb_S5_L004	Wolbachieae	Culex	pipiens	953.0
	PLCR			Wolbachia		0.0015011519535044274	CMS002_051a_Rb_S6_L004	Wolbachieae	Culex	pipiens	953.0
	PLCR			Wolbachia		0.00034099011128677266	CMS002_054a_Rb_S8_L004	Wolbachieae	Culex	pipiens	953.0
	ALCO			Wolbachia		7.997166718077024e-05	CMS001_059_Ra_S10	Wolbachieae	Culex	pipiens	1236908.0
	ALCO			Wolbachia		0.4878842055291251	CMS001_041_Ra_S10	Wolbachieae	Culex	pipiens	570417.0
	ALCO			Wolbachia		0.7497373818218194	CMS001_054_Ra_S11	Wolbachieae	Culex	pipiens	570417.0
	ALCO			Wolbachia		0.42426265998887075	CMS001_004_Ra_S2	Wolbachieae	Culex	pipiens	570417.0
	ALCO			Wolbachia		0.21730586877791866	CMS001_059_Ra_S10	Wolbachieae	Culex	pipiens	570417.0
	ALCO			Wolbachia		0.23904753458673292	CMS001_030_Ra_S7	Wolbachieae	Culex	pipiens	570417.0
	ALCO			Wolbachia		0.09244374339268034	CMS001_044_Ra_S25	Wolbachieae	Culex	pipiens	570417.0
	ALCO			Wolbachia		0.011526471919151288	CMS001_029_Ra_S18	Wolbachieae	Culex	pipiens	570417.0
	ALCO			Wolbachia		0.00011110774420977141	CMS001_041_Ra_S10	Wolbachieae	Culex	pipiens	263437.0
	ALCO			Wolbachia		6.060422411442077e-05	CMS001_041_Ra_S10	Wolbachieae	Culex	pipiens	955.0
	ALCO			Wolbachia		0.11984325553232568	CMS001_059_Ra_S10	Wolbachieae	Culex	pipiens	953.0
	ALCO			Wolbachia		0.08720947850065153	CMS001_041_Ra_S10	Wolbachieae	Culex	pipiens	953.0
	ALCO			Wolbachia		0.04622079935971187	CMS001_054_Ra_S11	Wolbachieae	Culex	pipiens	953.0
	ALCO			Wolbachia		0.029115191986644404	CMS001_004_Ra_S2	Wolbachieae	Culex	pipiens	953.0
	ALCO			Wolbachia		0.015636784152043844	CMS001_029_Ra_S18	Wolbachieae	Culex	pipiens	953.0
	ALCO			Wolbachia		0.017351031161378015	CMS001_044_Ra_S25	Wolbachieae	Culex	pipiens	953.0
	ALCO			Wolbachia		0.003044814946198416	CMS001_030_Ra_S7	Wolbachieae	Culex	pipiens	953.0
	WVAL 			Wolbachia		0.09534597708589551	CMS002_045a_Rb_S183_L004	Wolbachieae	Aedes	albopictus	1116230.0
	WVAL 			Wolbachia		0.04979114452798663	CMS002_026d_Rb_S149_L004	Wolbachieae	Aedes	albopictus	1116230.0
	WVAL 			Wolbachia		0.2448210922787194	CMS002_026a_Rb_S146_L004	Wolbachieae	Aedes	albopictus	1116230.0
	WVAL 			Wolbachia		0.0729368932038835	CMS002_026b_Rb_S147_L004	Wolbachieae	Aedes	albopictus	1116230.0
	WVAL 			Wolbachia		0.047933100564679504	CMS002_026c_Rb_S148_L004	Wolbachieae	Aedes	albopictus	1116230.0
	WVAL 			Wolbachia		0.00740493174720879	CMS002_045g_Rb_S190_L004	Wolbachieae	Aedes	albopictus	1116230.0
	WVAL 			Wolbachia		0.02443879243613845	CMS002_026e_Rb_S150_L004	Wolbachieae	Aedes	albopictus	1116230.0
	WVAL 			Wolbachia		0.001382644908637805	CMS002_045e_Rb_S188_L004	Wolbachieae	Aedes	albopictus	1116230.0
	WVAL 			Wolbachia		0.0017512649564123454	CMS002_045d_Rb_S186_L004	Wolbachieae	Aedes	albopictus	1116230.0
	WVAL 			Wolbachia		0.00042057008274716377	CMS002_045c_Rb_S185_L004	Wolbachieae	Aedes	albopictus	1116230.0
	WVAL 			Wolbachia		0.0005440414507772021	CMS002_045b_Rb_S184_L004	Wolbachieae	Aedes	albopictus	1116230.0
	WVAL 			Wolbachia		0.00016587415680636956	CMS002_026e_Rb_S150_L004	Wolbachieae	Aedes	albopictus	66084.0
	WVAL 			Wolbachia		0.17494194404511773	CMS002_026e_Rb_S150_L004	Wolbachieae	Aedes	albopictus	953.0
	WVAL 			Wolbachia		0.06307851640882906	CMS002_045a_Rb_S183_L004	Wolbachieae	Aedes	albopictus	953.0
	WVAL 			Wolbachia		0.014965986394557823	CMS002_026d_Rb_S149_L004	Wolbachieae	Aedes	albopictus	953.0
	WVAL 			Wolbachia		0.004741662924164726	CMS002_045g_Rb_S190_L004	Wolbachieae	Aedes	albopictus	953.0
	WVAL 			Wolbachia		0.001917524287717315	CMS002_045d_Rb_S186_L004	Wolbachieae	Aedes	albopictus	953.0
	WVAL 			Wolbachia		0.04780530204259018	CMS002_026a_Rb_S146_L004	Wolbachieae	Aedes	albopictus	953.0
IV	ALCO	Tombusviridae	single stranded RNA positive sense	Virus	1 or 2	0.2714762241280532	CMS001_001_Ra_S1	128|Tombus-like	Culex	erythrothorax	137555.0
III	ALCO	Reoviridae	double stranded RNA	Virus	10-12	0.012004990446610074	CMS001_001_Ra_S1	296|Reo-like	Culex	erythrothorax	1567403.0
V	ALCO	Peribunyaviridae	single stranded RNA negative sense	Virus	3	4.653097072329486e-05	CMS001_001_Ra_S1	6823|Peribunya-like	Culex	erythrothorax	39718.0
V	ALCO	Phasmaviridae	single stranded RNA negative sense	Virus	3	0.0033749494702739803	CMS001_001_Ra_S1	76|Phasma-like	Culex	erythrothorax	2546221.0
IV	ALCO	Flaviviridae	single stranded RNA positive sense	Virus	1	0.005056435118551625	CMS001_002_Ra_S1	1|Flavi-like	Culex	tarsalis	38144.0
IV	ALCO	Solemoviridae	single stranded RNA positive sense	Virus	1	0.009961366563139156	CMS001_002_Ra_S1	Kellev virus	Culex	tarsalis	502177.0
III	ALCO	Partitiviridae	double stranded RNA	Virus	2	0.0020102915460252844	CMS001_003_Ra_S2	3256|Partiti-like	Culiseta	particeps	37960.0
V	ALCO	Xinmoviridae	single stranded RNA negative sense	Virus	1	0.013140354900667946	CMS001_003_Ra_S2	Gordis virus	Culiseta	particeps	2059674.0
III	ALCO	Totiviridae	double stranded RNA	Virus	1	0.00017871806018451432	CMS001_005_Ra_S3	2923|Toti-like	Culiseta	incidens	39756.0
IV	ALCO	Tombusviridae	single stranded RNA positive sense	Virus	1 or 2	0.0008835467842396249	CMS001_006_Ra_S5	312|Tombus-like	Culex	erythrothorax	137555.0
III	ALCO	Totiviridae	double stranded RNA	Virus	1	0.0024931765693890404	CMS001_006_Ra_S5	55|Toti-like	Culex	erythrothorax	39756.0
III	ALCO	Partitiviridae	double stranded RNA	Virus	2	0.011533125216788068	CMS001_008_Ra_S3	1636|Partiti-like	Culiseta	particeps	37960.0
V	ALCO	Xinmoviridae	single stranded RNA negative sense	Virus	1	0.008659134829790397	CMS001_008_Ra_S3	Gordis virus	Culiseta	particeps	2059674.0
III	ALCO	Totiviridae	double stranded RNA	Virus	1	4.426465344465074e-05	CMS001_009_Ra_S13	12259|Toti-like	Culiseta	particeps	39756.0
IV	ALCO	Narnaviridae	single stranded RNA positive sense	Virus	1	7.377442240775124e-05	CMS001_009_Ra_S13	1249|Narna-like	Culiseta	particeps	908833.0
III	ALCO	Totiviridae	double stranded RNA	Virus	1	6.14786853397927e-05	CMS001_009_Ra_S13	5308|Toti-like	Culiseta	particeps	39756.0
III	ALCO	Totiviridae	double stranded RNA	Virus	1	0.00841965095862646	CMS001_011_Ra_S4	42|Toti-like	Culex	erythrothorax	39756.0
V	ALCO	Phenuiviridae	single stranded RNA negative sense	Virus	3	0.015631444361956612	CMS001_011_Ra_S4	63|Phenui-like	Culex	erythrothorax	2024603.0
V	ALCO	Phasmaviridae	single stranded RNA negative sense	Virus	3	0.0031227536795465525	CMS001_011_Ra_S4	76|Phasma-like	Culex	erythrothorax	2546221.0
III	ALCO	Totiviridae	double stranded RNA	Virus	1	0.0004894070561621786	CMS001_012_Ra_S4	1715|Toti-like	Aedes	dorsalis	39756.0
III	ALCO	Reoviridae	double stranded RNA	Virus	10-12	0.005345412624526907	CMS001_012_Ra_S4	246|Reo-like	Aedes	dorsalis	40068.0
III	ALCO	Reoviridae	double stranded RNA	Virus	10-12	0.005595554008787576	CMS001_012_Ra_S4	Lobuck virus	Aedes	dorsalis	40068.0
V	ALCO	Phenuiviridae	single stranded RNA negative sense	Virus	3	0.03280650465923625	CMS001_013_Ra_S5	63|Phenui-like	Culex	erythrothorax	2024603.0
III	ALCO	Totiviridae	double stranded RNA	Virus	1	0.009497662684573718	CMS001_015_Ra_S13	42|Toti-like	Culex	erythrothorax	39756.0
IV	ALCO	Solemoviridae	single stranded RNA positive sense	Virus	1	0.08629516954811901	CMS001_015_Ra_S13	Kellev virus	Culex	erythrothorax	502177.0
III	ALCO	Totiviridae	double stranded RNA	Virus	1	9.207927708242048e-05	CMS001_016_Ra_S6	19890|Toti-like	Culiseta	inornata	39756.0
V	ALCO	Phasmaviridae	single stranded RNA negative sense	Virus	3	0.0016793211255024564	CMS001_017_Ra_S6	76|Phasma-like	Culex	erythrothorax	2546221.0
IV	ALCO	Tombusviridae	single stranded RNA positive sense	Virus	1 or 2	0.005221615057680632	CMS001_018_Ra_S14	128|Tombus-like	Culex	erythrothorax	137555.0
IV	ALCO	Tombusviridae	single stranded RNA positive sense	Virus	1 or 2	0.044503495781842574	CMS001_019_Ra_S14	128|Tombus-like	Culex	erythrothorax	137555.0
V	ALCO	Phenuiviridae	single stranded RNA negative sense	Virus	3	0.07085730502309022	CMS001_019_Ra_S14	63|Phenui-like	Culex	erythrothorax	2024603.0
V	ALCO	Phasmaviridae	single stranded RNA negative sense	Virus	3	0.057351461520600604	CMS001_019_Ra_S14	76|Phasma-like	Culex	erythrothorax	2546221.0
IV	ALCO	Tombusviridae	single stranded RNA positive sense	Virus	1 or 2	0.25632912990561224	CMS001_020_Ra_S15	128|Tombus-like	Culex	erythrothorax	137555.0
III	ALCO	Reoviridae	double stranded RNA	Virus	10-12	0.056955856433668496	CMS001_020_Ra_S15	296|Reo-like	Culex	erythrothorax	1567403.0
V	ALCO	Phenuiviridae	single stranded RNA negative sense	Virus	3	0.03814304219096965	CMS001_021_Ra_S16	63|Phenui-like	Culex	erythrothorax	2024603.0
IV	ALCO	Solemoviridae	single stranded RNA positive sense	Virus	1	0.045849525043177894	CMS001_021_Ra_S16	Kellev virus	Culex	erythrothorax	502177.0
IV	ALCO	Tombusviridae	single stranded RNA positive sense	Virus	1 or 2	0.0015516776108662408	CMS001_022_Ra_S6	88|Tombus-like	Culex	erythrothorax	137555.0
IV	ALCO	Solemoviridae	single stranded RNA positive sense	Virus	1	0.033479063895448066	CMS001_024_Ra_S15	Kellev virus	Culex	erythrothorax	502177.0
III	ALCO	Partitiviridae	double stranded RNA	Virus	2	0.012314240634058636	CMS001_025_Ra_S7	1636|Partiti-like	Culiseta	particeps	37960.0
IV	ALCO	Tombusviridae	single stranded RNA positive sense	Virus	1 or 2	0.0009320074854144497	CMS001_025_Ra_S7	312|Tombus-like	Culiseta	particeps	137555.0
V	ALCO	Xinmoviridae	single stranded RNA negative sense	Virus	1	0.00998789124133123	CMS001_025_Ra_S7	Gordis virus	Culiseta	particeps	2059674.0
IV	ALCO	Leviviridae	single stranded RNA positive sense	Virus	1	0.000717619710621385	CMS001_026_Ra_S18	416|Levi-like	Culiseta	incidens	39683.0
V	ALCO	Orthomyxoviridae	single stranded RNA negative sense	Virus	8	0.007527122524136558	CMS001_027_Ra_S16	Astopletus virus	Culex	tarsalis	1566308.0
IV	ALCO	Solemoviridae	single stranded RNA positive sense	Virus	1	0.020317010052752067	CMS001_027_Ra_S16	Kellev virus	Culex	tarsalis	502177.0
IV	ALCO	Solemoviridae	single stranded RNA positive sense	Virus	1	0.0399313009875483	CMS001_028_Ra_S17	Kellev virus	Culex	tarsalis	502177.0
V	ALCO	Rhabdoviridae	single stranded RNA negative sense	Virus	1	0.04918989928477595	CMS001_031_Ra_S19	30|Rhabdo-like	Culex	tarsalis	35303.0
IV	ALCO	Solemoviridae	single stranded RNA positive sense	Virus	1	0.05149795650270034	CMS001_031_Ra_S19	Kellev virus	Culex	tarsalis	502177.0
IV	ALCO	Solemoviridae	single stranded RNA positive sense	Virus	1	0.064475766779313	CMS001_032_Ra_S7	Kellev virus	Culex	tarsalis	502177.0
IV	ALCO	Solemoviridae	single stranded RNA positive sense	Virus	1	0.09376110052636678	CMS001_033_Ra_S8	Kellev virus	Culex	tarsalis	502177.0
IV	ALCO	Solemoviridae	single stranded RNA positive sense	Virus	1	0.051185165748272546	CMS001_034_Ra_S19	Kellev virus	Culex	tarsalis	502177.0
III	ALCO	Reoviridae	double stranded RNA	Virus	10-12	0.000733071140005886	CMS001_035_Ra_S20	296|Reo-like	Culex	erythrothorax	1567403.0
V	ALCO	Phasmaviridae	single stranded RNA negative sense	Virus	3	0.0006394306659175429	CMS001_035_Ra_S20	76|Phasma-like	Culex	erythrothorax	2546221.0
IV	ALCO	Solemoviridae	single stranded RNA positive sense	Virus	1	0.031994858163754414	CMS001_036_Ra_S20	Kellev virus	Culex	tarsalis	502177.0
V	ALCO	Phasmaviridae	single stranded RNA negative sense	Virus	3	0.006827273535425371	CMS001_037_Ra_S21	76|Phasma-like	Culex	erythrothorax	2546221.0
III	ALCO	Totiviridae	double stranded RNA	Virus	1	0.013191534423551124	CMS001_038_Ra_S22	78|Toti-like	Culex	tarsalis	39756.0
IV	ALCO	Solemoviridae	single stranded RNA positive sense	Virus	1	0.05940728862532714	CMS001_038_Ra_S22	Kellev virus	Culex	tarsalis	502177.0
IV	ALCO	Flaviviridae	single stranded RNA positive sense	Virus	1	0.11297786004128996	CMS001_039_Ra_S9	1|Flavi-like	Culex	tarsalis	38144.0
V	ALCO	Rhabdoviridae	single stranded RNA negative sense	Virus	1	0.03900298996226952	CMS001_039_Ra_S9	2|Rhabdo-like	Culex	tarsalis	35303.0
IV	ALCO	Solemoviridae	single stranded RNA positive sense	Virus	1	0.050313234142521535	CMS001_039_Ra_S9	Kellev virus	Culex	tarsalis	502177.0
V	ALCO	Peribunyaviridae	single stranded RNA negative sense	Virus	3	0.049388669824969506	CMS001_040_Ra_S21	61|Peribunya-like	Culex	pipiens	348018.0
IV	ALCO	Solemoviridae	single stranded RNA positive sense	Virus	1	0.03432526736830161	CMS001_040_Ra_S21	Kellev virus	Culex	pipiens	502177.0
IV	ALCO	Solemoviridae	single stranded RNA positive sense	Virus	1	0.03898275762643446	CMS001_042_Ra_S23	Kellev virus	Culex	tarsalis	502177.0
III	ALCO	Totiviridae	double stranded RNA	Virus	1	0.0073020388809862495	CMS001_043_Ra_S24	39|Toti-like	Culex	tarsalis	39756.0
IV	ALCO	Solemoviridae	single stranded RNA positive sense	Virus	1	0.032088667614983406	CMS001_043_Ra_S24	Kellev virus	Culex	tarsalis	502177.0
IV	ALCO	Solemoviridae	single stranded RNA positive sense	Virus	1	0.07769315808868689	CMS001_044_Ra_S25	Kellev virus	Culex	pipiens	502177.0
IV	ALCO	Tombusviridae	single stranded RNA positive sense	Virus	1 or 2	0.5757370283018868	CMS001_045_Ra_S2	128|Tombus-like	Culex	erythrothorax	137555.0
V	ALCO	Orthomyxoviridae	single stranded RNA negative sense	Virus	8	0.0003123113119157176	CMS001_046_Ra_S3	Astopletus virus	Culex	tarsalis	1566308.0
IV	ALCO	Solemoviridae	single stranded RNA positive sense	Virus	1	0.005717899602323596	CMS001_046_Ra_S3	Kellev virus	Culex	tarsalis	502177.0
IV	ALCO	Tombusviridae	single stranded RNA positive sense	Virus	1 or 2	0.19824305101687748	CMS001_047_Ra_S4	128|Tombus-like	Culex	erythrothorax	137555.0
IV	ALCO	Leviviridae	single stranded RNA positive sense	Virus	1	0.004171312137172735	CMS001_047_Ra_S4	Chimba virus	Culex	erythrothorax	12008.0
V	ALCO	Phenuiviridae	single stranded RNA negative sense	Virus	3	0.025446062124681385	CMS001_048_Ra_S5	63|Phenui-like	Culex	erythrothorax	2024603.0
IV	ALCO	Tombusviridae	single stranded RNA positive sense	Virus	1 or 2	0.07417281317574573	CMS001_049_Ra_S6	128|Tombus-like	Culex	erythrothorax	137555.0
III	ALCO	Reoviridae	double stranded RNA	Virus	10-12	0.01466275659824047	CMS001_049_Ra_S6	296|Reo-like	Culex	erythrothorax	1567403.0
V	ALCO	Phenuiviridae	single stranded RNA negative sense	Virus	3	0.018706122811694658	CMS001_049_Ra_S6	63|Phenui-like	Culex	erythrothorax	2024603.0
IV	ALCO	Solemoviridae	single stranded RNA positive sense	Virus	1	0.045113895553778253	CMS001_049_Ra_S6	Kellev virus	Culex	erythrothorax	502177.0
III	ALCO	Totiviridae	double stranded RNA	Virus	1	0.013331913156166232	CMS001_050_Ra_S23	42|Toti-like	Culex	erythrothorax	39756.0
III	ALCO	Totiviridae	double stranded RNA	Virus	1	0.0067458415437325805	CMS001_050_Ra_S23	55|Toti-like	Culex	erythrothorax	39756.0
III	ALCO	Totiviridae	double stranded RNA	Virus	1	0.021659589628046257	CMS001_051_Ra_S8	39|Toti-like	Culex	tarsalis	39756.0
IV	ALCO	Solemoviridae	single stranded RNA positive sense	Virus	1	0.06964383719922586	CMS001_051_Ra_S8	Kellev virus	Culex	tarsalis	502177.0
IV	ALCO	Solemoviridae	single stranded RNA positive sense	Virus	1	0.0661383405821345	CMS001_053_Ra_S8	Kellev virus	Culex	erythrothorax	502177.0
III	ALCO	Chrysoviridae	double stranded RNA	Virus	4	0.02463198394111743	CMS001_053_Ra_S8	Keturi virus	Culex	erythrothorax	2587491.0
V	ALCO	Phenuiviridae	single stranded RNA negative sense	Virus	3	0.08266646907725746	CMS001_056_Ra_S10	63|Phenui-like	Culex	erythrothorax	2024603.0
IV	ALCO	Tombusviridae	single stranded RNA positive sense	Virus	1 or 2	0.036590729175829007	CMS001_057_Ra_S11	128|Tombus-like	Culex	erythrothorax	137555.0
III	ALCO	Totiviridae	double stranded RNA	Virus	1	0.011758949775705867	CMS001_057_Ra_S11	42|Toti-like	Culex	erythrothorax	39756.0
V	ALCO	Phasmaviridae	single stranded RNA negative sense	Virus	3	0.0039636291670331605	CMS001_057_Ra_S11	76|Phasma-like	Culex	erythrothorax	2546221.0
IV	ALCO	Tombusviridae	single stranded RNA positive sense	Virus	1 or 2	0.015186915887850467	CMS001_058_Ra_S9	128|Tombus-like	Culex	erythrothorax	137555.0
III	ALCO	Totiviridae	double stranded RNA	Virus	1	0.009646440351841671	CMS001_058_Ra_S9	42|Toti-like	Culex	erythrothorax	39756.0
IV	ALCO	Iflaviridae	single stranded RNA positive sense	Virus	1	0.08018935192520996	CMS001_060_Ra_S12	24|Ifla-like			1111709.0
IV	ALCO	Luteoviridae	single stranded RNA positive sense	Virus	1	0.0018222151798447156	CMS001_060_Ra_S12	98|Luteo-like			328429.0
III	SAND	Partitiviridae	double stranded RNA	Virus	2	0.04015240406947864	CMS002_020a_Rb_S131_L004	1636|Partiti-like	Culiseta	particeps	37960.0
IV	SAND	Iflaviridae	single stranded RNA positive sense	Virus	1	0.015667331666805395	CMS002_020a_Rb_S131_L004	25|Ifla-like	Culiseta	particeps	1111709.0
III	SAND	Partitiviridae	double stranded RNA	Virus	2	0.006245452177718826	CMS002_020a_Rb_S131_L004	3256|Partiti-like	Culiseta	particeps	37960.0
IV	SAND	Solemoviridae	single stranded RNA positive sense	Virus	1	0.0012055924453120176	CMS002_020a_Rb_S131_L004	Goras virus	Culiseta	particeps	502177.0
V	SAND	Xinmoviridae	single stranded RNA negative sense	Virus	1	0.022765290751843966	CMS002_020a_Rb_S131_L004	Gordis virus	Culiseta	particeps	2059674.0
III	SAND	Partitiviridae	double stranded RNA	Virus	2	0.17964096749811034	CMS002_020b_Rb_S132_L004	1636|Partiti-like	Culiseta	particeps	37960.0
IV	SAND	Solemoviridae	single stranded RNA positive sense	Virus	1	0.08448223733938019	CMS002_020b_Rb_S132_L004	Goras virus	Culiseta	particeps	502177.0
III	SAND	Partitiviridae	double stranded RNA	Virus	2	0.1421597798192435	CMS002_020c_Rb_S133_L004	1636|Partiti-like	Culiseta	particeps	37960.0
IV	SAND	Iflaviridae	single stranded RNA positive sense	Virus	1	0.12321630031861742	CMS002_020c_Rb_S133_L004	25|Ifla-like	Culiseta	particeps	1111709.0
V	SAND	Xinmoviridae	single stranded RNA negative sense	Virus	1	0.09388056185765116	CMS002_020c_Rb_S133_L004	Gordis virus	Culiseta	particeps	2059674.0
III	SAND	Partitiviridae	double stranded RNA	Virus	2	0.04811718127427046	CMS002_020d_Rb_S134_L004	1636|Partiti-like	Culiseta	particeps	37960.0
III	SAND	Totiviridae	double stranded RNA	Virus	1	7.589460768812375e-05	CMS002_020d_Rb_S134_L004	22872|Toti-like	Culiseta	particeps	39756.0
V	SAND	Xinmoviridae	single stranded RNA negative sense	Virus	1	0.030142808353466485	CMS002_020d_Rb_S134_L004	Gordis virus	Culiseta	particeps	2059674.0
III	SAND	Partitiviridae	double stranded RNA	Virus	2	0.12128564155953751	CMS002_020e_Rb_S135_L004	1636|Partiti-like	Culiseta	particeps	37960.0
V	SAND	Xinmoviridae	single stranded RNA negative sense	Virus	1	0.046672842931769085	CMS002_020e_Rb_S135_L004	Gordis virus	Culiseta	particeps	2059674.0
III	SAND	Partitiviridae	double stranded RNA	Virus	2	0.027041743936584123	CMS002_021a_Rb_S136_L004	1636|Partiti-like	Culiseta	particeps	37960.0
III	SAND	Totiviridae	double stranded RNA	Virus	1	5.636158685138722e-05	CMS002_021a_Rb_S136_L004	6512|Toti-like	Culiseta	particeps	39756.0
V	SAND	Xinmoviridae	single stranded RNA negative sense	Virus	1	0.019263844951092686	CMS002_021a_Rb_S136_L004	Gordis virus	Culiseta	particeps	2059674.0
III	SAND	Partitiviridae	double stranded RNA	Virus	2	0.0005023259877257736	CMS002_022a_Rb_S137_L004	1636|Partiti-like	Culex	quinquefasciatus	37960.0
III	WVAL 	Partitiviridae	double stranded RNA	Virus	2	0.012919233401779603	CMS002_026a_Rb_S146_L004	3110|Partiti-like	Aedes	albopictus	37960.0
V	WVAL 	Phasmaviridae	single stranded RNA negative sense	Virus	3	0.04483230663928816	CMS002_026a_Rb_S146_L004	70|Phasma-like	Aedes	albopictus	2546221.0
V	WVAL 	Orthomyxoviridae	single stranded RNA negative sense	Virus	8	0.025838466803559206	CMS002_026a_Rb_S146_L004	Ūsinis virus	Aedes	albopictus	1566308.0
III	WVAL 	Partitiviridae	double stranded RNA	Virus	2	0.005978910751168605	CMS002_026b_Rb_S147_L004	3110|Partiti-like	Aedes	albopictus	37960.0
V	WVAL 	Phasmaviridae	single stranded RNA negative sense	Virus	3	0.024785302750298947	CMS002_026b_Rb_S147_L004	70|Phasma-like	Aedes	albopictus	2546221.0
V	WVAL 	Orthomyxoviridae	single stranded RNA negative sense	Virus	8	0.038645504946189804	CMS002_026b_Rb_S147_L004	Ūsinis virus	Aedes	albopictus	1566308.0
V	WVAL 	Phasmaviridae	single stranded RNA negative sense	Virus	3	0.03999683819460912	CMS002_026c_Rb_S148_L004	70|Phasma-like	Aedes	albopictus	2546221.0
V	WVAL 	Orthomyxoviridae	single stranded RNA negative sense	Virus	8	0.02126314125365584	CMS002_026c_Rb_S148_L004	Ūsinis virus	Aedes	albopictus	1566308.0
III	WVAL 	Partitiviridae	double stranded RNA	Virus	2	0.014617759215543853	CMS002_026d_Rb_S149_L004	3110|Partiti-like	Aedes	albopictus	37960.0
V	WVAL 	Phasmaviridae	single stranded RNA negative sense	Virus	3	0.059991828581804976	CMS002_026d_Rb_S149_L004	70|Phasma-like	Aedes	albopictus	2546221.0
V	WVAL 	Orthomyxoviridae	single stranded RNA negative sense	Virus	8	0.023152351552569457	CMS002_026d_Rb_S149_L004	Ūsinis virus	Aedes	albopictus	1566308.0
III	WVAL 	Partitiviridae	double stranded RNA	Virus	2	0.01160443995963673	CMS002_026e_Rb_S150_L004	3110|Partiti-like	Aedes	albopictus	37960.0
V	WVAL 	Phasmaviridae	single stranded RNA negative sense	Virus	3	0.0322401614530777	CMS002_026e_Rb_S150_L004	70|Phasma-like	Aedes	albopictus	2546221.0
V	WVAL 	Orthomyxoviridae	single stranded RNA negative sense	Virus	8	0.018163471241170535	CMS002_026e_Rb_S150_L004	Ūsinis virus	Aedes	albopictus	1566308.0
IV	WVAL 	Tombusviridae	single stranded RNA positive sense	Virus	1 or 2	0.18241939688885025	CMS002_028a_Rb_S154_L004	128|Tombus-like	Culex	erythrothorax	137555.0
V	WVAL 	Phasmaviridae	single stranded RNA negative sense	Virus	3	0.005680659539138288	CMS002_028b_Rb_S155_L004	76|Phasma-like	Culex	erythrothorax	2546221.0
V	WVAL 	Phasmaviridae	single stranded RNA negative sense	Virus	3	0.0057308979995472475	CMS002_028d_Rb_S157_L004	76|Phasma-like	Culex	erythrothorax	2546221.0
IV	WVAL 	Tombusviridae	single stranded RNA positive sense	Virus	1 or 2	0.6052424624081268	CMS002_028e_Rb_S158_L004	128|Tombus-like	Culex	erythrothorax	137555.0
V	WVAL 	Phasmaviridae	single stranded RNA negative sense	Virus	3	0.002915107113925697	CMS002_028e_Rb_S158_L004	76|Phasma-like	Culex	erythrothorax	2546221.0
IV	WVAL 	Solemoviridae	single stranded RNA positive sense	Virus	1	0.04832433829945383	CMS002_029a_Rb_S159_L004	Kellev virus	Culex	tarsalis	502177.0
IV	WVAL 	Solemoviridae	single stranded RNA positive sense	Virus	1	0.07038710171401069	CMS002_029b_Rb_S160_L004	Kellev virus	Culex	tarsalis	502177.0
IV	WVAL 	Tombusviridae	single stranded RNA positive sense	Virus	1 or 2	0.01199240207402844	CMS002_029c_Rb_S161_L004	128|Tombus-like	Culex	tarsalis	137555.0
III	WVAL 	Totiviridae	double stranded RNA	Virus	1	0.002813286102982699	CMS002_029c_Rb_S161_L004	56|Toti-like	Culex	tarsalis	39756.0
IV	WVAL 	Solemoviridae	single stranded RNA positive sense	Virus	1	0.05501822475486421	CMS002_029c_Rb_S161_L004	Kellev virus	Culex	tarsalis	502177.0
III	WVAL 	Totiviridae	double stranded RNA	Virus	1	0.0013476819869823902	CMS002_029d_Rb_S162_L004	49|Toti-like	Culex	tarsalis	39756.0
IV	WVAL 	Solemoviridae	single stranded RNA positive sense	Virus	1	0.02224507180982044	CMS002_029d_Rb_S162_L004	Kellev virus	Culex	tarsalis	502177.0
IV	WVAL 	Solemoviridae	single stranded RNA positive sense	Virus	1	0.12286044638985816	CMS002_029e_Rb_S164_L004	Kellev virus	Culex	tarsalis	502177.0
IV	COAV	Solemoviridae	single stranded RNA positive sense	Virus	1	0.14062380071869657	CMS002_031a_Rb_S165_L004	Kellev virus	Culex	tarsalis	502177.0
V	COAV	Rhabdoviridae	single stranded RNA negative sense	Virus	1	0.17959515575123386	CMS002_032a_Rb_S166_L004	2|Rhabdo-like	Culex	tarsalis	35303.0
IV	COAV	Solemoviridae	single stranded RNA positive sense	Virus	1	0.10830955734284642	CMS002_032a_Rb_S166_L004	Kellev virus	Culex	tarsalis	502177.0
IV	COAV	Solemoviridae	single stranded RNA positive sense	Virus	1	0.13984397572955792	CMS002_033a_Rb_S167_L004	Kellev virus	Culex	tarsalis	502177.0
IV	COAV	Solemoviridae	single stranded RNA positive sense	Virus	1	0.18308358398187238	CMS002_034a_Rb_S168_L004	Kellev virus	Culex	tarsalis	502177.0
IV	COAV	Solemoviridae	single stranded RNA positive sense	Virus	1	0.16617512965179232	CMS002_036a_Rb_S170_L004	Kellev virus	Culex	tarsalis	502177.0
V	COAV	Rhabdoviridae	single stranded RNA negative sense	Virus	1	0.053383547754177585	CMS002_037a_Rb_S171_L004	30|Rhabdo-like	Culex	tarsalis	35303.0
IV	COAV	Solemoviridae	single stranded RNA positive sense	Virus	1	0.1344168499229665	CMS002_037a_Rb_S171_L004	Kellev virus	Culex	tarsalis	502177.0
IV	COAV	Tombusviridae	single stranded RNA positive sense	Virus	1 or 2	0.07513864607817715	CMS002_038a_Rb_S172_L004	128|Tombus-like	Culex	tarsalis	137555.0
IV	COAV	Solemoviridae	single stranded RNA positive sense	Virus	1	0.07710018486143758	CMS002_038a_Rb_S172_L004	Kellev virus	Culex	tarsalis	502177.0
IV	COAV	Solemoviridae	single stranded RNA positive sense	Virus	1	0.1149387745406606	CMS002_039a_Rb_S173_L004	Kellev virus	Culex	tarsalis	502177.0
III	COAV	Totiviridae	double stranded RNA	Virus	1	0.0009409712659506105	CMS002_040a_Rb_S174_L004	57|Toti-like	Culex	tarsalis	39756.0
IV	COAV	Solemoviridae	single stranded RNA positive sense	Virus	1	0.13953054714036536	CMS002_040a_Rb_S174_L004	Kellev virus	Culex	tarsalis	502177.0
IV	COAV	Solemoviridae	single stranded RNA positive sense	Virus	1	0.09640390592985718	CMS002_041a_Rb_S176_L004	Kellev virus	Culex	tarsalis	502177.0
IV	COAV	Solemoviridae	single stranded RNA positive sense	Virus	1	0.005105279134586196	CMS002_042a_Rb_S177_L004	Kellev virus	Culex	tarsalis	502177.0
V	WVAL 	Phasmaviridae	single stranded RNA negative sense	Virus	3	0.054027179317202516	CMS002_044d_Rb_S181_L004	70|Phasma-like	Aedes	aegypti	2546221.0
V	WVAL 	Orthomyxoviridae	single stranded RNA negative sense	Virus	8	0.03563142194232682	CMS002_044d_Rb_S181_L004	Ūsinis virus	Aedes	aegypti	1566308.0
V	WVAL 	Phasmaviridae	single stranded RNA negative sense	Virus	3	0.02602934216753431	CMS002_044e_Rb_S182_L004	70|Phasma-like	Aedes	aegypti	2546221.0
IV	WVAL 	Solemoviridae	single stranded RNA positive sense	Virus	1	0.00946521533364884	CMS002_044e_Rb_S182_L004	Kellev virus	Aedes	aegypti	502177.0
V	WVAL 	Orthomyxoviridae	single stranded RNA negative sense	Virus	8	0.02129673450070989	CMS002_044e_Rb_S182_L004	Ūsinis virus	Aedes	aegypti	1566308.0
III	WVAL 	Partitiviridae	double stranded RNA	Virus	2	0.016668531155610247	CMS002_045a_Rb_S183_L004	3110|Partiti-like	Aedes	albopictus	37960.0
V	WVAL 	Phasmaviridae	single stranded RNA negative sense	Virus	3	0.018682179214677255	CMS002_045a_Rb_S183_L004	70|Phasma-like	Aedes	albopictus	2546221.0
V	WVAL 	Orthomyxoviridae	single stranded RNA negative sense	Virus	8	0.025058731401722788	CMS002_045a_Rb_S183_L004	Ūsinis virus	Aedes	albopictus	1566308.0
V	WVAL 	Phasmaviridae	single stranded RNA negative sense	Virus	3	0.03010654091345734	CMS002_045b_Rb_S184_L004	70|Phasma-like	Aedes	albopictus	2546221.0
V	WVAL 	Orthomyxoviridae	single stranded RNA negative sense	Virus	8	0.07062701947428172	CMS002_045b_Rb_S184_L004	Ūsinis virus	Aedes	albopictus	1566308.0
V	WVAL 	Phasmaviridae	single stranded RNA negative sense	Virus	3	0.0061070735512347325	CMS002_045c_Rb_S185_L004	70|Phasma-like	Aedes	albopictus	2546221.0
V	WVAL 	Orthomyxoviridae	single stranded RNA negative sense	Virus	8	0.009341349263726647	CMS002_045c_Rb_S185_L004	Ūsinis virus	Aedes	albopictus	1566308.0
V	WVAL 	Phasmaviridae	single stranded RNA negative sense	Virus	3	0.005899721264336157	CMS002_045d_Rb_S186_L004	70|Phasma-like	Aedes	albopictus	2546221.0
V	WVAL 	Orthomyxoviridae	single stranded RNA negative sense	Virus	8	0.005877686824506704	CMS002_045d_Rb_S186_L004	Ūsinis virus	Aedes	albopictus	1566308.0
V	WVAL 	Phasmaviridae	single stranded RNA negative sense	Virus	3	0.016965895339935297	CMS002_045e_Rb_S188_L004	70|Phasma-like	Aedes	albopictus	2546221.0
V	WVAL 	Orthomyxoviridae	single stranded RNA negative sense	Virus	8	0.003457387696638925	CMS002_045e_Rb_S188_L004	Ūsinis virus	Aedes	albopictus	1566308.0
V	WVAL 	Phasmaviridae	single stranded RNA negative sense	Virus	3	0.021338950453338217	CMS002_045f_Rb_S189_L004	70|Phasma-like	Aedes	albopictus	2546221.0
V	WVAL 	Orthomyxoviridae	single stranded RNA negative sense	Virus	8	0.01923253045150655	CMS002_045f_Rb_S189_L004	Ūsinis virus	Aedes	albopictus	1566308.0
III	WVAL 	Partitiviridae	double stranded RNA	Virus	2	0.0020332642023504536	CMS002_045g_Rb_S190_L004	3110|Partiti-like	Aedes	albopictus	37960.0
V	WVAL 	Phasmaviridae	single stranded RNA negative sense	Virus	3	0.009749501850270424	CMS002_045g_Rb_S190_L004	70|Phasma-like	Aedes	albopictus	2546221.0
IV	WVAL 	Solemoviridae	single stranded RNA positive sense	Virus	1	0.0004879834085641088	CMS002_045g_Rb_S190_L004	Kellev virus	Aedes	albopictus	502177.0
V	WVAL 	Orthomyxoviridae	single stranded RNA negative sense	Virus	8	0.00591679882883982	CMS002_045g_Rb_S190_L004	Ūsinis virus	Aedes	albopictus	1566308.0
V	WVAL 	Rhabdoviridae	single stranded RNA negative sense	Virus	1	0.03943545611015491	CMS002_047a_Rb_S193_L004	4|Rhabdo-like	Culex	erythrothorax	35303.0
V	WVAL 	Phasmaviridae	single stranded RNA negative sense	Virus	3	0.03987287332526643	CMS002_047f_Rb_S198_L004	76|Phasma-like	Culex	erythrothorax	2546221.0
V	WVAL 	Phasmaviridae	single stranded RNA negative sense	Virus	3	0.05773060340660828	CMS002_047h_Rb_S1_L004	76|Phasma-like	Culex	erythrothorax	2546221.0
V	WVAL 	Phasmaviridae	single stranded RNA negative sense	Virus	3	0.0035767372723894465	CMS002_047i_Rb_S2_L004	76|Phasma-like	Culex	erythrothorax	2546221.0
IV	PLCR	Solemoviridae	single stranded RNA positive sense	Virus	1	0.027766665714204074	CMS002_051a_Rb_S6_L004	Kellev virus	Culex	pipiens	502177.0
IV	PLCR	Botourmiaviridae	single stranded RNA positive sense	Virus	3	5.349778227375302e-05	CMS002_053a_Rb_S7_L004	1399|Botourmia-like			2587553.0
IV	PLCR	Botourmiaviridae	single stranded RNA positive sense	Virus	3	7.94361009519363e-05	CMS002_053a_Rb_S7_L004	1438|Botourmia-like			2587553.0
IV	PLCR	Botourmiaviridae	single stranded RNA positive sense	Virus	3	0.00013941846289523512	CMS002_053a_Rb_S7_L004	1479|Botourmia-like			1629669.0
IV	PLCR	Botourmiaviridae	single stranded RNA positive sense	Virus	3	8.267839078670921e-05	CMS002_053a_Rb_S7_L004	3061|Botourmia-like			2587553.0
IV	PLCR	Botourmiaviridae	single stranded RNA positive sense	Virus	3	5.9171789484605606e-05	CMS002_053a_Rb_S7_L004	4269|Botourmia-like			1629669.0
III	PLCR	Totiviridae	double stranded RNA	Virus	1	0.0010650922107229008	CMS002_053a_Rb_S7_L004	42|Toti-like			39756.0
V	PLCR	Rhabdoviridae	single stranded RNA negative sense	Virus	1	0.004895857650507094	CMS002_053a_Rb_S7_L004	4|Rhabdo-like			35303.0
III	PLCR	Totiviridae	double stranded RNA	Virus	1	0.003278765595414105	CMS002_053a_Rb_S7_L004	55|Toti-like			39756.0
V	PLCR	Phasmaviridae	single stranded RNA negative sense	Virus	3	0.000705198039063108	CMS002_053a_Rb_S7_L004	76|Phasma-like			2546221.0
IV	PLCR	Botourmiaviridae	single stranded RNA positive sense	Virus	3	6.646694161284466e-05	CMS002_053a_Rb_S7_L004	9191|Botourmia-like			2587553.0
IV	PLCR	Flaviviridae	single stranded RNA positive sense	Virus	1	0.03744875698223575	CMS002_056a_Rb_S9_L004	1|Flavi-like	Culex	tarsalis	38144.0
	ALCO			Metazoa		0.0016415766597645829	CMS001_003_Ra_S2	Boreoeutheria	Culiseta	particeps	1437010.0
	ALCO			Metazoa		0.0008532475210112202	CMS001_009_Ra_S13	Boreoeutheria	Culiseta	particeps	1437010.0
	ALCO			Metazoa		0.00046909246783077087	CMS001_025_Ra_S7	Boreoeutheria	Culiseta	particeps	1437010.0
	ALCO			Metazoa		0.0001083922716310327	CMS001_008_Ra_S3	Boreoeutheria	Culiseta	particeps	1437010.0
	ALCO			Metazoa		6.218093408199179e-05	CMS001_003_Ra_S2	Larinioides cornutus	Culiseta	particeps	336591.0
	ALCO			Metazoa		0.006622269479732124	CMS001_003_Ra_S2	Laurasiatheria	Culiseta	particeps	314145.0
	ALCO			Metazoa		0.00247495686890858	CMS001_008_Ra_S3	Laurasiatheria	Culiseta	particeps	314145.0
	ALCO			Metazoa		0.00020112262995264477	CMS001_009_Ra_S13	Laurasiatheria	Culiseta	particeps	314145.0
	ALCO			Metazoa		0.001987191646568933	CMS001_008_Ra_S3	Bubalus bubalis	Culiseta	particeps	89462.0
	ALCO			Metazoa		0.0001119256813475852	CMS001_003_Ra_S2	Entelegynae	Culiseta	particeps	74971.0
	ALCO			Metazoa		0.00013679805498038191	CMS001_003_Ra_S2	Bos mutus	Culiseta	particeps	72004.0
	ALCO			Metazoa		0.00010570758793938602	CMS001_003_Ra_S2	Pecora	Culiseta	particeps	35500.0
	ALCO			Metazoa		0.00023484992186723752	CMS001_008_Ra_S3	Bovinae	Culiseta	particeps	27592.0
	ALCO			Metazoa		1.8654280224597532e-05	CMS001_003_Ra_S2	Ovis aries musimon	Culiseta	particeps	9938.0
	ALCO			Metazoa		2.487237363279671e-05	CMS001_003_Ra_S2	Bos taurus	Culiseta	particeps	9913.0
	ALCO			Metazoa		0.002158812743318068	CMS001_008_Ra_S3	Bovidae	Culiseta	particeps	9895.0
	ALCO			Metazoa		0.006417072397261552	CMS001_003_Ra_S2	Bovidae	Culiseta	particeps	9895.0
	ALCO			Metazoa		0.0003047312575040072	CMS001_009_Ra_S13	Bovidae	Culiseta	particeps	9895.0
	ALCO			Metazoa		0.004253175891208238	CMS001_003_Ra_S2	Odocoileinae	Culiseta	particeps	9881.0
	ALCO			Metazoa		0.001228445745151704	CMS001_008_Ra_S3	Odocoileinae	Culiseta	particeps	9881.0
	ALCO			Metazoa		0.00019410722806790517	CMS001_025_Ra_S7	Odocoileinae	Culiseta	particeps	9881.0
	ALCO			Metazoa		0.00011814377475578439	CMS001_003_Ra_S2	Odocoileus virginianus texanus	Culiseta	particeps	9880.0
	ALCO			Metazoa		7.279021052546444e-05	CMS001_025_Ra_S7	Odocoileus hemionus hemionus	Culiseta	particeps	9877.0
	ALCO			Metazoa		0.00019276089565417452	CMS001_003_Ra_S2	Odocoileus	Culiseta	particeps	9871.0
	ALCO			Metazoa		4.875700120064116e-05	CMS001_009_Ra_S13	Cervidae	Culiseta	particeps	9850.0
	ALCO			Metazoa		5.6614608186472345e-05	CMS001_025_Ra_S7	Cervidae	Culiseta	particeps	9850.0
	ALCO			Metazoa		0.00024872373632796714	CMS001_003_Ra_S2	Araneidae	Culiseta	particeps	6913.0
	ALCO			Metazoa		0.00015267092327740853	CMS001_016_Ra_S6	Boreoeutheria	Culiseta	inornata	1437010.0
	ALCO			Metazoa		0.0029334627401159208	CMS001_016_Ra_S6	Laurasiatheria	Culiseta	inornata	314145.0
	ALCO			Metazoa		0.004394741577199688	CMS001_016_Ra_S6	Bilateria	Culiseta	inornata	33213.0
	ALCO			Metazoa		1.6357598922579486e-05	CMS001_016_Ra_S6	Bos taurus	Culiseta	inornata	9913.0
	ALCO			Metazoa		0.0020119846674772767	CMS001_016_Ra_S6	Bovidae	Culiseta	inornata	9895.0
	ALCO			Metazoa		4.362026379354529e-05	CMS001_016_Ra_S6	Odocoileus virginianus texanus	Culiseta	inornata	9880.0
	ALCO			Metazoa		2.1810131896772644e-05	CMS001_016_Ra_S6	Odocoileus hemionus	Culiseta	inornata	9872.0
	ALCO			Metazoa		0.0020446998653224358	CMS001_016_Ra_S6	Odocoileus	Culiseta	inornata	9871.0
	ALCO			Metazoa		7.74263481862878e-05	CMS001_005_Ra_S3	Boreoeutheria	Culiseta	incidens	1437010.0
	ALCO			Metazoa		0.0027486353606132165	CMS001_005_Ra_S3	Homo sapiens	Culiseta	incidens	9606.0
	ALCO			Metazoa		0.00027099221865200726	CMS001_005_Ra_S3	Pan	Culiseta	incidens	9596.0
	PLCR			Metazoa		5.7206388212499345e-05	CMS002_056a_Rb_S9_L004	Acarus	Culex	tarsalis	66545.0
	COAV			Metazoa		0.00010811005603704571	CMS002_042a_Rb_S177_L004	Spiruromorpha	Culex	tarsalis	2072716.0
	COAV			Metazoa		1.5146753104137714e-05	CMS002_031a_Rb_S165_L004	Sus scrofa	Culex	tarsalis	9823.0
	COAV			Metazoa		0.015567848069334584	CMS002_042a_Rb_S177_L004	Loa loa	Culex	tarsalis	7209.0
	COAV			Metazoa		0.012540766500297297	CMS002_042a_Rb_S177_L004	Onchocercidae	Culex	tarsalis	6296.0
	COAV			Metazoa		0.0163246184615939	CMS002_042a_Rb_S177_L004	Filarioidea	Culex	tarsalis	6295.0
	COAV			Metazoa		0.00021622011207409142	CMS002_042a_Rb_S177_L004	Onchocerca volvulus	Culex	tarsalis	6282.0
	ALCO			Metazoa		0.00054590450310559	CMS001_036_Ra_S20	Boreoeutheria	Culex	tarsalis	1437010.0
	ALCO			Metazoa		0.00017770274772873677	CMS001_031_Ra_S19	Boreoeutheria	Culex	tarsalis	1437010.0
	ALCO			Metazoa		0.0001415511648481274	CMS001_028_Ra_S17	Boreoeutheria	Culex	tarsalis	1437010.0
	ALCO			Metazoa		3.1570057904747875e-05	CMS001_046_Ra_S3	Boreoeutheria	Culex	tarsalis	1437010.0
	ALCO			Metazoa		4.735932307740881e-05	CMS001_038_Ra_S22	Boreoeutheria	Culex	tarsalis	1437010.0
	ALCO			Metazoa		0.000203231378924906	CMS001_032_Ra_S7	Onchocercidae sp. MI1 GLH-2012	Culex	tarsalis	1237907.0
	ALCO			Metazoa		0.0066194273528954435	CMS001_031_Ra_S19	Caniformia	Culex	tarsalis	379584.0
	ALCO			Metazoa		0.004069595989383663	CMS001_028_Ra_S17	Caniformia	Culex	tarsalis	379584.0
	ALCO			Metazoa		0.007561705251359608	CMS001_038_Ra_S22	Laurasiatheria	Culex	tarsalis	314145.0
	ALCO			Metazoa		0.000792572463768116	CMS001_036_Ra_S20	Laurasiatheria	Culex	tarsalis	314145.0
	ALCO			Metazoa		0.0004472424869839282	CMS001_046_Ra_S3	Laurasiatheria	Culex	tarsalis	314145.0
	ALCO			Metazoa		3.331926519913814e-05	CMS001_031_Ra_S19	Laurasiatheria	Culex	tarsalis	314145.0
	ALCO			Metazoa		0.00023683299630176168	CMS001_027_Ra_S16	Passeroidea	Culex	tarsalis	175121.0
	ALCO			Metazoa		0.00024133726247332587	CMS001_032_Ra_S7	Passeroidea	Culex	tarsalis	175121.0
	ALCO			Metazoa		0.005237393099380714	CMS001_028_Ra_S17	Ursus arctos horribilis	Culex	tarsalis	116960.0
	ALCO			Metazoa		0.0007973346242560583	CMS001_043_Ra_S24	Pipridae	Culex	tarsalis	114313.0
	ALCO			Metazoa		1.6174948240165633e-05	CMS001_036_Ra_S20	Ovis canadensis canadensis	Culex	tarsalis	112262.0
	ALCO			Metazoa		3.2349896480331265e-05	CMS001_036_Ra_S20	Cetartiodactyla	Culex	tarsalis	91561.0
	ALCO			Metazoa		3.157288205160588e-05	CMS001_038_Ra_S22	Cetartiodactyla	Culex	tarsalis	91561.0
	ALCO			Metazoa		6.350980591403313e-05	CMS001_032_Ra_S7	Corvus brachyrhynchos	Culex	tarsalis	85066.0
	ALCO			Metazoa		7.287169116977282e-05	CMS001_027_Ra_S16	Geospiza fortis	Culex	tarsalis	48883.0
	ALCO			Metazoa		0.002349862818819225	CMS001_032_Ra_S7	Zonotrichia albicollis	Culex	tarsalis	44394.0
	ALCO			Metazoa		0.0005842902144091047	CMS001_032_Ra_S7	Aphelocoma	Culex	tarsalis	39616.0
	ALCO			Metazoa		0.0005101018381884097	CMS001_027_Ra_S16	Aphelocoma	Culex	tarsalis	39616.0
	ALCO			Metazoa		0.00039866731212802916	CMS001_043_Ra_S24	Aphelocoma	Culex	tarsalis	39616.0
	ALCO			Metazoa		0.00010109342650103522	CMS001_036_Ra_S20	Pecora	Culex	tarsalis	35500.0
	ALCO			Metazoa		0.0002713063992922442	CMS001_028_Ra_S17	Carnivora	Culex	tarsalis	33554.0
	ALCO			Metazoa		0.0069479727669952245	CMS001_032_Ra_S7	Sauria	Culex	tarsalis	32561.0
	ALCO			Metazoa		0.0051399607027935185	CMS001_043_Ra_S24	Sauria	Culex	tarsalis	32561.0
	ALCO			Metazoa		0.02954947076934288	CMS001_027_Ra_S16	Haemorhous mexicanus	Culex	tarsalis	30427.0
	ALCO			Metazoa		1.0523352634915958e-05	CMS001_046_Ra_S3	Bos taurus	Culex	tarsalis	9913.0
	ALCO			Metazoa		1.2131211180124223e-05	CMS001_036_Ra_S20	Bos	Culex	tarsalis	9903.0
	ALCO			Metazoa		0.00171793731765003	CMS001_046_Ra_S3	Bovidae	Culex	tarsalis	9895.0
	ALCO			Metazoa		0.0037256000820894935	CMS001_038_Ra_S22	Bovidae	Culex	tarsalis	9895.0
	ALCO			Metazoa		0.0004973796583850931	CMS001_036_Ra_S20	Bovidae	Culex	tarsalis	9895.0
	ALCO			Metazoa		1.6174948240165633e-05	CMS001_036_Ra_S20	Muntiacus	Culex	tarsalis	9885.0
	ALCO			Metazoa		0.006445716873706003	CMS001_036_Ra_S20	Odocoileinae	Culex	tarsalis	9881.0
	ALCO			Metazoa		0.004025542461579749	CMS001_038_Ra_S22	Odocoileinae	Culex	tarsalis	9881.0
	ALCO			Metazoa		0.0004051490764442644	CMS001_046_Ra_S3	Odocoileinae	Culex	tarsalis	9881.0
	ALCO			Metazoa		1.2131211180124223e-05	CMS001_036_Ra_S20	Odocoileus hemionus	Culex	tarsalis	9872.0
	ALCO			Metazoa		1.2131211180124223e-05	CMS001_036_Ra_S20	Cervidae	Culex	tarsalis	9850.0
	ALCO			Metazoa		0.00023343985703821167	CMS001_042_Ra_S23	Felis catus	Culex	tarsalis	9685.0
	ALCO			Metazoa		0.0011752489354337555	CMS001_042_Ra_S23	Felis	Culex	tarsalis	9682.0
	ALCO			Metazoa		0.002787711854994558	CMS001_031_Ra_S19	Procyon lotor	Culex	tarsalis	9654.0
	ALCO			Metazoa		0.0006959598938366264	CMS001_028_Ra_S17	Procyon lotor	Culex	tarsalis	9654.0
	ALCO			Metazoa		0.00376507696750261	CMS001_031_Ra_S19	Macaca mulatta	Culex	tarsalis	9544.0
	ALCO			Metazoa		0.00011795930404010616	CMS001_028_Ra_S17	Eutheria	Culex	tarsalis	9347.0
	ALCO			Metazoa		4.4425686932184186e-05	CMS001_031_Ra_S19	Eutheria	Culex	tarsalis	9347.0
	ALCO			Metazoa		0.004940627046729505	CMS001_043_Ra_S24	Sturnus vulgaris	Culex	tarsalis	9172.0
	ALCO			Metazoa		7.287169116977282e-05	CMS001_027_Ra_S16	Parus major	Culex	tarsalis	9157.0
	ALCO			Metazoa		0.011003625366635692	CMS001_027_Ra_S16	Serinus canaria	Culex	tarsalis	9135.0
	ALCO			Metazoa		0.02152982420485719	CMS001_032_Ra_S7	Passeriformes	Culex	tarsalis	9126.0
	ALCO			Metazoa		0.003935071323167733	CMS001_027_Ra_S16	Passeriformes	Culex	tarsalis	9126.0
	ALCO			Metazoa		2.4417490248264832e-05	CMS001_033_Ra_S8	Gallus gallus	Culex	tarsalis	9031.0
	ALCO			Metazoa		0.03705162077024693	CMS001_032_Ra_S7	Columbidae	Culex	tarsalis	8930.0
	ALCO			Metazoa		0.13610610118234318	CMS001_027_Ra_S16	Neognathae	Culex	tarsalis	8825.0
	ALCO			Metazoa		0.03849964434508689	CMS001_032_Ra_S7	Neognathae	Culex	tarsalis	8825.0
	ALCO			Metazoa		0.03365891163823789	CMS001_043_Ra_S24	Neognathae	Culex	tarsalis	8825.0
	ALCO			Metazoa		9.96668280320073e-05	CMS001_043_Ra_S24	Aves	Culex	tarsalis	8782.0
	ALCO			Metazoa		0.00021593334010771263	CMS001_032_Ra_S7	Aves	Culex	tarsalis	8782.0
	ALCO			Metazoa		0.000101615689462453	CMS001_032_Ra_S7	Loa loa	Culex	tarsalis	7209.0
	ALCO			Metazoa		5.08078447312265e-05	CMS001_032_Ra_S7	Nematoda	Culex	tarsalis	6231.0
	ALCO			Metazoa		0.03889781117743906	CMS001_041_Ra_S10	Boreoeutheria	Culex	pipiens	1437010.0
	ALCO			Metazoa		8.903728436282693e-05	CMS001_004_Ra_S2	Boreoeutheria	Culex	pipiens	1437010.0
	ALCO			Metazoa		0.00022625571924179193	CMS001_029_Ra_S18	Onchocercidae sp. MI1 GLH-2012	Culex	pipiens	1237907.0
	ALCO			Metazoa		0.0027761593035610242	CMS001_059_Ra_S10	Pipra filicauda	Culex	pipiens	649802.0
	ALCO			Metazoa		0.009148580968280468	CMS001_004_Ra_S2	Caniformia	Culex	pipiens	379584.0
	ALCO			Metazoa		0.0012859169918410785	CMS001_030_Ra_S7	Caniformia	Culex	pipiens	379584.0
	ALCO			Metazoa		8.080563215256103e-05	CMS001_041_Ra_S10	Sciurini	Culex	pipiens	337752.0
	ALCO			Metazoa		0.00010055809744079642	CMS001_029_Ra_S18	Lonchura striata domestica	Culex	pipiens	299123.0
	ALCO			Metazoa		0.0003251744117299279	CMS001_030_Ra_S7	Canis lupus dingo	Culex	pipiens	286419.0
	ALCO			Metazoa		0.0001256976218009955	CMS001_029_Ra_S18	Passeroidea	Culex	pipiens	175121.0
	ALCO			Metazoa		0.00763494713411241	CMS001_004_Ra_S2	Ursus arctos horribilis	Culex	pipiens	116960.0
	ALCO			Metazoa		4.5698095531868706e-05	CMS001_059_Ra_S10	Corvus brachyrhynchos	Culex	pipiens	85066.0
	ALCO			Metazoa		0.00010055809744079642	CMS001_029_Ra_S18	Taeniopygia guttata	Culex	pipiens	59729.0
	ALCO			Metazoa		0.00036362534468652467	CMS001_041_Ra_S10	Sciuridae	Culex	pipiens	55153.0
	ALCO			Metazoa		0.014782040323797072	CMS001_029_Ra_S18	Zonotrichia albicollis	Culex	pipiens	44394.0
	ALCO			Metazoa		0.0006397733374461619	CMS001_059_Ra_S10	Zonotrichia albicollis	Culex	pipiens	44394.0
	ALCO			Metazoa		0.007288846237333059	CMS001_059_Ra_S10	Zonotrichia leucophrys	Culex	pipiens	44393.0
	ALCO			Metazoa		0.0010504727127207244	CMS001_054_Ra_S11	Zonotrichia leucophrys	Culex	pipiens	44393.0
	ALCO			Metazoa		0.0003001350607773498	CMS001_054_Ra_S11	Zonotrichia	Culex	pipiens	44387.0
	ALCO			Metazoa		0.008592097941012799	CMS001_004_Ra_S2	Carnivora	Culex	pipiens	33554.0
	ALCO			Metazoa		0.0035473572188719407	CMS001_030_Ra_S7	Carnivora	Culex	pipiens	33554.0
	ALCO			Metazoa		0.0005256079274042698	CMS001_040_Ra_S21	Haemorhous mexicanus	Culex	pipiens	30427.0
	ALCO			Metazoa		0.008747913188647746	CMS001_004_Ra_S2	Procyon lotor	Culex	pipiens	9654.0
	ALCO			Metazoa		0.003148279531748847	CMS001_030_Ra_S7	Procyon lotor	Culex	pipiens	9654.0
	ALCO			Metazoa		0.00017807456872565385	CMS001_004_Ra_S2	Eutheria	Culex	pipiens	9347.0
	ALCO			Metazoa		5.912262031453234e-05	CMS001_030_Ra_S7	Eutheria	Culex	pipiens	9347.0
	ALCO			Metazoa		0.04554024837850066	CMS001_029_Ra_S18	Passeriformes	Culex	pipiens	9126.0
	ALCO			Metazoa		0.00020564142989340918	CMS001_059_Ra_S10	Passeriformes	Culex	pipiens	9126.0
	ALCO			Metazoa		0.044748353361154396	CMS001_029_Ra_S18	Neognathae	Culex	pipiens	8825.0
	ALCO			Metazoa		0.01682832367961065	CMS001_059_Ra_S10	Neognathae	Culex	pipiens	8825.0
	ALCO			Metazoa		0.023316908844084668	CMS001_029_Ra_S18	Aves	Culex	pipiens	8782.0
	ALCO			Metazoa		7.541857308059732e-05	CMS001_029_Ra_S18	Archosauria	Culex	pipiens	8492.0
	ALCO			Metazoa		0.0041454005223683895	CMS001_053_Ra_S8	unclassified Mimetus	Culex	erythrothorax	2637918.0
	ALCO			Metazoa		0.03907594702627348	CMS001_011_Ra_S4	Boreoeutheria	Culex	erythrothorax	1437010.0
	ALCO			Metazoa		0.009150651027081232	CMS001_020_Ra_S15	Boreoeutheria	Culex	erythrothorax	1437010.0
	ALCO			Metazoa		0.030677381370462956	CMS001_058_Ra_S9	Boreoeutheria	Culex	erythrothorax	1437010.0
	ALCO			Metazoa		0.015937337846853302	CMS001_013_Ra_S5	Boreoeutheria	Culex	erythrothorax	1437010.0
	ALCO			Metazoa		0.00792493650644342	CMS001_048_Ra_S5	Boreoeutheria	Culex	erythrothorax	1437010.0
	ALCO			Metazoa		0.0014842779471790652	CMS001_019_Ra_S14	Boreoeutheria	Culex	erythrothorax	1437010.0
	ALCO			Metazoa		0.00042380722143628863	CMS001_057_Ra_S11	Boreoeutheria	Culex	erythrothorax	1437010.0
	ALCO			Metazoa		0.0013648444795632498	CMS001_052_Ra_S7	Boreoeutheria	Culex	erythrothorax	1437010.0
	ALCO			Metazoa		0.0002699905503307384	CMS001_022_Ra_S6	Boreoeutheria	Culex	erythrothorax	1437010.0
	ALCO			Metazoa		0.00028474452721018704	CMS001_017_Ra_S6	Boreoeutheria	Culex	erythrothorax	1437010.0
	ALCO			Metazoa		0.0005439709882139619	CMS001_056_Ra_S10	Boreoeutheria	Culex	erythrothorax	1437010.0
	ALCO			Metazoa		3.789738965938142e-05	CMS001_001_Ra_S1	Boreoeutheria	Culex	erythrothorax	1437010.0
	ALCO			Metazoa		9.584741092181248e-05	CMS001_053_Ra_S8	Boreoeutheria	Culex	erythrothorax	1437010.0
	ALCO			Metazoa		6.197450781911707e-05	CMS001_058_Ra_S9	Mecaphesa asperata	Culex	erythrothorax	637355.0
	ALCO			Metazoa		0.0015335585747489997	CMS001_053_Ra_S8	Mimetus sp. TAB-2009	Culex	erythrothorax	593455.0
	ALCO			Metazoa		0.0004678702224803575	CMS001_019_Ra_S14	Caniformia	Culex	erythrothorax	379584.0
	ALCO			Metazoa		0.0013086957140215367	CMS001_011_Ra_S4	Neotominae	Culex	erythrothorax	337963.0
	ALCO			Metazoa		0.0021337430119916356	CMS001_011_Ra_S4	Muroidea	Culex	erythrothorax	337687.0
	ALCO			Metazoa		8.26326770921561e-05	CMS001_058_Ra_S9	Muroidea	Culex	erythrothorax	337687.0
	ALCO			Metazoa		8.534972047966543e-05	CMS001_011_Ra_S4	Cricetidae	Culex	erythrothorax	337677.0
	ALCO			Metazoa		0.0011741307837922028	CMS001_053_Ra_S8	Mimetidae	Culex	erythrothorax	336669.0
	ALCO			Metazoa		0.004660551166423461	CMS001_022_Ra_S6	Euarchontoglires	Culex	erythrothorax	314146.0
	ALCO			Metazoa		0.0026338067914589407	CMS001_048_Ra_S5	Euarchontoglires	Culex	erythrothorax	314146.0
	ALCO			Metazoa		0.0002841540856415705	CMS001_013_Ra_S5	Euarchontoglires	Culex	erythrothorax	314146.0
	ALCO			Metazoa		0.005116402034119715	CMS001_045_Ra_S2	Laurasiatheria	Culex	erythrothorax	314145.0
	ALCO			Metazoa		0.0037220125867023224	CMS001_022_Ra_S6	Laurasiatheria	Culex	erythrothorax	314145.0
	ALCO			Metazoa		0.0066897970207549905	CMS001_015_Ra_S13	Laurasiatheria	Culex	erythrothorax	314145.0
	ALCO			Metazoa		0.006632665277877547	CMS001_052_Ra_S7	Laurasiatheria	Culex	erythrothorax	314145.0
	ALCO			Metazoa		0.0015400318750783447	CMS001_057_Ra_S11	Laurasiatheria	Culex	erythrothorax	314145.0
	ALCO			Metazoa		0.007255228576716639	CMS001_010_Ra_S1	Laurasiatheria	Culex	erythrothorax	314145.0
	ALCO			Metazoa		0.0031150408549589057	CMS001_053_Ra_S8	Laurasiatheria	Culex	erythrothorax	314145.0
	ALCO			Metazoa		0.00029082279585403024	CMS001_035_Ra_S20	Laurasiatheria	Culex	erythrothorax	314145.0
	ALCO			Metazoa		0.00013579897961278343	CMS001_001_Ra_S1	Laurasiatheria	Culex	erythrothorax	314145.0
	ALCO			Metazoa		0.0009766461628086288	CMS001_018_Ra_S14	Laurasiatheria	Culex	erythrothorax	314145.0
	ALCO			Metazoa		0.01195755724187773	CMS001_037_Ra_S21	Porzana carolina	Culex	erythrothorax	261200.0
	ALCO			Metazoa		0.004936058834407318	CMS001_011_Ra_S4	Peromyscus maniculatus bairdii	Culex	erythrothorax	230844.0
	ALCO			Metazoa		0.0008536206820096671	CMS001_050_Ra_S23	Egretta garzetta	Culex	erythrothorax	188379.0
	ALCO			Metazoa		6.076872436319441e-05	CMS001_047_Ra_S4	Pipridae	Culex	erythrothorax	114313.0
	ALCO			Metazoa		9.015506671474937e-05	CMS001_035_Ra_S20	Cetartiodactyla	Culex	erythrothorax	91561.0
	ALCO			Metazoa		0.0022723986200342923	CMS001_058_Ra_S9	Microtus ochrogaster	Culex	erythrothorax	79684.0
	ALCO			Metazoa		0.0003115040854958905	CMS001_053_Ra_S8	Entelegynae	Culex	erythrothorax	74971.0
	ALCO			Metazoa		0.00018230617308958322	CMS001_047_Ra_S4	Troglodytinae	Culex	erythrothorax	69501.0
	ALCO			Metazoa		0.001442874440586111	CMS001_020_Ra_S15	Lepus californicus	Culex	erythrothorax	48087.0
	ALCO			Metazoa		0.003684262934038891	CMS001_011_Ra_S4	Murinae	Culex	erythrothorax	39107.0
	ALCO			Metazoa		0.002122118259863027	CMS001_049_Ra_S6	Murinae	Culex	erythrothorax	39107.0
	ALCO			Metazoa		0.001787226037061424	CMS001_048_Ra_S5	Murinae	Culex	erythrothorax	39107.0
	ALCO			Metazoa		0.0016939698803892	CMS001_058_Ra_S9	Arvicolinae	Culex	erythrothorax	39087.0
	ALCO			Metazoa		0.0005808044141135473	CMS001_019_Ra_S14	Carnivora	Culex	erythrothorax	33554.0
	ALCO			Metazoa		0.003898251262004095	CMS001_037_Ra_S21	Sauria	Culex	erythrothorax	32561.0
	ALCO			Metazoa		0.030334713153814422	CMS001_011_Ra_S4	Amniota	Culex	erythrothorax	32524.0
	ALCO			Metazoa		0.025667137522858426	CMS001_037_Ra_S21	Amniota	Culex	erythrothorax	32524.0
	ALCO			Metazoa		0.004768846828593314	CMS001_013_Ra_S5	Amniota	Culex	erythrothorax	32524.0
	ALCO			Metazoa		0.0009595120196014598	CMS001_018_Ra_S14	Bos indicus x Bos taurus	Culex	erythrothorax	30522.0
	ALCO			Metazoa		0.05039507101871884	CMS001_048_Ra_S5	Rattus norvegicus	Culex	erythrothorax	10116.0
	ALCO			Metazoa		0.024340053374489565	CMS001_049_Ra_S6	Rattus norvegicus	Culex	erythrothorax	10116.0
	ALCO			Metazoa		0.0004054111722784108	CMS001_011_Ra_S4	Mus musculus	Culex	erythrothorax	10090.0
	ALCO			Metazoa		0.0006694297312146283	CMS001_020_Ra_S15	Oryctolagus cuniculus	Culex	erythrothorax	9986.0
	ALCO			Metazoa		0.00032121766202960144	CMS001_013_Ra_S5	Oryctolagus cuniculus	Culex	erythrothorax	9986.0
	ALCO			Metazoa		0.0006794989004472339	CMS001_013_Ra_S5	Leporidae	Culex	erythrothorax	9979.0
	ALCO			Metazoa		0.003210888265880718	CMS001_053_Ra_S8	Ovis aries	Culex	erythrothorax	9940.0
	ALCO			Metazoa		0.00011571023585603075	CMS001_022_Ra_S6	Bos taurus	Culex	erythrothorax	9913.0
	ALCO			Metazoa		4.775292635901844e-05	CMS001_057_Ra_S11	Bos taurus	Culex	erythrothorax	9913.0
	ALCO			Metazoa		0.00012465460287121102	CMS001_015_Ra_S13	Bos taurus	Culex	erythrothorax	9913.0
	ALCO			Metazoa		6.316231609896903e-06	CMS001_001_Ra_S1	Bos taurus	Culex	erythrothorax	9913.0
	ALCO			Metazoa		0.0004242708648054461	CMS001_022_Ra_S6	Bos	Culex	erythrothorax	9903.0
	ALCO			Metazoa		0.006237726005646784	CMS001_057_Ra_S11	Bovidae	Culex	erythrothorax	9895.0
	ALCO			Metazoa		0.004654122819987015	CMS001_022_Ra_S6	Bovidae	Culex	erythrothorax	9895.0
	ALCO			Metazoa		0.0011337635739764942	CMS001_001_Ra_S1	Bovidae	Culex	erythrothorax	9895.0
	ALCO			Metazoa		0.002892555557283486	CMS001_045_Ra_S2	Bovidae	Culex	erythrothorax	9895.0
	ALCO			Metazoa		0.007422838397624692	CMS001_052_Ra_S7	Bovidae	Culex	erythrothorax	9895.0
	ALCO			Metazoa		0.0038642926890075416	CMS001_015_Ra_S13	Bovidae	Culex	erythrothorax	9895.0
	ALCO			Metazoa		0.005774569683509162	CMS001_010_Ra_S1	Bovidae	Culex	erythrothorax	9895.0
	ALCO			Metazoa		0.0023645117625893117	CMS001_018_Ra_S14	Bovidae	Culex	erythrothorax	9895.0
	ALCO			Metazoa		0.0025159945366975776	CMS001_053_Ra_S8	Bovidae	Culex	erythrothorax	9895.0
	ALCO			Metazoa		9.015506671474937e-05	CMS001_035_Ra_S20	Bovidae	Culex	erythrothorax	9895.0
	ALCO			Metazoa		0.0009600672047043292	CMS001_001_Ra_S1	Odocoileinae	Culex	erythrothorax	9881.0
	ALCO			Metazoa		0.003194888178913738	CMS001_022_Ra_S6	Odocoileinae	Culex	erythrothorax	9881.0
	ALCO			Metazoa		0.001957869980719756	CMS001_057_Ra_S11	Odocoileinae	Culex	erythrothorax	9881.0
	ALCO			Metazoa		0.004980485118406245	CMS001_052_Ra_S7	Odocoileinae	Culex	erythrothorax	9881.0
	ALCO			Metazoa		0.0011974557952195075	CMS001_045_Ra_S2	Odocoileinae	Culex	erythrothorax	9881.0
	ALCO			Metazoa		0.0035942779095679677	CMS001_053_Ra_S8	Odocoileinae	Culex	erythrothorax	9881.0
	ALCO			Metazoa		0.0025761951260050275	CMS001_015_Ra_S13	Odocoileinae	Culex	erythrothorax	9881.0
	ALCO			Metazoa		0.001610609461473879	CMS001_018_Ra_S14	Odocoileinae	Culex	erythrothorax	9881.0
	ALCO			Metazoa		0.0026651860077734593	CMS001_010_Ra_S1	Odocoileinae	Culex	erythrothorax	9881.0
	ALCO			Metazoa		3.214173218223076e-05	CMS001_022_Ra_S6	Odocoileus virginianus texanus	Culex	erythrothorax	9880.0
	ALCO			Metazoa		6.316231609896903e-06	CMS001_001_Ra_S1	Odocoileus virginianus texanus	Culex	erythrothorax	9880.0
	ALCO			Metazoa		0.0002220988339811216	CMS001_010_Ra_S1	Odocoileus hemionus hemionus	Culex	erythrothorax	9877.0
	ALCO			Metazoa		8.842724253855665e-05	CMS001_001_Ra_S1	Odocoileus hemionus	Culex	erythrothorax	9872.0
	ALCO			Metazoa		2.571338574578461e-05	CMS001_022_Ra_S6	Odocoileus hemionus	Culex	erythrothorax	9872.0
	ALCO			Metazoa		6.979747100496726e-05	CMS001_035_Ra_S20	Odocoileus	Culex	erythrothorax	9871.0
	ALCO			Metazoa		4.737173707422678e-06	CMS001_001_Ra_S1	Cervidae	Culex	erythrothorax	9850.0
	ALCO			Metazoa		0.001000274268751109	CMS001_019_Ra_S14	Felis catus	Culex	erythrothorax	9685.0
	ALCO			Metazoa		0.0028717551586725392	CMS001_019_Ra_S14	Felis	Culex	erythrothorax	9682.0
	ALCO			Metazoa		0.004601772429195294	CMS001_011_Ra_S4	Eutheria	Culex	erythrothorax	9347.0
	ALCO			Metazoa		0.002398645470792964	CMS001_048_Ra_S5	Eutheria	Culex	erythrothorax	9347.0
	ALCO			Metazoa		0.0006684559679951386	CMS001_047_Ra_S4	Passeriformes	Culex	erythrothorax	9126.0
	ALCO			Metazoa		0.024766085761163584	CMS001_050_Ra_S23	Columbidae	Culex	erythrothorax	8930.0
	ALCO			Metazoa		0.004866746485743426	CMS001_050_Ra_S23	Nycticorax nycticorax	Culex	erythrothorax	8901.0
	ALCO			Metazoa		0.01272650356060072	CMS001_023_Ra_S17	Anas platyrhynchos	Culex	erythrothorax	8839.0
	ALCO			Metazoa		0.0009694704928435451	CMS001_023_Ra_S17	Anatidae	Culex	erythrothorax	8830.0
	ALCO			Metazoa		0.029083582449109205	CMS001_037_Ra_S21	Neognathae	Culex	erythrothorax	8825.0
	ALCO			Metazoa		0.020575584231297947	CMS001_050_Ra_S23	Neognathae	Culex	erythrothorax	8825.0
	ALCO			Metazoa		0.004182913860333215	CMS001_047_Ra_S4	Neognathae	Culex	erythrothorax	8825.0
	ALCO			Metazoa		0.007205888874107578	CMS001_050_Ra_S23	Aves	Culex	erythrothorax	8782.0
	ALCO			Metazoa		0.0002628034558654446	CMS001_037_Ra_S21	Aves	Culex	erythrothorax	8782.0
	ALCO			Metazoa		7.0506944934076e-05	CMS001_023_Ra_S17	Aves	Culex	erythrothorax	8782.0
	ALCO			Metazoa		0.003493836445781526	CMS001_020_Ra_S15	Gnathostomata	Culex	erythrothorax	7776.0
	ALCO			Metazoa		0.0025732476845501074	CMS001_012_Ra_S4	Boreoeutheria	Aedes	dorsalis	1437010.0
	ALCO			Metazoa		0.009555074122777972	CMS001_012_Ra_S4	Laurasiatheria	Aedes	dorsalis	314145.0
	ALCO			Metazoa		9.460469428493043e-05	CMS001_012_Ra_S4	Pecora	Aedes	dorsalis	35500.0
	ALCO			Metazoa		0.00033111642999725645	CMS001_012_Ra_S4	Bilateria	Aedes	dorsalis	33213.0
	ALCO			Metazoa		2.8381408285479127e-05	CMS001_012_Ra_S4	Amniota	Aedes	dorsalis	32524.0
	ALCO			Metazoa		9.460469428493041e-05	CMS001_012_Ra_S4	Bos taurus	Aedes	dorsalis	9913.0
	ALCO			Metazoa		0.00923341816220921	CMS001_012_Ra_S4	Bovidae	Aedes	dorsalis	9895.0
	ALCO			Metazoa		0.010132162757916048	CMS001_012_Ra_S4	Odocoileinae	Aedes	dorsalis	9881.0
	ALCO			Metazoa		0.00016082798028438171	CMS001_012_Ra_S4	Odocoileus virginianus texanus	Aedes	dorsalis	9880.0
	ALCO			Metazoa		0.00010406516371342346	CMS001_012_Ra_S4	Odocoileus hemionus	Aedes	dorsalis	9872.0
	ALCO			Metazoa		2.8381408285479127e-05	CMS001_012_Ra_S4	Odocoileus	Aedes	dorsalis	9871.0
	WVAL 			Metazoa		0.0003341687552213868	CMS002_026d_Rb_S149_L004	Trachelas tranquillus	Aedes	albopictus	1479691.0
	WVAL 			Metazoa		4.2057008274716376e-05	CMS002_045c_Rb_S185_L004	Laurasiatheria	Aedes	albopictus	314145.0
	WVAL 			Metazoa		0.0001670843776106934	CMS002_026d_Rb_S149_L004	Araneomorphae	Aedes	albopictus	6905.0
	WVAL 			Metazoa		0.002294893861158921	CMS002_025c_Rb_S142_L004	Mus musculus	Aedes	aegypti	10090.0
	SAND	Other eukaryotes		Other Eukaryotes		2.350835302157899e-05	CMS002_021a_Rb_S136_L004	Melampsora sp. Mel P	Culiseta	particeps	1495666.0
	SAND	Other eukaryotes		Other Eukaryotes		1.1754176510789495e-05	CMS002_021a_Rb_S136_L004	Melampsora sp. SAL 135	Culiseta	particeps	437599.0
	SAND	Other eukaryotes		Other Eukaryotes		1.3560670439546532e-05	CMS002_020c_Rb_S133_L004	Trematosphaeria heterospora	Culiseta	particeps	147495.0
	SAND	Other eukaryotes		Other Eukaryotes		1.3560670439546532e-05	CMS002_020c_Rb_S133_L004	Pleosporales	Culiseta	particeps	92860.0
	SAND	Other eukaryotes		Other Eukaryotes		6.318716036901302e-05	CMS002_020b_Rb_S132_L004	Xylariaceae	Culiseta	particeps	37990.0
	SAND	Other eukaryotes		Other Eukaryotes		1.1754176510789495e-05	CMS002_021a_Rb_S136_L004	Xylariaceae	Culiseta	particeps	37990.0
	SAND	Other eukaryotes		Other Eukaryotes		2.17012319065979e-05	CMS002_020e_Rb_S135_L004	Pleurotus ostreatus	Culiseta	particeps	5322.0
	SAND	Other eukaryotes		Other Eukaryotes		1.5112512656729351e-05	CMS002_021a_Rb_S136_L004	Pucciniales	Culiseta	particeps	5258.0
	SAND	Other eukaryotes		Other Eukaryotes		4.643905338633577e-05	CMS002_020d_Rb_S134_L004	Pseudomicrostroma juglandis	Culiseta	particeps	5033.0
	SAND	Other eukaryotes		Other Eukaryotes		3.190419338642863e-05	CMS002_021a_Rb_S136_L004	Fungi	Culiseta	particeps	4751.0
	SAND	Other eukaryotes		Other Eukaryotes		8.39584036484964e-06	CMS002_021a_Rb_S136_L004	Salicaceae	Culiseta	particeps	3688.0
	SAND	Other eukaryotes		Other Eukaryotes		2.17012319065979e-05	CMS002_020e_Rb_S135_L004	Cannabaceae	Culiseta	particeps	3481.0
	SAND	Other eukaryotes		Other Eukaryotes		0.0007632044886772471	CMS002_020a_Rb_S131_L004	Eukaryota	Culiseta	particeps	2759.0
	ALCO	Other eukaryotes		Other Eukaryotes		0.016595664283668234	CMS001_009_Ra_S13	Lachancea thermotolerans CBS 6340	Culiseta	particeps	559295.0
	ALCO	Other eukaryotes		Other Eukaryotes		0.006058057399179664	CMS001_009_Ra_S13	Lachancea thermotolerans	Culiseta	particeps	381046.0
	ALCO	Other eukaryotes		Other Eukaryotes		0.00014452302884137693	CMS001_008_Ra_S3	Lachancea thermotolerans	Culiseta	particeps	381046.0
	ALCO	Other eukaryotes		Other Eukaryotes		7.313550180096173e-05	CMS001_009_Ra_S13	Lachancea	Culiseta	particeps	300275.0
	ALCO	Other eukaryotes		Other Eukaryotes		0.00013749261988143282	CMS001_025_Ra_S7	Microbotryomycetes	Culiseta	particeps	162481.0
	ALCO	Other eukaryotes		Other Eukaryotes		3.194862660841367e-05	CMS001_014_Ra_S5	Microbotryomycetes	Culiseta	particeps	162481.0
	ALCO	Other eukaryotes		Other Eukaryotes		0.0016089810396211581	CMS001_009_Ra_S13	Salix interior	Culiseta	particeps	75712.0
	ALCO	Other eukaryotes		Other Eukaryotes		8.532475210112202e-05	CMS001_009_Ra_S13	Hanseniaspora vineae	Culiseta	particeps	56409.0
	ALCO	Other eukaryotes		Other Eukaryotes		4.875700120064116e-05	CMS001_009_Ra_S13	Hanseniaspora osmophila	Culiseta	particeps	56408.0
	ALCO	Other eukaryotes		Other Eukaryotes		0.0021148349270778103	CMS001_009_Ra_S13	Saccharomycetaceae	Culiseta	particeps	4893.0
	ALCO	Other eukaryotes		Other Eukaryotes		0.00295359436889461	CMS001_003_Ra_S2	Eukaryota	Culiseta	particeps	2759.0
	ALCO	Other eukaryotes		Other Eukaryotes		0.002465924179605994	CMS001_008_Ra_S3	Eukaryota	Culiseta	particeps	2759.0
	ALCO	Other eukaryotes		Other Eukaryotes		0.002894946946288069	CMS001_009_Ra_S13	Eukaryota	Culiseta	particeps	2759.0
	ALCO	Other eukaryotes		Other Eukaryotes		0.0030697760644707505	CMS001_016_Ra_S6	Eukaryota	Culiseta	inornata	2759.0
	ALCO	Other eukaryotes		Other Eukaryotes		0.00012097866904107469	CMS001_005_Ra_S3	Ostreococcus lucimarinus CCE9901	Culiseta	incidens	436017.0
	ALCO	Other eukaryotes		Other Eukaryotes		0.0023373078858735627	CMS001_005_Ra_S3	Eukaryota	Culiseta	incidens	2759.0
	WVAL 	Other eukaryotes		Other Eukaryotes		0.0001451948357728682	CMS002_029a_Rb_S159_L004	unclassified Melampsora	Culex	tarsalis	2629660.0
	WVAL 	Other eukaryotes		Other Eukaryotes		2.020882452004042e-05	CMS002_029b_Rb_S160_L004	unclassified Melampsora	Culex	tarsalis	2629660.0
	WVAL 	Other eukaryotes		Other Eukaryotes		2.020882452004042e-05	CMS002_029b_Rb_S160_L004	Wickerhamiella sp.	Culex	tarsalis	1869267.0
	WVAL 	Other eukaryotes		Other Eukaryotes		5.0396734291617904e-05	CMS002_029e_Rb_S164_L004	Cenchrinae	Culex	tarsalis	1293361.0
	WVAL 	Other eukaryotes		Other Eukaryotes		4.041764904008084e-05	CMS002_029b_Rb_S160_L004	Sordariomycetidae	Culex	tarsalis	222544.0
	WVAL 	Amblyosporidae		Other Eukaryotes		0.023908569253159588	CMS002_029d_Rb_S162_L004	Amblyospora	Culex	tarsalis	33687.0
	WVAL 	Other eukaryotes		Other Eukaryotes		4.715392388009431e-05	CMS002_029b_Rb_S160_L004	Melampsora	Culex	tarsalis	5260.0
	WVAL 	Other eukaryotes		Other Eukaryotes		1.9620923753090295e-05	CMS002_029a_Rb_S159_L004	Melampsora	Culex	tarsalis	5260.0
	PLCR	Other eukaryotes		Other Eukaryotes		9.948937080434669e-06	CMS002_056a_Rb_S9_L004	Albugo laibachii Nc14	Culex	tarsalis	890382.0
	PLCR	Other eukaryotes		Other Eukaryotes		0.00016913193036738937	CMS002_056a_Rb_S9_L004	uncultured Cantharellales	Culex	tarsalis	465787.0
	PLCR	Other eukaryotes		Other Eukaryotes		3.730851405163001e-05	CMS002_056a_Rb_S9_L004	Vuilleminia	Culex	tarsalis	47056.0
	PLCR	Other eukaryotes		Other Eukaryotes		0.00014923405620652006	CMS002_056a_Rb_S9_L004	Opisthokonta	Culex	tarsalis	33154.0
	PLCR	Other eukaryotes		Other Eukaryotes		0.00018654257025815004	CMS002_056a_Rb_S9_L004	Agaricomycotina	Culex	tarsalis	5302.0
	PLCR	Other eukaryotes		Other Eukaryotes		1.9897874160869338e-05	CMS002_056a_Rb_S9_L004	Tulasnellaceae	Culex	tarsalis	5237.0
	PLCR	Other eukaryotes		Other Eukaryotes		0.00010197660507445536	CMS002_056a_Rb_S9_L004	Basidiomycota	Culex	tarsalis	5204.0
	COAV	Other eukaryotes		Other Eukaryotes		2.164486547716106e-05	CMS002_034a_Rb_S168_L004	uncultured Filobasidiella	Culex	tarsalis	1503101.0
	COAV	Other eukaryotes		Other Eukaryotes		9.379441706769793e-05	CMS002_034a_Rb_S168_L004	Pentapetalae	Culex	tarsalis	1437201.0
	COAV	Other eukaryotes		Other Eukaryotes		9.275256888242247e-05	CMS002_035a_Rb_S169_L004	South American lineages	Culex	tarsalis	886584.0
	COAV	Other eukaryotes		Other Eukaryotes		0.0002342384547469324	CMS002_042a_Rb_S177_L004	Tamarix pentandra	Culex	tarsalis	63103.0
	COAV	Other eukaryotes		Other Eukaryotes		2.0237953358263495e-05	CMS002_032a_Rb_S166_L004	Tamarix pentandra	Culex	tarsalis	63103.0
	COAV	Other eukaryotes		Other Eukaryotes		2.8859820636214747e-05	CMS002_034a_Rb_S168_L004	Helianthus	Culex	tarsalis	4231.0
	COAV	Other eukaryotes		Other Eukaryotes		8.994645937005996e-06	CMS002_032a_Rb_S166_L004	Helianthus	Culex	tarsalis	4231.0
	COAV	Other eukaryotes		Other Eukaryotes		2.228226053533131e-05	CMS002_041a_Rb_S176_L004	Asteraceae	Culex	tarsalis	4210.0
	COAV	Other eukaryotes		Other Eukaryotes		7.214955159053687e-05	CMS002_034a_Rb_S168_L004	Spinacia oleracea	Culex	tarsalis	3562.0
	ALCO	Other eukaryotes		Other Eukaryotes		2.4417490248264832e-05	CMS001_033_Ra_S8	Ceraceosorus africanus	Culex	tarsalis	1698434.0
	ALCO	Trypanosomatidae		Other Eukaryotes		1.0523352634915958e-05	CMS001_046_Ra_S3	Paratrypanosoma confusum	Culex	tarsalis	1470209.0
	ALCO	Other eukaryotes		Other Eukaryotes		0.00023591860808021232	CMS001_028_Ra_S17	Pentapetalae	Culex	tarsalis	1437201.0
	ALCO	Other eukaryotes		Other Eukaryotes		1.6858478690882936e-05	CMS001_002_Ra_S1	Microbotryomycetes	Culex	tarsalis	162481.0
	ALCO	Other eukaryotes		Other Eukaryotes		1.6174948240165633e-05	CMS001_036_Ra_S20	Pleosporales	Culex	tarsalis	92860.0
	ALCO	Other eukaryotes		Other Eukaryotes		5.08078447312265e-05	CMS001_032_Ra_S7	Selaginella moellendorffii	Culex	tarsalis	88036.0
	ALCO	Other eukaryotes		Other Eukaryotes		0.0009200825715128281	CMS001_028_Ra_S17	Hanseniaspora guilliermondii	Culex	tarsalis	56406.0
	ALCO	Other eukaryotes		Other Eukaryotes		0.00018873488646416986	CMS001_028_Ra_S17	Hanseniaspora valbyensis	Culex	tarsalis	53685.0
	ALCO	Amblyosporidae		Other Eukaryotes		0.00017085741948344107	CMS001_043_Ra_S24	Amblyospora californica	Culex	tarsalis	51588.0
	ALCO	Other eukaryotes		Other Eukaryotes		1.8313117686198625e-05	CMS001_033_Ra_S8	Peniophora nuda	Culex	tarsalis	40464.0
	ALCO	Other eukaryotes		Other Eukaryotes		4.4481107660455485e-05	CMS001_036_Ra_S20	Xylariaceae	Culex	tarsalis	37990.0
	ALCO	Amblyosporidae		Other Eukaryotes		0.00612513911801154	CMS001_038_Ra_S22	Amblyospora	Culex	tarsalis	33687.0
	ALCO	Amblyosporidae		Other Eukaryotes		0.0013344332298136645	CMS001_036_Ra_S20	Amblyospora	Culex	tarsalis	33687.0
	ALCO	Amblyosporidae		Other Eukaryotes		8.542870974172054e-05	CMS001_043_Ra_S24	Amblyospora	Culex	tarsalis	33687.0
	ALCO	Other eukaryotes		Other Eukaryotes		7.07755824240637e-05	CMS001_028_Ra_S17	Hanseniaspora uvarum	Culex	tarsalis	29833.0
	ALCO	Apicomplexa		Other Eukaryotes		7.287169116977282e-05	CMS001_027_Ra_S16	Plasmodium	Culex	tarsalis	5820.0
	ALCO	Trypanosomatidae		Other Eukaryotes		0.0004953764861294584	CMS001_032_Ra_S7	Trypanosoma	Culex	tarsalis	5690.0
	ALCO	Trypanosomatidae		Other Eukaryotes		0.00026674118483893916	CMS001_032_Ra_S7	Trypanosomatidae	Culex	tarsalis	5654.0
	ALCO	Other eukaryotes		Other Eukaryotes		0.0001415511648481274	CMS001_028_Ra_S17	Fusarium	Culex	tarsalis	5506.0
	ALCO	Other eukaryotes		Other Eukaryotes		1.6174948240165633e-05	CMS001_036_Ra_S20	Diaporthales	Culex	tarsalis	5114.0
	ALCO	Other eukaryotes		Other Eukaryotes		0.0001496182712215321	CMS001_036_Ra_S20	Fungi	Culex	tarsalis	4751.0
	ALCO	Other eukaryotes		Other Eukaryotes		1.6174948240165633e-05	CMS001_036_Ra_S20	Caryophyllales	Culex	tarsalis	3524.0
	ALCO	Other eukaryotes		Other Eukaryotes		1.6174948240165633e-05	CMS001_036_Ra_S20	Bacillariophyta	Culex	tarsalis	2836.0
	ALCO	Other eukaryotes		Other Eukaryotes		0.01653629697452858	CMS001_038_Ra_S22	Eukaryota	Culex	tarsalis	2759.0
	ALCO	Other eukaryotes		Other Eukaryotes		0.0013565319964612206	CMS001_028_Ra_S17	Eukaryota	Culex	tarsalis	2759.0
	ALCO	Other eukaryotes		Other Eukaryotes		0.004031605848861283	CMS001_036_Ra_S20	Eukaryota	Culex	tarsalis	2759.0
	ALCO	Other eukaryotes		Other Eukaryotes		0.0011841649815088084	CMS001_027_Ra_S16	Eukaryota	Culex	tarsalis	2759.0
	ALCO	Other eukaryotes		Other Eukaryotes		0.005445100325363058	CMS001_033_Ra_S8	Eukaryota	Culex	tarsalis	2759.0
	WVAL 	Other eukaryotes		Other Eukaryotes		9.743620973144145e-05	CMS002_046a_Rb_S191_L004	fabids	Culex	quinquefasciatus	91835.0
	SAND	Other eukaryotes		Other Eukaryotes		0.0006139991813344249	CMS002_004a_Rb_S117_L004	Acrogymnospermae	Culex	quinquefasciatus	1437180.0
	SAND	Apicomplexa		Other Eukaryotes		0.0006139991813344249	CMS002_004a_Rb_S117_L004	Plasmodium sp. type B	Culex	quinquefasciatus	1350013.0
	SAND	Other eukaryotes		Other Eukaryotes		5.9296740655821955e-05	CMS002_023a_Rb_S138_L004	Selaginella moellendorffii	Culex	quinquefasciatus	88036.0
	SAND	Other eukaryotes		Other Eukaryotes		4.74169610469665e-05	CMS002_022a_Rb_S137_L004	Selaginella moellendorffii	Culex	quinquefasciatus	88036.0
	SAND	Apicomplexa		Other Eukaryotes		0.0018419975440032747	CMS002_004a_Rb_S117_L004	Plasmodium relictum	Culex	quinquefasciatus	85471.0
	SAND	Other eukaryotes		Other Eukaryotes		0.004093327875562832	CMS002_004a_Rb_S117_L004	Podocarpus macrophyllus	Culex	quinquefasciatus	58043.0
	SAND	Apicomplexa		Other Eukaryotes		0.08943921408104788	CMS002_004a_Rb_S117_L004	Plasmodium	Culex	quinquefasciatus	5820.0
	SAND	Other eukaryotes		Other Eukaryotes		0.0002174213824046805	CMS002_023a_Rb_S138_L004	Melampsora	Culex	quinquefasciatus	5260.0
	PLCR	Other eukaryotes		Other Eukaryotes		9.299730307821073e-05	CMS002_054a_Rb_S8_L004	50 kb inversion clade	Culex	pipiens	2231393.0
	PLCR	Other eukaryotes		Other Eukaryotes		0.00014940611070992803	CMS002_049a_Rb_S4_L004	Hyphopichia pseudoburtonii	Culex	pipiens	717741.0
	PLCR	Other eukaryotes		Other Eukaryotes		0.00020012452192475318	CMS002_057a_Rb_S10_L004	leotiomyceta	Culex	pipiens	716546.0
	PLCR	Other eukaryotes		Other Eukaryotes		4.816530332099766e-05	CMS002_051a_Rb_S6_L004	Dikarya	Culex	pipiens	451864.0
	PLCR	Other eukaryotes		Other Eukaryotes		0.00044472115983278484	CMS002_057a_Rb_S10_L004	Microbotryomycetes	Culex	pipiens	162481.0
	PLCR	Other eukaryotes		Other Eukaryotes		4.980203690330934e-05	CMS002_049a_Rb_S4_L004	Microbotryomycetes	Culex	pipiens	162481.0
	PLCR	Other eukaryotes		Other Eukaryotes		0.00013341634794983545	CMS002_057a_Rb_S10_L004	Agaricales	Culex	pipiens	5338.0
	PLCR	Other eukaryotes		Other Eukaryotes		0.00013341634794983545	CMS002_057a_Rb_S10_L004	Tulasnella	Culex	pipiens	5240.0
	PLCR	Other eukaryotes		Other Eukaryotes		0.00012450509225827336	CMS002_049a_Rb_S4_L004	Basidiomycota	Culex	pipiens	5204.0
	PLCR	Other eukaryotes		Other Eukaryotes		0.00017788846393311395	CMS002_057a_Rb_S10_L004	Basidiomycota	Culex	pipiens	5204.0
	ALCO	Other eukaryotes		Other Eukaryotes		0.0011505177329798409	CMS001_054_Ra_S11	Brassiceae	Culex	pipiens	981071.0
	ALCO	Trypanosomatidae		Other Eukaryotes		0.0002639650057820906	CMS001_029_Ra_S18	Trypanosoma bennetti	Culex	pipiens	71803.0
	ALCO	Apicomplexa		Other Eukaryotes		0.0034628286981928354	CMS001_040_Ra_S21	Plasmodium	Culex	pipiens	5820.0
	ALCO	Trypanosomatidae		Other Eukaryotes		0.017148210348333734	CMS001_059_Ra_S10	Trypanosoma	Culex	pipiens	5690.0
	ALCO	Trypanosomatidae		Other Eukaryotes		0.00035195334104278744	CMS001_029_Ra_S18	Trypanosoma	Culex	pipiens	5690.0
	ALCO	Trypanosomatidae		Other Eukaryotes		0.0004022323897631857	CMS001_029_Ra_S18	Trypanosomatidae	Culex	pipiens	5654.0
	ALCO	Other eukaryotes		Other Eukaryotes		0.0036766544945225355	CMS001_054_Ra_S11	Brassica	Culex	pipiens	3705.0
	ALCO	Other eukaryotes		Other Eukaryotes		0.004581234077069838	CMS001_059_Ra_S10	Eukaryota	Culex	pipiens	2759.0
	ALCO	Other eukaryotes		Other Eukaryotes		0.0032524266941405815	CMS001_041_Ra_S10	Eukaryota	Culex	pipiens	2759.0
	WVAL 	Other eukaryotes		Other Eukaryotes		0.00020621745630767645	CMS002_047b_Rb_S194_L004	Sporidiobolaceae	Culex	erythrothorax	1799696.0
	WVAL 	Other eukaryotes		Other Eukaryotes		0.002663642143974154	CMS002_047b_Rb_S194_L004	Monomorphina parapyrum	Culex	erythrothorax	1664066.0
	WVAL 	Other eukaryotes		Other Eukaryotes		4.1204829205982944e-05	CMS002_047g_Rb_S200_L004	Hemiamphisiella terricola qingdaoensis	Culex	erythrothorax	1590123.0
	WVAL 	Other eukaryotes		Other Eukaryotes		0.00018949027117055121	CMS002_047c_Rb_S195_L004	Pentapetalae	Culex	erythrothorax	1437201.0
	WVAL 	Other eukaryotes		Other Eukaryotes		3.2785004139106774e-05	CMS002_047j_Rb_S3_L004	Pentapetalae	Culex	erythrothorax	1437201.0
	WVAL 	Other eukaryotes		Other Eukaryotes		0.0018749563673717698	CMS002_047c_Rb_S195_L004	Albugo laibachii Nc14	Culex	erythrothorax	890382.0
	WVAL 	Other eukaryotes		Other Eukaryotes		7.610987221152456e-05	CMS002_028d_Rb_S157_L004	Albugo laibachii Nc14	Culex	erythrothorax	890382.0
	WVAL 	Other eukaryotes		Other Eukaryotes		3.296386336478635e-05	CMS002_047g_Rb_S200_L004	Albugo laibachii Nc14	Culex	erythrothorax	890382.0
	WVAL 	Other eukaryotes		Other Eukaryotes		0.00013962441033619564	CMS002_047c_Rb_S195_L004	leotiomyceta	Culex	erythrothorax	716546.0
	WVAL 	Other eukaryotes		Other Eukaryotes		0.0001565783509827352	CMS002_047g_Rb_S200_L004	leotiomyceta	Culex	erythrothorax	716546.0
	WVAL 	Other eukaryotes		Other Eukaryotes		7.548257381852616e-05	CMS002_047d_Rb_S196_L004	leotiomyceta	Culex	erythrothorax	716546.0
	WVAL 	Other eukaryotes		Other Eukaryotes		2.991951650061335e-05	CMS002_047c_Rb_S195_L004	Pleosporineae	Culex	erythrothorax	715340.0
	WVAL 	Other eukaryotes		Other Eukaryotes		6.76857126741497e-05	CMS002_028c_Rb_S156_L004	Fusarium sambucinum species complex	Culex	erythrothorax	569360.0
	WVAL 	Other eukaryotes		Other Eukaryotes		0.00034369576051279405	CMS002_047b_Rb_S194_L004	Monomorphina pseudonordstedti	Culex	erythrothorax	298287.0
	WVAL 	Other eukaryotes		Other Eukaryotes		0.000635837156948669	CMS002_047b_Rb_S194_L004	Monomorphina	Culex	erythrothorax	298266.0
	WVAL 	Other eukaryotes		Other Eukaryotes		5.98390330012267e-05	CMS002_047c_Rb_S195_L004	Stichotrichia	Culex	erythrothorax	194286.0
	WVAL 	Other eukaryotes		Other Eukaryotes		2.991951650061335e-05	CMS002_047c_Rb_S195_L004	Stemphylium lycopersici	Culex	erythrothorax	183478.0
	WVAL 	Other eukaryotes		Other Eukaryotes		0.00029214139643587495	CMS002_047b_Rb_S194_L004	Trifolieae	Culex	erythrothorax	163742.0
	WVAL 	Other eukaryotes		Other Eukaryotes		0.000169543926836809	CMS002_047c_Rb_S195_L004	Microbotryomycetes	Culex	erythrothorax	162481.0
	WVAL 	Other eukaryotes		Other Eukaryotes		1.9433450149961457e-05	CMS002_028e_Rb_S158_L004	Microbotryomycetes	Culex	erythrothorax	162481.0
	WVAL 	Other eukaryotes		Other Eukaryotes		0.0001294037721199573	CMS002_047h_Rb_S1_L004	Microbotryomycetes	Culex	erythrothorax	162481.0
	WVAL 	Other eukaryotes		Other Eukaryotes		3.296386336478635e-05	CMS002_047g_Rb_S200_L004	Microbotryomycetes	Culex	erythrothorax	162481.0
	WVAL 	Other eukaryotes		Other Eukaryotes		0.0004028256747330052	CMS002_047a_Rb_S193_L004	Dangeardinia pseudopertusa	Culex	erythrothorax	160059.0
	WVAL 	Other eukaryotes		Other Eukaryotes		5.8260204638968797e-05	CMS002_047e_Rb_S197_L004	Dangeardinia pseudopertusa	Culex	erythrothorax	160059.0
	WVAL 	Other eukaryotes		Other Eukaryotes		3.296386336478635e-05	CMS002_047g_Rb_S200_L004	Agaricomycetes	Culex	erythrothorax	155619.0
	WVAL 	Other eukaryotes		Other Eukaryotes		3.2785004139106774e-05	CMS002_047j_Rb_S3_L004	Agaricomycetes	Culex	erythrothorax	155619.0
	WVAL 	Other eukaryotes		Other Eukaryotes		0.00027495660841023525	CMS002_047b_Rb_S194_L004	Pezizomycotina	Culex	erythrothorax	147538.0
	WVAL 	Other eukaryotes		Other Eukaryotes		0.00022340224433331615	CMS002_047b_Rb_S194_L004	Sterkiella histriomuscorum	Culex	erythrothorax	94289.0
	WVAL 	Other eukaryotes		Other Eukaryotes		9.835501241732032e-05	CMS002_047j_Rb_S3_L004	Sterkiella histriomuscorum	Culex	erythrothorax	94289.0
	WVAL 	Other eukaryotes		Other Eukaryotes		7.860013165522053e-05	CMS002_047a_Rb_S193_L004	Sterkiella histriomuscorum	Culex	erythrothorax	94289.0
	WVAL 	Other eukaryotes		Other Eukaryotes		0.00027495660841023525	CMS002_047b_Rb_S194_L004	Euglenales	Culex	erythrothorax	86650.0
	WVAL 	Other eukaryotes		Other Eukaryotes		0.0006408622510286567	CMS002_047e_Rb_S197_L004	Pandora neoaphidis	Culex	erythrothorax	76017.0
	WVAL 	Other eukaryotes		Other Eukaryotes		0.00010970489383558228	CMS002_047c_Rb_S195_L004	Albugo candida	Culex	erythrothorax	65357.0
	WVAL 	Other eukaryotes		Other Eukaryotes		0.0007380147403484626	CMS002_047c_Rb_S195_L004	Albugo	Culex	erythrothorax	65356.0
	WVAL 	Other eukaryotes		Other Eukaryotes		1.4575087612471093e-05	CMS002_028e_Rb_S158_L004	Tamarix pentandra	Culex	erythrothorax	63103.0
	WVAL 	Amblyosporidae		Other Eukaryotes		0.0019589039973116297	CMS002_047j_Rb_S3_L004	Amblyospora	Culex	erythrothorax	33687.0
	WVAL 	Other eukaryotes		Other Eukaryotes		5.489641732256448e-05	CMS002_047d_Rb_S196_L004	Opisthokonta	Culex	erythrothorax	33154.0
	WVAL 	Other eukaryotes		Other Eukaryotes		3.818154049788729e-05	CMS002_028a_Rb_S154_L004	Cladosporium cladosporioides	Culex	erythrothorax	29917.0
	WVAL 	Other eukaryotes		Other Eukaryotes		6.477816716653819e-06	CMS002_028e_Rb_S158_L004	Juglans nigra	Culex	erythrothorax	16719.0
	WVAL 	Other eukaryotes		Other Eukaryotes		3.790427275914677e-05	CMS002_047f_Rb_S198_L004	Cladosporium	Culex	erythrothorax	5498.0
	WVAL 	Other eukaryotes		Other Eukaryotes		5.0908720663849717e-05	CMS002_028a_Rb_S154_L004	Pleurotus ostreatus	Culex	erythrothorax	5322.0
	WVAL 	Other eukaryotes		Other Eukaryotes		2.4722897523589766e-05	CMS002_047g_Rb_S200_L004	Pleurotus	Culex	erythrothorax	5320.0
	WVAL 	Other eukaryotes		Other Eukaryotes		1.2955633433307638e-05	CMS002_028e_Rb_S158_L004	Melampsora	Culex	erythrothorax	5260.0
	WVAL 	Other eukaryotes		Other Eukaryotes		0.0003470213996529786	CMS002_028b_Rb_S155_L004	Melampsora	Culex	erythrothorax	5260.0
	WVAL 	Other eukaryotes		Other Eukaryotes		4.512380844943313e-05	CMS002_028c_Rb_S156_L004	Melampsora	Culex	erythrothorax	5260.0
	WVAL 	Other eukaryotes		Other Eukaryotes		0.00017306028266512836	CMS002_047g_Rb_S200_L004	Hypocreales	Culex	erythrothorax	5125.0
	WVAL 	Other eukaryotes		Other Eukaryotes		0.00010293078247980841	CMS002_047d_Rb_S196_L004	Hypocreales	Culex	erythrothorax	5125.0
	WVAL 	Other eukaryotes		Other Eukaryotes		8.087735757497331e-05	CMS002_047h_Rb_S1_L004	Hypocreales	Culex	erythrothorax	5125.0
	WVAL 	Other eukaryotes		Other Eukaryotes		2.4722897523589766e-05	CMS002_047g_Rb_S200_L004	Ascomycota	Culex	erythrothorax	4890.0
	WVAL 	Other eukaryotes		Other Eukaryotes		3.4310260826602804e-05	CMS002_047d_Rb_S196_L004	Medicago sativa	Culex	erythrothorax	3879.0
	WVAL 	Other eukaryotes		Other Eukaryotes		6.470188605997865e-05	CMS002_047h_Rb_S1_L004	Medicago sativa	Culex	erythrothorax	3879.0
	WVAL 	Other eukaryotes		Other Eukaryotes		0.00012029351617947793	CMS002_047b_Rb_S194_L004	Medicago	Culex	erythrothorax	3877.0
	WVAL 	Other eukaryotes		Other Eukaryotes		7.978537733496893e-05	CMS002_047c_Rb_S195_L004	Magnoliopsida	Culex	erythrothorax	3398.0
	WVAL 	Other eukaryotes		Other Eukaryotes		3.930006582761026e-05	CMS002_047a_Rb_S193_L004	Chlamydomonadales	Culex	erythrothorax	3042.0
	ALCO	Trypanosomatidae		Other Eukaryotes		0.12378411877239781	CMS001_007_Ra_S12	Paratrypanosoma confusum	Culex	erythrothorax	1470209.0
	ALCO	Trypanosomatidae		Other Eukaryotes		0.02103354954005181	CMS001_022_Ra_S6	Paratrypanosoma confusum	Culex	erythrothorax	1470209.0
	ALCO	Trypanosomatidae		Other Eukaryotes		0.04150553696653503	CMS001_001_Ra_S1	Paratrypanosoma confusum	Culex	erythrothorax	1470209.0
	ALCO	Other eukaryotes		Other Eukaryotes		5.475071997196763e-05	CMS001_037_Ra_S21	Pentapetalae	Culex	erythrothorax	1437201.0
	ALCO	Trypanosomatidae		Other Eukaryotes		0.43432057978432587	CMS001_035_Ra_S20	Leishmaniinae	Culex	erythrothorax	1286322.0
	ALCO	Trypanosomatidae		Other Eukaryotes		0.03218546027458924	CMS001_049_Ra_S6	Leishmaniinae	Culex	erythrothorax	1286322.0
	ALCO	Trypanosomatidae		Other Eukaryotes		0.015283655740794681	CMS001_018_Ra_S14	Leishmaniinae	Culex	erythrothorax	1286322.0
	ALCO	Trypanosomatidae		Other Eukaryotes		0.3083607636603028	CMS001_047_Ra_S4	Leishmaniinae	Culex	erythrothorax	1286322.0
	ALCO	Trypanosomatidae		Other Eukaryotes		0.09347216887864693	CMS001_011_Ra_S4	Leishmaniinae	Culex	erythrothorax	1286322.0
	ALCO	Trypanosomatidae		Other Eukaryotes		0.004760769168130475	CMS001_035_Ra_S20	Trypanosoma culicavium	Culex	erythrothorax	1052859.0
	ALCO	Other eukaryotes		Other Eukaryotes		5.475071997196763e-05	CMS001_037_Ra_S21	leotiomyceta	Culex	erythrothorax	716546.0
	ALCO	Trypanosomatidae		Other Eukaryotes		0.002274234263578516	CMS001_035_Ra_S20	Trypanosoma with unspecified subgenus	Culex	erythrothorax	669453.0
	ALCO	Other eukaryotes		Other Eukaryotes		1.9285039309338458e-05	CMS001_022_Ra_S6	Melampsora sp. SAL 135	Culex	erythrothorax	437599.0
	ALCO	Apicomplexa		Other Eukaryotes		1.163291183416121e-05	CMS001_035_Ra_S20	Eimeriorina	Culex	erythrothorax	423054.0
	ALCO	Other eukaryotes		Other Eukaryotes		4.6654121891669126e-05	CMS001_045_Ra_S2	Sordariomycetidae	Culex	erythrothorax	222544.0
	ALCO	Other eukaryotes		Other Eukaryotes		0.0003022061045633122	CMS001_056_Ra_S10	Microbotryomycetes	Culex	erythrothorax	162481.0
	ALCO	Other eukaryotes		Other Eukaryotes		0.00010280485924301356	CMS001_018_Ra_S14	Microbotryomycetes	Culex	erythrothorax	162481.0
	ALCO	Other eukaryotes		Other Eukaryotes		8.083420903726457e-05	CMS001_007_Ra_S12	Microbotryomycetes	Culex	erythrothorax	162481.0
	ALCO	Trypanosomatidae		Other Eukaryotes		0.0012447215662552494	CMS001_035_Ra_S20	Leptomonas pyrrhocoris	Culex	erythrothorax	157538.0
	ALCO	Apicomplexa		Other Eukaryotes		4.131633854607805e-05	CMS001_058_Ra_S9	Theileria youngi	Culex	erythrothorax	119759.0
	ALCO	Other eukaryotes		Other Eukaryotes		1.9285039309338458e-05	CMS001_022_Ra_S6	Rhizopus oryzae	Culex	erythrothorax	64495.0
	ALCO	Other eukaryotes		Other Eukaryotes		6.197450781911707e-05	CMS001_058_Ra_S9	Pucciniomycotina	Culex	erythrothorax	29000.0
	ALCO	Apicomplexa		Other Eukaryotes		6.197450781911707e-05	CMS001_058_Ra_S9	Theileria sp.	Culex	erythrothorax	27992.0
	ALCO	Apicomplexa		Other Eukaryotes		5.475071997196763e-05	CMS001_037_Ra_S21	Eimeria	Culex	erythrothorax	5800.0
	ALCO	Apicomplexa		Other Eukaryotes		5.234810325372544e-05	CMS001_035_Ra_S20	Eimeriidae	Culex	erythrothorax	5799.0
	ALCO	Trypanosomatidae		Other Eukaryotes		0.023969614834289173	CMS001_035_Ra_S20	Trypanosoma	Culex	erythrothorax	5690.0
	ALCO	Trypanosomatidae		Other Eukaryotes		0.3754732870063834	CMS001_022_Ra_S6	Trypanosomatidae	Culex	erythrothorax	5654.0
	ALCO	Trypanosomatidae		Other Eukaryotes		0.17482230727173317	CMS001_035_Ra_S20	Trypanosomatidae	Culex	erythrothorax	5654.0
	ALCO	Trypanosomatidae		Other Eukaryotes		0.14245326662440247	CMS001_018_Ra_S14	Trypanosomatidae	Culex	erythrothorax	5654.0
	ALCO	Trypanosomatidae		Other Eukaryotes		0.028857593003440405	CMS001_049_Ra_S6	Trypanosomatidae	Culex	erythrothorax	5654.0
	ALCO	Trypanosomatidae		Other Eukaryotes		0.00013166556945358788	CMS001_047_Ra_S4	Trypanosomatidae	Culex	erythrothorax	5654.0
	ALCO	Other eukaryotes		Other Eukaryotes		0.0001395949420099345	CMS001_035_Ra_S20	Kinetoplastida	Culex	erythrothorax	5653.0
	ALCO	Other eukaryotes		Other Eukaryotes		0.00019155711993870173	CMS001_052_Ra_S7	Cladosporium	Culex	erythrothorax	5498.0
	ALCO	Other eukaryotes		Other Eukaryotes		0.00016940347390057144	CMS001_006_Ra_S5	Hypocreales	Culex	erythrothorax	5125.0
	ALCO	Other eukaryotes		Other Eukaryotes		0.00016060883101480072	CMS001_013_Ra_S5	Hypocreales	Culex	erythrothorax	5125.0
	ALCO	Other eukaryotes		Other Eukaryotes		3.780696346102393e-05	CMS001_035_Ra_S20	Saccharomycetales	Culex	erythrothorax	4892.0
	ALCO	Other eukaryotes		Other Eukaryotes		6.197450781911707e-05	CMS001_058_Ra_S9	Fungi	Culex	erythrothorax	4751.0
	ALCO	Other eukaryotes		Other Eukaryotes		8.310306858080734e-05	CMS001_015_Ra_S13	Asteraceae	Culex	erythrothorax	4210.0
	ALCO	Other eukaryotes		Other Eukaryotes		0.00012465460287121102	CMS001_015_Ra_S13	Asterales	Culex	erythrothorax	4209.0
	ALCO	Other eukaryotes		Other Eukaryotes		0.00010285354298313845	CMS001_022_Ra_S6	Caryophyllales	Culex	erythrothorax	3524.0
	ALCO	Other eukaryotes		Other Eukaryotes		4.380057597757411e-05	CMS001_037_Ra_S21	Caryophyllales	Culex	erythrothorax	3524.0
	ALCO	Other eukaryotes		Other Eukaryotes		0.008562557453346276	CMS001_022_Ra_S6	Eukaryota	Culex	erythrothorax	2759.0
	ALCO	Other eukaryotes		Other Eukaryotes		0.005071195891833455	CMS001_011_Ra_S4	Eukaryota	Culex	erythrothorax	2759.0
	ALCO	Other eukaryotes		Other Eukaryotes		0.0006374251225509806	CMS001_020_Ra_S15	Eukaryota	Culex	erythrothorax	2759.0
	ALCO	Other eukaryotes		Other Eukaryotes		0.00048003360235216466	CMS001_001_Ra_S1	Eukaryota	Culex	erythrothorax	2759.0
	ALCO	Other eukaryotes		Other Eukaryotes		0.002902472782861983	CMS001_058_Ra_S9	Eukaryota	Culex	erythrothorax	2759.0
	ALCO	Other eukaryotes		Other Eukaryotes		0.0024114980225716214	CMS001_049_Ra_S6	Eukaryota	Culex	erythrothorax	2759.0
	ALCO	Other eukaryotes		Other Eukaryotes		0.0024902425592031223	CMS001_052_Ra_S7	Eukaryota	Culex	erythrothorax	2759.0
	ALCO	Other eukaryotes		Other Eukaryotes		0.0006446645058467489	CMS001_057_Ra_S11	Eukaryota	Culex	erythrothorax	2759.0
	ALCO	Other eukaryotes		Other Eukaryotes		0.0011262070783312967	CMS001_053_Ra_S8	Eukaryota	Culex	erythrothorax	2759.0
	ALCO	Other eukaryotes		Other Eukaryotes		0.0017783525988198207	CMS001_007_Ra_S12	Eukaryota	Culex	erythrothorax	2759.0
	ALCO	Other eukaryotes		Other Eukaryotes		0.0002932745522832843	CMS001_012_Ra_S4	Vishniacozyma victoriae	Aedes	dorsalis	1895944.0
	ALCO	Other eukaryotes		Other Eukaryotes		0.00016082798028438171	CMS001_012_Ra_S4	Sporidiobolaceae	Aedes	dorsalis	1799696.0
	ALCO	Other eukaryotes		Other Eukaryotes		3.784187771397217e-05	CMS001_012_Ra_S4	Tremellomycetes	Aedes	dorsalis	155616.0
	ALCO	Other eukaryotes		Other Eukaryotes		3.784187771397217e-05	CMS001_012_Ra_S4	Rhodotorula	Aedes	dorsalis	5533.0
	ALCO	Other eukaryotes		Other Eukaryotes		0.0008419817791358807	CMS001_012_Ra_S4	Tremellales	Aedes	dorsalis	5234.0
	ALCO	Other eukaryotes		Other Eukaryotes		0.00023651173571232606	CMS001_012_Ra_S4	Basidiomycota	Aedes	dorsalis	5204.0
	ALCO	Other eukaryotes		Other Eukaryotes		0.0002743536134262982	CMS001_012_Ra_S4	Fungi	Aedes	dorsalis	4751.0
	ALCO	Other eukaryotes		Other Eukaryotes		0.0067358542330870465	CMS001_012_Ra_S4	Eukaryota	Aedes	dorsalis	2759.0
	WVAL 	Other eukaryotes		Other Eukaryotes		0.0008549222797927461	CMS002_045b_Rb_S184_L004	Puccinia cf. psidii AE-2014	Aedes	albopictus	1505670.0
	WVAL 	Other eukaryotes		Other Eukaryotes		0.00038837465208104083	CMS002_045a_Rb_S183_L004	Pentapetalae	Aedes	albopictus	1437201.0
	WVAL 	Other eukaryotes		Other Eukaryotes		0.0008495145631067961	CMS002_026b_Rb_S147_L004	Aspergillus pseudoglaucus	Aedes	albopictus	1405805.0
	WVAL 	Other eukaryotes		Other Eukaryotes		0.0004535147392290249	CMS002_026d_Rb_S149_L004	Pichiaceae	Aedes	albopictus	1156497.0
	WVAL 	Other eukaryotes		Other Eukaryotes		0.000689684900211216	CMS002_026c_Rb_S148_L004	Pichiaceae	Aedes	albopictus	1156497.0
	WVAL 	Other eukaryotes		Other Eukaryotes		0.00212378640776699	CMS002_026b_Rb_S147_L004	Aspergillaceae	Aedes	albopictus	1131492.0
	WVAL 	Other eukaryotes		Other Eukaryotes		0.012006205991168395	CMS002_026d_Rb_S149_L004	Lachancea thermotolerans CBS 6340	Aedes	albopictus	559295.0
	WVAL 	Other eukaryotes		Other Eukaryotes		0.020604336393810076	CMS002_026c_Rb_S148_L004	Lachancea thermotolerans CBS 6340	Aedes	albopictus	559295.0
	WVAL 	Other eukaryotes		Other Eukaryotes		0.008009708737864078	CMS002_026b_Rb_S147_L004	Lachancea thermotolerans CBS 6340	Aedes	albopictus	559295.0
	WVAL 	Other eukaryotes		Other Eukaryotes		0.00657967488665266	CMS002_026e_Rb_S150_L004	Lachancea thermotolerans CBS 6340	Aedes	albopictus	559295.0
	WVAL 	Other eukaryotes		Other Eukaryotes		0.0021729682746631897	CMS002_026a_Rb_S146_L004	Lachancea thermotolerans CBS 6340	Aedes	albopictus	559295.0
	WVAL 	Other eukaryotes		Other Eukaryotes		0.01866571189879461	CMS002_026d_Rb_S149_L004	Lachancea thermotolerans	Aedes	albopictus	381046.0
	WVAL 	Other eukaryotes		Other Eukaryotes		0.03418250786671839	CMS002_026c_Rb_S148_L004	Lachancea thermotolerans	Aedes	albopictus	381046.0
	WVAL 	Other eukaryotes		Other Eukaryotes		0.006674757281553398	CMS002_026b_Rb_S147_L004	Lachancea thermotolerans	Aedes	albopictus	381046.0
	WVAL 	Other eukaryotes		Other Eukaryotes		0.003262191750525268	CMS002_026e_Rb_S150_L004	Lachancea thermotolerans	Aedes	albopictus	381046.0
	WVAL 	Other eukaryotes		Other Eukaryotes		0.0015935100680863393	CMS002_026a_Rb_S146_L004	Lachancea thermotolerans	Aedes	albopictus	381046.0
	WVAL 	Other eukaryotes		Other Eukaryotes		0.000258631837579206	CMS002_026c_Rb_S148_L004	Malvoideae	Aedes	albopictus	214907.0
	WVAL 	Other eukaryotes		Other Eukaryotes		0.00022116554240849277	CMS002_026e_Rb_S150_L004	Lepiota lilacea	Aedes	albopictus	182871.0
	WVAL 	Other eukaryotes		Other Eukaryotes		0.000819000819000819	CMS002_026c_Rb_S148_L004	Althaea officinalis	Aedes	albopictus	145745.0
	WVAL 	Other eukaryotes		Other Eukaryotes		0.00016708437761069338	CMS002_026d_Rb_S149_L004	Malassezia restricta	Aedes	albopictus	76775.0
	WVAL 	Other eukaryotes		Other Eukaryotes		9.547678720611051e-05	CMS002_026d_Rb_S149_L004	Malassezia globosa	Aedes	albopictus	76773.0
	WVAL 	Other eukaryotes		Other Eukaryotes		3.1332574388753694e-05	CMS002_045g_Rb_S190_L004	Puccinia coronata	Aedes	albopictus	27344.0
	WVAL 	Other eukaryotes		Other Eukaryotes		0.0005251223296336078	CMS002_026d_Rb_S149_L004	Achillea millefolium	Aedes	albopictus	13329.0
	WVAL 	Other eukaryotes		Other Eukaryotes		0.001767317556791241	CMS002_026c_Rb_S148_L004	Fusarium	Aedes	albopictus	5506.0
	WVAL 	Other eukaryotes		Other Eukaryotes		0.001303780964797914	CMS002_026a_Rb_S146_L004	Fusarium	Aedes	albopictus	5506.0
	WVAL 	Other eukaryotes		Other Eukaryotes		0.00018203883495145632	CMS002_026b_Rb_S147_L004	Agaricales	Aedes	albopictus	5338.0
	WVAL 	Other eukaryotes		Other Eukaryotes		0.0014563106796116505	CMS002_026b_Rb_S147_L004	Aspergillus	Aedes	albopictus	5052.0
	WVAL 	Other eukaryotes		Other Eukaryotes		4.2057008274716376e-05	CMS002_045c_Rb_S185_L004	Aspergillus	Aedes	albopictus	5052.0
	WVAL 	Other eukaryotes		Other Eukaryotes		0.0006634966272254782	CMS002_026e_Rb_S150_L004	Saccharomycetales	Aedes	albopictus	4892.0
	WVAL 	Other eukaryotes		Other Eukaryotes		0.0005794582065768506	CMS002_026a_Rb_S146_L004	Saccharomycetales	Aedes	albopictus	4892.0
	WVAL 	Other eukaryotes		Other Eukaryotes		0.0005794582065768506	CMS002_026a_Rb_S146_L004	Triticum aestivum	Aedes	albopictus	4565.0
	WVAL 	Other eukaryotes		Other Eukaryotes		0.000835421888053467	CMS002_026d_Rb_S149_L004	Asteraceae	Aedes	albopictus	4210.0
	WVAL 	Other eukaryotes		Other Eukaryotes		0.0002072538860103627	CMS002_045b_Rb_S184_L004	Menispermaceae	Aedes	albopictus	3455.0
	WVAL 	Other eukaryotes		Other Eukaryotes		0.0009581603321622484	CMS002_044a_Rb_S178_L004	Peniophora sp. 213 OA-2013	Aedes	aegypti	1321910.0
	WVAL 	Other eukaryotes		Other Eukaryotes		0.0017211703958691911	CMS002_025c_Rb_S142_L004	Dothideomycetes sp. TRN 142	Aedes	aegypti	748619.0
	WVAL 	Other eukaryotes		Other Eukaryotes		0.014372404982433726	CMS002_044a_Rb_S178_L004	Dikarya	Aedes	aegypti	451864.0
	WVAL 	Other eukaryotes		Other Eukaryotes		0.011474469305794606	CMS002_025c_Rb_S142_L004	Plectosphaera eucalypti	Aedes	aegypti	407092.0
	WVAL 	Other eukaryotes		Other Eukaryotes		0.0012588116817724068	CMS002_044d_Rb_S181_L004	Catenulostroma elginense	Aedes	aegypti	237593.0
	WVAL 	Other eukaryotes		Other Eukaryotes		0.0054678007290400975	CMS002_025a_Rb_S140_L004	Trechispora farinacea	Aedes	aegypti	156599.0
	WVAL 	Other eukaryotes		Other Eukaryotes		0.019506597819850834	CMS002_025c_Rb_S142_L004	Sordariomycetes	Aedes	aegypti	147550.0
	WVAL 	Other eukaryotes		Other Eukaryotes		0.002329192546583851	CMS002_025e_Rb_S144_L004	Sordariomycetes	Aedes	aegypti	147550.0
	WVAL 	Other eukaryotes		Other Eukaryotes		0.001697792869269949	CMS002_044c_Rb_S180_L004	Pezizomycotina	Aedes	aegypti	147538.0
	WVAL 	Other eukaryotes		Other Eukaryotes		0.0015527950310559005	CMS002_025e_Rb_S144_L004	Gymnopus	Aedes	aegypti	93827.0
	WVAL 	Other eukaryotes		Other Eukaryotes		0.004028197381671702	CMS002_044d_Rb_S181_L004	Udeniomyces	Aedes	aegypti	42658.0
	WVAL 	Other eukaryotes		Other Eukaryotes		0.002944888514934792	CMS002_044e_Rb_S182_L004	Diaporthe	Aedes	aegypti	36922.0
	WVAL 	Other eukaryotes		Other Eukaryotes		0.0019409937888198758	CMS002_025e_Rb_S144_L004	Schizophyllum	Aedes	aegypti	5333.0
	WVAL 	Other eukaryotes		Other Eukaryotes		0.002294893861158921	CMS002_025c_Rb_S142_L004	Schizophyllum	Aedes	aegypti	5333.0
	WVAL 	Other eukaryotes		Other Eukaryotes		0.0018226002430133657	CMS002_025a_Rb_S140_L004	Schizophyllum	Aedes	aegypti	5333.0
	WVAL 	Other eukaryotes		Other Eukaryotes		0.004016064257028112	CMS002_025c_Rb_S142_L004	Basidiomycota	Aedes	aegypti	5204.0
	WVAL 	Other eukaryotes		Other Eukaryotes		0.002294893861158921	CMS002_025c_Rb_S142_L004	Fungi	Aedes	aegypti	4751.0
	WVAL 	Other eukaryotes		Other Eukaryotes		0.0016827934371055953	CMS002_044e_Rb_S182_L004	Oryza	Aedes	aegypti	4527.0
	WVAL 	Other eukaryotes		Other Eukaryotes		0.005737234652897304	CMS002_025c_Rb_S142_L004	Asterales	Aedes	aegypti	4209.0
	WVAL 	Other eukaryotes		Other Eukaryotes		0.017211703958691912	CMS002_025c_Rb_S142_L004	Eukaryota	Aedes	aegypti	2759.0
	SAND	Apicomplexa		Other Eukaryotes		0.000221403933998322	CMS002_017b_Rb_S123_L004	Ascogregarina culicis	Aedes	aegypti	247478.0
	SAND	Apicomplexa		Other Eukaryotes		7.571885588808753e-05	CMS002_017c_Rb_S124_L004	Ascogregarina culicis	Aedes	aegypti	247478.0
	SAND	Apicomplexa		Other Eukaryotes		5.945813816750018e-05	CMS002_017a_Rb_S122_L004	Ascogregarina culicis	Aedes	aegypti	247478.0
	SAND	Apicomplexa		Other Eukaryotes		0.0012235480563065164	CMS002_017b_Rb_S123_L004	Ascogregarina taiwanensis	Aedes	aegypti	158379.0
	SAND	Apicomplexa		Other Eukaryotes		0.0007597428765847245	CMS002_017a_Rb_S122_L004	Ascogregarina taiwanensis	Aedes	aegypti	158379.0
	SAND	Apicomplexa		Other Eukaryotes		0.0001766773304055376	CMS002_017c_Rb_S124_L004	Ascogregarina taiwanensis	Aedes	aegypti	158379.0
	SAND	Apicomplexa		Other Eukaryotes		4.624521857472236e-05	CMS002_017a_Rb_S122_L004	Ascogregarina	Aedes	aegypti	158378.0
	SAND	Other eukaryotes		Other Eukaryotes		1.841858066417402e-05	CMS002_018b_Rb_S129_L004	Capnodiales	Aedes	aegypti	134362.0
	SAND	Other eukaryotes		Other Eukaryotes		4.078493521021721e-05	CMS002_017b_Rb_S123_L004	Pinus massoniana	Aedes	aegypti	88730.0
	SAND	Other eukaryotes		Other Eukaryotes		0.0001456604828936329	CMS002_017b_Rb_S123_L004	Pinus resinosa	Aedes	aegypti	54921.0
	SAND	Other eukaryotes		Other Eukaryotes		1.841858066417402e-05	CMS002_018b_Rb_S129_L004	Opisthokonta	Aedes	aegypti	33154.0
	SAND	Other eukaryotes		Other Eukaryotes		7.367432265669608e-05	CMS002_018b_Rb_S129_L004	Trametes hirsuta	Aedes	aegypti	5327.0
	SAND	Other eukaryotes		Other Eukaryotes		1.3813935498130514e-05	CMS002_018b_Rb_S129_L004	Polyporaceae	Aedes	aegypti	5317.0
	SAND	Other eukaryotes		Other Eukaryotes		2.3772054523584255e-05	CMS002_019a_Rb_S130_L004	Hypocreales	Aedes	aegypti	5125.0
