NewIDseqName,OldIDseqName,czbiohub-mosquito_sequences_id,raw_sequence_run_directory,host,sample_type,nucleotide_type,collection_date,collection_lat,collection_long,Habitat,Population,collected_by,preservation_method,sex,life_stage,visual_genus,visual_species,compute_genus,compute_species,blood_fed,sample_unit,known_organism,detection_method,library_prep,sequencer,rna_dna_input_ng,library_prep_batch,extraction_batch,Notes:
CMS001_001_Ra_S1,CMS_001_RNA_A_S1,CMS_001_RNA_A_S1,czbiohub-seqbot/fastqs/180323_NB501961_0089_AHLN5JBGX5/rawdata/CMS_001_RNA_A_S1_R1_001.fastq.gz,mosquito,whole,RNA,2017-10-03T00:00:00Z,37.55697,-122.07938,Marsh / Wildlife Refuge / Park,Suburban,ALCO,CO2,female,NA,Culex,erythrothorax,Culex,erythrothorax,blood fed,1,NA,NA,NEBNext Ultra II Directional RNA Library Prep Kit,NextSeq ,27.3,022218_1,021918_1,
CMS001_002_Ra_S1,CMS_002_RNA_A_S1,CMS_002_RNA_A_S1,czbiohub-seqbot/fastqs/180412_NB501961_0097_AHLMLMBGX5/rawdata/CMS_002_RNA_A_S1_R1_001.fastq.gz,mosquito,whole,RNA,2017-09-21T00:00:00Z,37.55697,-122.07938,Marsh / Wildlife Refuge / Park,Suburban,ALCO,CO2,female,NA,Culiseta,particeps,Culiseta,particeps,blood fed,1,NA,NA,NEBNext Ultra II Directional RNA Library Prep Kit,NextSeq ,59.8,0232918_1,032418_1,
CMS001_003_Ra_S2,CMS_003_RNA_A_S2,CMS_003_RNA_A_S2,czbiohub-seqbot/fastqs/180323_NB501961_0089_AHLN5JBGX5/rawdata/CMS_003_RNA_A_S2_R1_001.fastq.gz,mosquito,whole,RNA,2017-09-19T00:00:00Z,37.55697,-122.07938,Marsh / Wildlife Refuge / Park,Suburban,ALCO,CO2,female,NA,Culex,pipiens,Culex,pipiens,blood fed,1,NA,NA,NEBNext Ultra II Directional RNA Library Prep Kit,NextSeq ,88.9,022218_1,021918_1,
CMS001_004_Ra_S2,CMS_004_RNA_A_S2,CMS_004_RNA_A_S2,czbiohub-seqbot/fastqs/180412_NB501961_0097_AHLMLMBGX5/rawdata/CMS_004_RNA_A_S2_R1_001.fastq.gz,mosquito,whole,RNA,2017-09-12T00:00:00Z,37.7152,-122.19431, Industrial (waste water treatment plant),Urban,ALCO,CO2,female,NA,Culiseta,incidens,Culiseta,incidens,blood fed,1,NA,NA,NEBNext Ultra II Directional RNA Library Prep Kit,NextSeq ,88.4,0232918_1,032418_1,
CMS001_005_Ra_S3,CMS_005_RNA_A_S3,CMS_005_RNA_A_S3,czbiohub-seqbot/fastqs/180323_NB501961_0089_AHLN5JBGX5/rawdata/CMS_005_RNA_A_S3_R1_001.fastq.gz,mosquito,whole,RNA,2017-09-29T00:00:00Z,37.78886,-122.29903,Residential,Suburban,ALCO,CO2,female,NA,Culex,erythrothorax,Culex,erythrothorax,blood fed,1,NA,NA,NEBNext Ultra II Directional RNA Library Prep Kit,NextSeq ,240.7,022218_1,021918_1,
CMS001_006_Ra_S5,CMS_001_06_S5,CMS_006_RNA_A_S5,czbiohub-seqbot/fastqs/180810_A00111_0186_AH7G3JDSXX/rawdata/Kalani_Ratnasiri/CMS_001_16_S5_L001_R1_001.fastq.gz,mosquito,whole,RNA,2017-09-19T00:00:00Z,37.55697,-122.07938,Marsh / Wildlife Refuge / Park,Suburban,ALCO,CO2,female,NA,Culex,erythrothorax,Culex,erythrothorax,blood fed,1,NA,NA,NEBNext Ultra II Directional RNA Library Prep Kit,NextSeq ,32.5,080218_1,011518_1,
CMS001_007_Ra_S12,CMS_007_RNA_A_S12,CMS_007_RNA_A_S12,czbiohub-seqbot/fastqs/180323_NB501961_0089_AHLN5JBGX5/rawdata/CMS_007_RNA_A_S12_R1_001.fastq.gz,mosquito,whole,RNA,2017-09-19T00:00:00Z,37.55697,-122.07938,Marsh / Wildlife Refuge / Park,Suburban,ALCO,CO2,female,NA,Culiseta,particeps,Culiseta,particeps,blood fed,1,NA,NA,NEBNext Ultra II Directional RNA Library Prep Kit,NextSeq ,62,031118_1,030618_1,
CMS001_008_Ra_S3,CMS_008_RNA_A_S3,CMS_008_RNA_A_S3,czbiohub-seqbot/fastqs/180412_NB501961_0097_AHLMLMBGX5/rawdata/CMS_008_RNA_A_S3_R1_001.fastq.gz,mosquito,whole,RNA,2017-09-19T00:00:00Z,37.55697,-122.07938,Marsh / Wildlife Refuge / Park,Suburban,ALCO,CO2,female,NA,Culiseta,particeps,Culiseta,particeps,blood fed,1,NA,NA,NEBNext Ultra II Directional RNA Library Prep Kit,NextSeq ,150,0232918_1,032418_1,
CMS001_009_Ra_S13,CMS_009_RNA_A_S13,CMS_009_RNA_A_S13,czbiohub-seqbot/fastqs/180323_NB501961_0089_AHLN5JBGX5/rawdata/CMS_009_RNA_A_S13_R2_001.fastq.gz,mosquito,whole,RNA,2017-09-19T00:00:00Z,37.55697,-122.07938,Marsh / Wildlife Refuge / Park,Suburban,ALCO,CO2,female,NA,Culex,erythrothorax,Culex,erythrothorax,blood fed,1,NA,NA,NEBNext Ultra II Directional RNA Library Prep Kit,NextSeq ,93,031118_1,30618_1,
CMS001_010_Ra_S1,CMS_010_RNA_A_S1,CMS_010_RNA_A_S1,czbiohub-seqbot/fastqs/180417_NB501961_0099_AHWNYNAFXX/rawdata/CMS_010_RNA_A_S1_R1_001.fastq.gz,mosquito,whole,RNA,2017-09-19T00:00:00Z,37.55697,-122.07938,Marsh / Wildlife Refuge / Park,Suburban,ALCO,CO2,female,NA,Culex,erythrothorax,Culex,erythrothorax,blood fed,1,NA,NA,NEBNext Ultra II Directional RNA Library Prep Kit,NextSeq ,14.7,040618_1,040618_1,
CMS001_011_Ra_S4,CMS_011_RNA_A_S4,CMS_011_RNA_A_S4,czbiohub-seqbot/fastqs/180412_NB501961_0097_AHLMLMBGX5/rawdata/CMS_011_RNA_A_S4_R1_001.fastq.gz,mosquito,whole,RNA,2017-09-19T00:00:00Z,37.55697,-122.07938,Marsh / Wildlife Refuge / Park,Suburban,ALCO,CO2,female,NA,Aedes,dorsalis,Aedes,dorsalis,blood fed,1,NA,NA,NEBNext Ultra II Directional RNA Library Prep Kit,NextSeq ,55,0232918_1,032418_1,
CMS001_012_Ra_S4,CMS_012_RNA_A_S4,CMS_012_RNA_A_S4,czbiohub-seqbot/fastqs/180323_NB501961_0089_AHLN5JBGX5/rawdata/CMS_012_RNA_A_S4_R1_001.fastq.gz,mosquito,whole,RNA,2017-09-19T00:00:00Z,37.55697,-122.07938,Marsh / Wildlife Refuge / Park,Suburban,ALCO,CO2,female,NA,Culex,erythrothorax,Culex,erythrothorax,blood fed,1,NA,NA,NEBNext Ultra II Directional RNA Library Prep Kit,NextSeq ,86.1,022218_1,021918_1,
CMS001_013_Ra_S5,CMS_013_RNA_A_S5,CMS_013_RNA_A_S5,czbiohub-seqbot/fastqs/180412_NB501961_0097_AHLMLMBGX5/rawdata/CMS_013_RNA_A_S5_R1_001.fastq.gz,mosquito,whole,RNA,2017-09-19T00:00:00Z,37.55697,-122.07938,Marsh / Wildlife Refuge / Park,Suburban,ALCO,CO2,female,NA,Culiseta,incidens,Culiseta,incidens,blood fed,1,NA,NA,NEBNext Ultra II Directional RNA Library Prep Kit,NextSeq ,37.2,0232918_1,032418_1,
CMS001_014_Ra_S5,CMS_014_RNA_A_S5,CMS_014_RNA_A_S5,czbiohub-seqbot/fastqs/180323_NB501961_0089_AHLN5JBGX5/rawdata/CMS_009_RNA_A_S13_R1_001.fastq.gz,mosquito,whole,RNA,2017-10-06T00:00:00Z,37.58191,-122.04838,Marsh,Suburban,ALCO,CO2,female,NA,Culex,erythrothorax,Culex,erythrothorax,blood fed,1,NA,NA,NEBNext Ultra II Directional RNA Library Prep Kit,NextSeq ,65,022218_1,021918_1,
CMS001_015_Ra_S13,CMS_015_RNA_A_S13,CMS_015_RNA_A_S13,czbiohub-seqbot/fastqs/180412_NB501961_0097_AHLMLMBGX5/rawdata/CMS_0015_RNA_A_S13_R1_001.fastq.gz,mosquito,whole,RNA,2017-09-27T00:00:00Z,37.55697,-122.07938,Marsh / Wildlife Refuge / Park,Suburban,ALCO,CO2,female,NA,Culiseta,inornata,Culiseta,inornata,blood fed,1,NA,NA,NEBNext Ultra II Directional RNA Library Prep Kit,NextSeq ,63.2,0232918_1,032818_1,
CMS001_016_Ra_S6,CMS_016_RNA_A_S6,CMS_016_RNA_A_S6,czbiohub-seqbot/fastqs/180323_NB501961_0089_AHLN5JBGX5/rawdata/CMS_016_RNA_A_S6_R1_001.fastq.gz,mosquito,whole,RNA,2017-10-06T00:00:00Z,37.58191,-122.04846,Marsh,Suburban,ALCO,CO2,female,NA,Culex,erythrothorax,Culex,erythrothorax,blood fed,1,NA,NA,NEBNext Ultra II Directional RNA Library Prep Kit,NextSeq ,153.4,022218_1,021918_1,
CMS001_017_Ra_S6,CMS_001_17_S6_L001,CMS_017_RNA_A_S6,czbiohub-seqbot/fastqs/180810_A00111_0186_AH7G3JDSXX/rawdata/Kalani_Ratnasiri/CMS_001_17_S6_L001_R1_001.fastq.gz,mosquito,whole,RNA,2017-10-06T00:00:00Z,37.58191,-122.04838,Marsh,Suburban,ALCO,CO2,female,NA,Culex,erythrothorax,Culex,erythrothorax,blood fed,1,NA,NA,NEBNext Ultra II Directional RNA Library Prep Kit,NextSeq ,73.9,080218_1,011518_1,
CMS001_018_Ra_S14,CMS_018_RNA_A_S14,CMS_018_RNA_A_S14,czbiohub-seqbot/fastqs/180323_NB501961_0089_AHLN5JBGX5/rawdata/CMS_018_RNA_A_S14_R1_001.fastq.gz,mosquito,whole,RNA,2017-09-27T00:00:00Z,37.55697,-122.07938,Marsh / Wildlife Refuge / Park,Suburban,ALCO,CO2,female,NA,Culex,erythrothorax,Culex,erythrothorax,blood fed,1,NA,NA,NEBNext Ultra II Directional RNA Library Prep Kit,NextSeq ,46.4,031118_1,030618_1,
CMS001_019_Ra_S14,CMS_019_RNA_A_S14,CMS_019_RNA_A_S14,czbiohub-seqbot/fastqs/180412_NB501961_0097_AHLMLMBGX5/rawdata/CMS_019_RNA_A_S14_R2_001.fastq.gz,mosquito,whole,RNA,2017-10-04T00:00:00Z,37.55697,-122.07938,Marsh / Wildlife Refuge / Park,Suburban,ALCO,CO2,female,NA,Culex,erythrothorax,Culex,erythrothorax,blood fed,1,NA,NA,NEBNext Ultra II Directional RNA Library Prep Kit,NextSeq ,59.4,0232918_1,032818_1,
CMS001_020_Ra_S15,CMS_020_RNA_A_S15,CMS_020_RNA_A_S15,czbiohub-seqbot/fastqs/180412_NB501961_0097_AHLMLMBGX5/rawdata/CMS_020_RNA_A_S15_R1_001.fastq.gz,mosquito,whole,RNA,2017-10-06T00:00:00Z,37.58191,-122.04846,Marsh,Suburban,ALCO,CO2,female,NA,Culex,erythrothorax,Culex,erythrothorax,blood fed,1,NA,NA,NEBNext Ultra II Directional RNA Library Prep Kit,NextSeq ,33.6,0232918_1,032818_1,
CMS001_021_Ra_S16,CMS_021_RNA_A_S16,CMS_021_RNA_A_S16,czbiohub-seqbot/fastqs/180412_NB501961_0097_AHLMLMBGX5/rawdata/CMS_021_RNA_A_S16_R1_001.fastq.gz,mosquito,whole,RNA,2017-10-06T00:00:00Z,37.58191,-122.04838,Marsh,Suburban,ALCO,CO2,female,NA,Culex,erythrothorax,Culex,erythrothorax,blood fed,1,NA,NA,NEBNext Ultra II Directional RNA Library Prep Kit,NextSeq ,32.2,0232918_1,032818_1,
CMS001_022_Ra_S6,CMS_022_RNA_A_S6,CMS_022_RNA_A_S6,czbiohub-seqbot/fastqs/180412_NB501961_0097_AHLMLMBGX5/rawdata/CMS_022_RNA_A_S6_R1_001.fastq.gz,mosquito,whole,RNA,2017-09-27T00:00:00Z,37.55697,-122.07938,Marsh / Wildlife Refuge / Park,Suburban,ALCO,CO2,female,NA,Culex,erythrothorax,Culex,erythrothorax,blood fed,1,NA,NA,NEBNext Ultra II Directional RNA Library Prep Kit,NextSeq ,27.4,0232918_1,032418_1,
CMS001_023_Ra_S17,CMS_023_RNA_A_S17,CMS_023_RNA_A_S17,czbiohub-seqbot/fastqs/180412_NB501961_0097_AHLMLMBGX5/rawdata/CMS_023_RNA_A_S17_R1_001.fastq.gz,mosquito,whole,RNA,2017-10-06T00:00:00Z,37.58191,-122.04838,Marsh,Suburban,ALCO,CO2,female,NA,Culex,erythrothorax,Culex,erythrothorax,blood fed,1,NA,NA,NEBNext Ultra II Directional RNA Library Prep Kit,NextSeq ,98.8,0232918_1,032818_1,
CMS001_024_Ra_S15,CMS_024_RNA_A_S15,CMS_024_RNA_A_S15,czbiohub-seqbot/fastqs/180323_NB501961_0089_AHLN5JBGX5/rawdata/CMS_024_RNA_A_S15_R1_001.fastq.gz,mosquito,whole,RNA,2017-10-06T00:00:00Z,37.58191,-122.04838,Marsh,Suburban,ALCO,CO2,female,NA,Culex,tarsalis,Culiseta,particeps,blood fed,1,NA,NA,NEBNext Ultra II Directional RNA Library Prep Kit,NextSeq ,3.1,031118_1,030618_1,
CMS001_025_Ra_S7,CMS_025_RNA_A_S7,CMS_025_RNA_A_S7,czbiohub-seqbot/fastqs/180412_NB501961_0097_AHLMLMBGX5/rawdata/CMS_025_RNA_A_S7_R1_001.fastq.gz,mosquito,whole,RNA,2017-09-21T00:00:00Z,37.55697,-122.07938,Marsh / Wildlife Refuge / Park,Suburban,ALCO,CO2,female,NA,Culex,tarsalis,Culiseta,incidens,blood fed,1,NA,NA,NEBNext Ultra II Directional RNA Library Prep Kit,NextSeq ,120,0232918_1,032418_1,
CMS001_026_Ra_S18,CMS_026_RNA_A_S18,CMS_026_RNA_A_S18,czbiohub-seqbot/fastqs/180412_NB501961_0097_AHLMLMBGX5/rawdata/CMS_026_RNA_A_S18_R1_001.fastq.gz,mosquito,whole,RNA,2017-09-19T00:00:00Z,37.50953,-121.93113,Park,Suburban,ALCO,CO2,female,NA,Culex,tarsalis,Culex,tarsalis,blood fed,1,NA,NA,NEBNext Ultra II Directional RNA Library Prep Kit,NextSeq ,60.6,0232918_1,032818_1,
CMS001_027_Ra_S16,CMS_027_RNA_A_S16,CMS_027_RNA_A_S16,czbiohub-seqbot/fastqs/180323_NB501961_0089_AHLN5JBGX5/rawdata/CMS_027_RNA_A_S16_R1_001.fastq.gz,mosquito,whole,RNA,2017-09-12T00:00:00Z,37.8665,-122.31051,Park / Undeveloped,Urban,ALCO,CO2,female,NA,Culex,tarsalis,Culex,tarsalis,blood fed,1,NA,NA,NEBNext Ultra II Directional RNA Library Prep Kit,NextSeq ,49.1,031118_1,30618_1,
CMS001_028_Ra_S17,CMS_028_RNA_A_S17,CMS_028_RNA_A_S17,czbiohub-seqbot/fastqs/180323_NB501961_0089_AHLN5JBGX5/rawdata/CMS_028_RNA_A_S17_R1_001.fastq.gz,mosquito,whole,RNA,2017-09-12T00:00:00Z,37.7152,-122.19431, Industrial (waste water treatment plant),Urban,ALCO,CO2,female,NA,Culex,pipiens,Culex,pipiens,blood fed,1,NA,NA,NEBNext Ultra II Directional RNA Library Prep Kit,NextSeq ,96,031118_1,30618_1,
CMS001_029_Ra_S18,CMS_029_RNA_A_S18,CMS_029_RNA_A_S18,czbiohub-seqbot/fastqs/180323_NB501961_0089_AHLN5JBGX5/rawdata/CMS_029_RNA_A_S18_R1_001.fastq.gz,mosquito,whole,RNA,2017-09-13T00:00:00Z,37.68473,-121.91341,Park / adjacent to  Industrial (waste water treatment plant),Suburban,ALCO,CO2,female,NA,Culex,pipiens,Culex,pipiens,blood fed,1,NA,NA,NEBNext Ultra II Directional RNA Library Prep Kit,NextSeq ,82,031118_1,30618_1,
CMS001_030_Ra_S7,CMS_030_RNA_A_S7,CMS_030_RNA_A_S7,czbiohub-seqbot/fastqs/180323_NB501961_0089_AHLN5JBGX5/rawdata/CMS_030_RNA_A_S7_R1_001.fastq.gz,mosquito,whole,RNA,2017-09-10T00:00:00Z,37.7152,-122.19431, Industrial (waste water treatment plant),Urban,ALCO,CO2,female,NA,Culex,tarsalis,Culex,tarsalis,blood fed,1,NA,NA,NEBNext Ultra II Directional RNA Library Prep Kit,NextSeq ,273,022218_1,021918_1,
CMS001_031_Ra_S19,CMS_031_RNA_A_S19,CMS_031_RNA_A_S19,czbiohub-seqbot/fastqs/180323_NB501961_0089_AHLN5JBGX5/rawdata/CMS_031_RNA_A_S19_R1_001.fastq.gz,mosquito,whole,RNA,2017-09-13T00:00:00Z,37.8063,-122.2573,Park,Urban,ALCO,CO2,female,NA,Culex,tarsalis,Culex,tarsalis,blood fed,1,NA,NA,NEBNext Ultra II Directional RNA Library Prep Kit,NextSeq ,28.2,031118_1,30618_1,
CMS001_032_Ra_S7,CMS_001_032_S7_L001,CMS_032_RNA_A_S7,czbiohub-seqbot/fastqs/180810_A00111_0186_AH7G3JDSXX/rawdata/Kalani_Ratnasiri/CMS_001_32_S7_L001_R1_001.fastq.gz,mosquito,whole,RNA,NA,37.66126,-122.13335,Golf Course,Suburban,ALCO,CO2,female,NA,Culex,tarsalis,Culex,tarsalis,blood fed,1,NA,NA,NEBNext Ultra II Directional RNA Library Prep Kit,NextSeq ,124.3,080218_1,011518_1,
CMS001_033_Ra_S8,CMS_033_RNA_A_S8,CMS_033_RNA_A_S8,czbiohub-seqbot/fastqs/180412_NB501961_0097_AHLMLMBGX5/rawdata/CMS_033_RNA_A_S8_R1_001.fastq.gz,mosquito,whole,RNA,2017-09-11T00:00:00Z,37.55697,-122.07938,Marsh / Wildlife Refuge / Park,Suburban,ALCO,CO2,female,NA,Culex,tarsalis,Culex,tarsalis,blood fed,1,NA,NA,NEBNext Ultra II Directional RNA Library Prep Kit,NextSeq ,32.4,0232918_1,032418_1,
CMS001_034_Ra_S19,CMS_034_RNA_A_S19,CMS_034_RNA_A_S19,czbiohub-seqbot/fastqs/180412_NB501961_0097_AHLMLMBGX5/rawdata/CMS_034_RNA_A_S19_R1_001.fastq.gz,mosquito,whole,RNA,2017-09-11T00:00:00Z,37.55697,-122.07938,Marsh / Wildlife Refuge / Park,Suburban,ALCO,CO2,female,NA,Culex,erythrothorax,Culex,erythrothorax,blood fed,1,NA,NA,NEBNext Ultra II Directional RNA Library Prep Kit,NextSeq ,56.6,0232918_1,032818_1,
CMS001_035_Ra_S20,CMS_035_RNA_A_S20,CMS_035_RNA_A_S20,czbiohub-seqbot/fastqs/180323_NB501961_0089_AHLN5JBGX5/rawdata/CMS_035_RNA_A_S20_R1_001.fastq.gz,mosquito,whole,RNA,2017-09-11T00:00:00Z,37.55697,-122.07938,Marsh / Wildlife Refuge / Park,Suburban,ALCO,CO2,female,NA,Culex,tarsalis,Culex,tarsalis,blood fed,1,NA,NA,NEBNext Ultra II Directional RNA Library Prep Kit,NextSeq ,28.8,031118_1,30618_1,
CMS001_036_Ra_S20,CMS_036_RNA_A_S20,CMS_036_RNA_A_S20,czbiohub-seqbot/fastqs/180412_NB501961_0097_AHLMLMBGX5/rawdata/CMS_036_RNA_A_S20_R1_001.fastq.gz,mosquito,whole,RNA,2017-09-11T00:00:00Z,37.55697,-122.07938,Marsh / Wildlife Refuge / Park,Suburban,ALCO,CO2,female,NA,Culex,erythrothorax,Culex,erythrothorax,blood fed,1,NA,NA,NEBNext Ultra II Directional RNA Library Prep Kit,NextSeq ,36.2,0232918_1,032818_1,
CMS001_037_Ra_S21,CMS_037_RNA_A_S21,CMS_037_RNA_A_S21,czbiohub-seqbot/fastqs/180412_NB501961_0097_AHLMLMBGX5/rawdata/CMS_037_RNA_A_S21_R1_001.fastq.gz,mosquito,whole,RNA,2017-08-18T00:00:00Z,NA,NA,NA,NA,ALCO,CO2,female,NA,Culex,tarsalis,Culex,tarsalis,blood fed,1,NA,NA,NEBNext Ultra II Directional RNA Library Prep Kit,NextSeq ,42.4,0232918_1,032818_1,
CMS001_038_Ra_S22,CMS_038_RNA_A_S22,CMS_038_RNA_A_S22,czbiohub-seqbot/fastqs/180412_NB501961_0097_AHLMLMBGX5/rawdata/CMS_038_RNA_A_S22_R1_001.fastq.gz,mosquito,whole,RNA,2017-08-24T00:00:00Z,37.58391,-122.09238,Marsh,Suburban,ALCO,CO2,female,NA,Culex,tarsalis,Culex,tarsalis,blood fed,1,NA,NA,NEBNext Ultra II Directional RNA Library Prep Kit,NextSeq ,74.2,0232918_1,032818_1,
CMS001_039_Ra_S9,CMS_039_RNA_A_S9,CMS_039_RNA_A_S9,czbiohub-seqbot/fastqs/180412_NB501961_0097_AHLMLMBGX5/rawdata/CMS_039_RNA_A_S9_R1_001.fastq.gz,mosquito,whole,RNA,2017-08-24T00:00:00Z,37.58391,-122.09238,Marsh,Suburban,ALCO,CO2,female,NA,Culex,tarsalis,Culex,tarsalis,blood fed,1,NA,NA,NEBNext Ultra II Directional RNA Library Prep Kit,NextSeq ,104,0232918_1,032418_1,
CMS001_040_Ra_S21,CMS_040_RNA_A_S21,CMS_040_RNA_A_S21,czbiohub-seqbot/fastqs/180323_NB501961_0089_AHLN5JBGX5/rawdata/CMS_040_RNA_A_S21_R1_001.fastq.gz,mosquito,whole,RNA,2017-08-31T00:00:00Z,37.49949,-121.93378,Undeveloped,Urban,ALCO,CO2,female,NA,Culex,pipiens,Culex,pipiens,blood fed,1,NA,NA,NEBNext Ultra II Directional RNA Library Prep Kit,NextSeq ,27,031118_1,30618_1,
CMS001_041_Ra_S10,CMS_041_RNA_A_S10,CMS_041_RNA_A_S10,czbiohub-seqbot/fastqs/180412_NB501961_0097_AHLMLMBGX5/rawdata/CMS_041_RNA_A_S10_R1_001.fastq.gz,mosquito,whole,RNA,2017-08-31T00:00:00Z,37.49949,-121.93378,Undeveloped,Urban,ALCO,CO2,female,NA,Culex,tarsalis,Culex,tarsalis,blood fed,1,NA,NA,NEBNext Ultra II Directional RNA Library Prep Kit,NextSeq ,48,0232918_1,032418_1,
CMS001_042_Ra_S23,CMS_042_RNA_A_S23,CMS_042_RNA_A_S23,czbiohub-seqbot/fastqs/180412_NB501961_0097_AHLMLMBGX5/rawdata/CMS_042_RNA_A_S23_R1_001.fastq.gz,mosquito,whole,RNA,2017-08-25T00:00:00Z,37.66126,-122.13335,Golf Course,Suburban,ALCO,CO2,female,NA,Culex,tarsalis,Culex,tarsalis,blood fed,1,NA,NA,NEBNext Ultra II Directional RNA Library Prep Kit,NextSeq ,96,0232918_1,032818_1,
CMS001_043_Ra_S24,CMS_043_RNA_A_S24,CMS_043_RNA_A_S24,czbiohub-seqbot/fastqs/180412_NB501961_0097_AHLMLMBGX5/rawdata/CMS_043_RNA_A_S24_R1_001.fastq.gz,mosquito,whole,RNA,2017-08-25T00:00:00Z,37.66126,-122.13335,Golf Course,Suburban,ALCO,CO2,female,NA,Culex,pipiens,Culex,pipiens,blood fed,1,NA,NA,NEBNext Ultra II Directional RNA Library Prep Kit,NextSeq ,134,0232918_1,032818_1,
CMS001_044_Ra_S25,CMS_044_RNA_A_S25,CMS_044_RNA_A_S25,czbiohub-seqbot/fastqs/180412_NB501961_0097_AHLMLMBGX5/rawdata/CMS_044_RNA_A_S25_R1_001.fastq.gz,mosquito,whole,RNA,2017-08-25T00:00:00Z,37.66126,-122.13335,Golf Course,Suburban,ALCO,CO2,female,NA,Culex,pipiens,Culex,pipiens,blood fed,1,NA,NA,NEBNext Ultra II Directional RNA Library Prep Kit,NextSeq ,62,031118_1,30618_1,
CMS001_045_Ra_S2,CMS_045_RNA_A_S2,CMS_045_RNA_A_S2,czbiohub-seqbot/fastqs/180417_NB501961_0099_AHWNYNAFXX/rawdata/CMS_045_RNA_A_S2_R1_001.fastq.gz,mosquito,whole,RNA,2017-08-03T00:00:00Z,37.55697,-122.07938,Marsh / Wildlife Refuge / Park,Suburban,ALCO,CO2,female,NA,Culex,tarsalis,Culex,erythrothorax,blood fed,1,NA,NA,NEBNext Ultra II Directional RNA Library Prep Kit,NextSeq ,6.12,040618_1,040618_1,
CMS001_046_Ra_S3,CMS_046_RNA_A_S3,CMS_046_RNA_A_S3,czbiohub-seqbot/fastqs/180417_NB501961_0099_AHWNYNAFXX/rawdata/CMS_046_RNA_A_S3_R1_001.fastq.gz,mosquito,whole,RNA,2017-08-03T00:00:00Z,37.55697,-122.07938,Marsh / Wildlife Refuge / Park,Suburban,ALCO,CO2,female,NA,Culex,tarsalis,Culex,tarsalis,blood fed,1,NA,NA,NEBNext Ultra II Directional RNA Library Prep Kit,NextSeq ,29.4,040618_1,040618_1,
CMS001_047_Ra_S4,CMS_047_RNA_A_S4,CMS_047_RNA_A_S4,czbiohub-seqbot/fastqs/180417_NB501961_0099_AHWNYNAFXX/rawdata/CMS_047_RNA_A_S4_R1_001.fastq.gz,mosquito,whole,RNA,2017-08-03T00:00:00Z,37.55697,-122.07938,Marsh / Wildlife Refuge / Park,Suburban,ALCO,CO2,female,NA,Culex,erythrothorax,Culex,erythrothorax,blood fed,1,NA,NA,NEBNext Ultra II Directional RNA Library Prep Kit,NextSeq ,48.4,040618_1,040618_1,
CMS001_048_Ra_S5,CMS_048_RNA_A_S5,CMS_048_RNA_A_S5,czbiohub-seqbot/fastqs/180417_NB501961_0099_AHWNYNAFXX/rawdata/CMS_048_RNA_A_S5_R1_001.fastq.gz,mosquito,whole,RNA,2017-08-03T00:00:00Z,37.55697,-122.07938,Marsh / Wildlife Refuge / Park,Suburban,ALCO,CO2,female,NA,Culex,erythrothorax,Culex,erythrothorax,blood fed,1,NA,NA,NEBNext Ultra II Directional RNA Library Prep Kit,NextSeq ,29.4,040618_1,040618_1,
CMS001_049_Ra_S6,CMS_049_RNA_A_S6,CMS_049_RNA_A_S6,czbiohub-seqbot/fastqs/180417_NB501961_0099_AHWNYNAFXX/rawdata/CMS_049_RNA_A_S6_R1_001.fastq.gz,mosquito,whole,RNA,2017-08-03T00:00:00Z,37.55697,-122.07938,Marsh / Wildlife Refuge / Park,Suburban,ALCO,CO2,female,NA,Culex,erythrothorax,Culex,erythrothorax,blood fed,1,NA,NA,NEBNext Ultra II Directional RNA Library Prep Kit,NextSeq ,54.4,040618_1,040618_1,
CMS001_050_Ra_S23,CMS_050_RNA_A_S23,CMS_050_RNA_A_S23,czbiohub-seqbot/fastqs/180323_NB501961_0089_AHLN5JBGX5/rawdata/CMS_050_RNA_A_S23_R1_001.fastq.gz,mosquito,whole,RNA,2017-10-17T00:00:00Z,37.50608,-121.99857,Marsh,Urban,ALCO,CO2,female,NA,Culex,erythrothorax,Culex,erythrothorax,blood fed,1,NA,NA,NEBNext Ultra II Directional RNA Library Prep Kit,NextSeq ,57,031118_1,30618_1,
CMS001_051_Ra_S8,CMS_051_RNA_A_S8,CMS_051_RNA_A_S8,czbiohub-seqbot/fastqs/180323_NB501961_0089_AHLN5JBGX5/rawdata/CMS_051_RNA_A_S8_R1_001.fastq.gz,mosquito,whole,RNA,2017-10-17T00:00:00Z,37.50608,-121.99857,Marsh,Urban,ALCO,CO2,female,NA,Culex,tarsalis,Culex,tarsalis,blood fed,1,NA,NA,NEBNext Ultra II Directional RNA Library Prep Kit,NextSeq ,94.3,022218_1,021918_1,
CMS001_052_Ra_S7,CMS_052_RNA_A_S7,CMS_052_RNA_A_S7,czbiohub-seqbot/fastqs/180417_NB501961_0099_AHWNYNAFXX/rawdata/CMS_052_RNA_A_S7_R1_001.fastq.gz,mosquito,whole,RNA,2017-09-21T00:00:00Z,37.55697,-122.07938,Marsh / Wildlife Refuge / Park,Suburban,ALCO,CO2,female,NA,Culex,erythrothorax,Culex,erythrothorax,blood fed,1,NA,NA,NEBNext Ultra II Directional RNA Library Prep Kit,NextSeq ,63.4,040618_1,040618_1,
CMS001_053_Ra_S8,CMS_053_RNA_A_S8,CMS_053_RNA_A_S8,czbiohub-seqbot/fastqs/180417_NB501961_0099_AHWNYNAFXX/rawdata/CMS_053_RNA_A_S8_R1_001.fastq.gz,mosquito,whole,RNA,2017-10-07T00:00:00Z,37.55697,-122.07938,Marsh / Wildlife Refuge / Park,Suburban,ALCO,CO2,female,NA,Culex,erythrothorax,Culex,erythrothorax,blood fed,1,NA,NA,NEBNext Ultra II Directional RNA Library Prep Kit,NextSeq ,75.6,040618_1,040618_1,
CMS001_054_Ra_S11,CMS_054_RNA_A_S11,CMS_054_RNA_A_S11,czbiohub-seqbot/fastqs/180412_NB501961_0097_AHLMLMBGX5/rawdata/CMS_054_RNA_A_S11_R1_001.fastq.gz,mosquito,whole,RNA,2016-02-10T00:00:00Z,37.63083,-122.14267,Marsh / Wildlife Refuge / Park,Suburban,ALCO,CO2,female,NA,Culex,pipiens,Culex,pipiens,blood fed,1,NA,NA,NEBNext Ultra II Directional RNA Library Prep Kit,NextSeq ,69.6,0232918_1,032418_1,
CMS001_055_Ra_S9,CMS_055_RNA_A_S9,CMS_055_RNA_A_S9,czbiohub-seqbot/fastqs/180417_NB501961_0099_AHWNYNAFXX/rawdata/CMS_055_RNA_A_S9_R1_001.fastq.gz,mosquito,whole,RNA,2017-09-21T00:00:00Z,37.55697,-122.07938,Marsh / Wildlife Refuge / Park,Suburban,ALCO,CO2,female,NA,Culex,erythrothorax,Culex,erythrothorax,blood fed,1,NA,NA,NEBNext Ultra II Directional RNA Library Prep Kit,NextSeq ,34.8,040618_1,040618_1,
CMS001_056_Ra_S10,CMS_056_RNA_A_S10,CMS_056_RNA_A_S10,czbiohub-seqbot/fastqs/180417_NB501961_0099_AHWNYNAFXX/rawdata/CMS_056_RNA_A_S10_R1_001.fastq.gz,mosquito,whole,RNA,2017-09-21T00:00:00Z,37.55697,-122.07938,Marsh / Wildlife Refuge / Park,Suburban,ALCO,CO2,female,NA,Culex,erythrothorax,Culex,erythrothorax,blood fed,1,NA,NA,NEBNext Ultra II Directional RNA Library Prep Kit,NextSeq ,33.6,040618_1,040618_1,
CMS001_057_Ra_S11,CMS_057_RNA_A_S11,CMS_057_RNA_A_S11,czbiohub-seqbot/fastqs/180417_NB501961_0099_AHWNYNAFXX/rawdata/CMS_057_RNA_A_S11_R1_001.fastq.gz,mosquito,whole,RNA,2017-09-21T00:00:00Z,37.55697,-122.07938,Marsh / Wildlife Refuge / Park,Suburban,ALCO,CO2,female,NA,Culex,erythrothorax,Culex,erythrothorax,blood fed,1,NA,NA,NEBNext Ultra II Directional RNA Library Prep Kit,NextSeq ,26.6,040618_1,040618_1,
CMS001_058_Ra_S9,CMS_058_RNA_A_S9,CMS_058_RNA_A_S9,czbiohub-seqbot/fastqs/180323_NB501961_0089_AHLN5JBGX5/rawdata/CMS_058_RNA_A_S9_R1_001.fastq.gz,mosquito,whole,RNA,NA,NA,NA,NA,NA,ALCO,CO2,female,NA,NA,NA,Culex,erythrothorax,blood fed,1,NA,NA,NEBNext Ultra II Directional RNA Library Prep Kit,NextSeq ,82.5,022218_1,021918_1,
CMS001_059_Ra_S10,CMS_059_RNA_A_S10,CMS_059_RNA_A_S10,czbiohub-seqbot/fastqs/180323_NB501961_0089_AHLN5JBGX5/rawdata/CMS_059_RNA_A_S10_R2_001.fastq.gz,mosquito,whole,RNA,2017-10-24T00:00:00Z,37.6683,-122.15915, Industrial (waste water treatment plant),Urban,ALCO,CO2,female,NA,Culex,pipiens,Culex,pipiens,blood fed,1,NA,NA,NEBNext Ultra II Directional RNA Library Prep Kit,NextSeq ,201,022218_1,021918_1,
CMS001_060_Ra_S12,CMS_060_RNA_A_S12,CMS_060_RNA_A_S12,czbiohub-seqbot/fastqs/180412_NB501961_0097_AHLMLMBGX5/rawdata/CMS_060_RNA_A_S12_R1_001.fastq.gz,mosquito,whole,RNA,2017-10-23T00:00:00Z,37.55697,-122.07938,Marsh / Wildlife Refuge / Park,Suburban,ALCO,CO2,female,NA,Culiseta,inornata,Culiseta,inornata,blood fed,1,NA,NA,NEBNext Ultra II Directional RNA Library Prep Kit,NextSeq ,66,0232918_1,032418_1,
CMS001_water1_S11,CMS_water1_S11,CMS_water1_S11,czbiohub-seqbot/fastqs/180323_NB501961_0089_AHLN5JBGX5/rawdata/CMS_water1_S11_R1_001.fastq.gz,NA,NA,RNA,NA,NA,NA,NA,NA,NA,NA,NA,NA,NA,NA,NA,NA,NA,1,NA,NA,NEBNext Ultra II Directional RNA Library Prep Kit,NextSeq ,NA,022218_1,021918_1,
CMS001_water2_S24,CMS_water2_S24,CMS_water2_S24,czbiohub-seqbot/fastqs/180323_NB501961_0089_AHLN5JBGX5/rawdata/CMS_water2_S24_R1_001.fastq.gz,NA,NA,RNA,NA,NA,NA,NA,NA,NA,NA,NA,NA,NA,NA,NA,NA,NA,1,NA,NA,NEBNext Ultra II Directional RNA Library Prep Kit,NextSeq ,NA,031118_1,030618_1,
CMS001_water3_Qiagen_S26,CMS_water3_Qiagen_S26,CMS_water3_Qiagen_S26,czbiohub-seqbot/fastqs/180412_NB501961_0097_AHLMLMBGX5/rawdata/CMS_water3_Qiagen_S26_R1_001.fastq.gz,NA,NA,RNA,NA,NA,NA,NA,NA,NA,NA,NA,NA,NA,NA,NA,NA,NA,1,NA,NA,NEBNext Ultra II Directional RNA Library Prep Kit,NextSeq ,NA,0232918_1,032818_1,
CMS001_water4_Zymo_S27,CMS_water4_Zymo_S27,CMS_water4_Zymo_S27,czbiohub-seqbot/fastqs/180412_NB501961_0097_AHLMLMBGX5/rawdata/CMS_water4_Zymo_S27_R1_001.fastq.gz,NA,NA,RNA,NA,NA,NA,NA,NA,NA,NA,NA,NA,NA,NA,NA,NA,NA,1,NA,NA,NEBNext Ultra II Directional RNA Library Prep Kit,NextSeq ,NA,0232918_1,032818_1,
CMS001_water5_RNA_A_S12,CMS_water5_RNA_A_S12,CMS_water5_RNA_A_S12,czbiohub-seqbot/fastqs/180417_NB501961_0099_AHWNYNAFXX/rawdata/CMS_water5_RNA_A_S12_R1_001.fastq.gz,NA,NA,RNA,NA,NA,NA,NA,NA,NA,NA,NA,NA,NA,NA,NA,NA,NA,1,NA,NA,NEBNext Ultra II Directional RNA Library Prep Kit,NextSeq ,NA,040618_1,040618_1,
CMS002_001a_Rb_S116_L004,CMS_002_1a_Rb_S116_L004,CMS_002_1a_Rb_S116_L004,czbiohub-seqbot/fastqs/180711_A00111_0173_BH5LNFDSXX/rawdata/Annie_Kalani/,mosquito,whole mosquito,RNA,2017-11-15T00:00:00Z,32.7962659,-116.9594824,urban,Park/cemetary/golf course,SAND,Gravid,female,NA,Culex,quinquefasciatus,Culex,quinquefasciatus,blood fed,1,NA,NA,(Bravo) NEBNext Ultra II Directional RNA Library Prep Kit,NovaSeq,78.4,061218_1,051818_1,
CMS002_004a_Rb_S117_L004,CMS_002_4a_Rb_S117_L004,CMS_002_4a_Rb_S117_L004,czbiohub-seqbot/fastqs/180711_A00111_0173_BH5LNFDSXX/rawdata/Annie_Kalani/,mosquito,whole mosquito,RNA,2017-11-15T00:00:00Z,32.7991943,-116.9193062,suburban,Park/cemetary/golf course,SAND,Gravid,female,NA,Culex,quinquefasciatus,Culex,quinquefasciatus,blood fed,1,NA,NA,(Bravo) NEBNext Ultra II Directional RNA Library Prep Kit,NovaSeq,101.6,061218_1,051818_1,
CMS002_007a_Rb_S118_L004,CMS_002_7a_Rb_S118_L004,CMS_002_7a_Rb_S118_L004,czbiohub-seqbot/fastqs/180711_A00111_0173_BH5LNFDSXX/rawdata/Annie_Kalani/,mosquito,whole mosquito,RNA,2017-11-15T00:00:00Z,32.7856362,-116.9887078,suburban,Park/cemetary/golf course,SAND,Gravid,female,NA,Culex,quinquefasciatus,Culex,quinquefasciatus,blood fed,1,NA,NA,(Bravo) NEBNext Ultra II Directional RNA Library Prep Kit,NovaSeq,103.2,061218_1,051818_1,
CMS002_010a_Rb_S119_L004,CMS_002_10a_Rb_S119_L004,CMS_002_10a_Rb_S119_L004,czbiohub-seqbot/fastqs/180711_A00111_0173_BH5LNFDSXX/rawdata/Annie_Kalani/,mosquito,whole mosquito,RNA,2017-11-15T00:00:00Z,32.7981529,-116.9544084,urban,Commerical/Industrial/Transportation,SAND,Gravid,female,NA,Culex,quinquefasciatus,Culex,quinquefasciatus,blood fed,1,NA,NA,(Bravo) NEBNext Ultra II Directional RNA Library Prep Kit,NovaSeq,264,061218_1,051818_1,
CMS002_013a_Rb_S120_L004,CMS_002_13a_Rb_S120_L004,CMS_002_13a_Rb_S120_L004,czbiohub-seqbot/fastqs/180711_A00111_0173_BH5LNFDSXX/rawdata/Annie_Kalani/,mosquito,whole mosquito,RNA,2017-11-15T00:00:00Z,32.7996185,-116.9393203,suburban,Residential,SAND,Gravid,female,NA,Culex,quinquefasciatus,Culex,quinquefasciatus,blood fed,1,NA,NA,(Bravo) NEBNext Ultra II Directional RNA Library Prep Kit,NovaSeq,30.56,061218_1,051818_1,
CMS002_016a_Rb_S121_L004,CMS_002_16a_Rb_S121_L004,CMS_002_16a_Rb_S121_L004,czbiohub-seqbot/fastqs/180711_A00111_0173_BH5LNFDSXX/rawdata/Annie_Kalani/,mosquito,whole mosquito,RNA,2017-11-15T00:00:00Z,32.7152395,-117.1148424,suburban,Commerical/Industrial/Transportation,SAND,BG,female,NA,Aedes,aegypti,Aedes,aegypti,unfed,1,NA,NA,(Bravo) NEBNext Ultra II Directional RNA Library Prep Kit,NovaSeq,81.6,061218_1,051818_1,
CMS002_017a_Rb_S122_L004,CMS_002_17a_Rb_S122_L004,CMS_002_17a_Rb_S122_L004,czbiohub-seqbot/fastqs/180711_A00111_0173_BH5LNFDSXX/rawdata/Annie_Kalani/,mosquito,whole mosquito,RNA,2017-11-28T00:00:00Z,32.5542907,-117.04828,suburban,Residential,SAND,AGO,female,NA,Aedes,aegypti,Aedes,aegypti,unfed,1,NA,NA,(Bravo) NEBNext Ultra II Directional RNA Library Prep Kit,NovaSeq,62.4,061218_1,051818_1,Mosquito selected from a pool of 5 mosquitoes 
CMS002_017b_Rb_S123_L004,CMS_002_17b_Rb_S123_L004,CMS_002_17b_Rb_S123_L004,czbiohub-seqbot/fastqs/180711_A00111_0173_BH5LNFDSXX/rawdata/Annie_Kalani/,mosquito,whole mosquito,RNA,2017-11-28T00:00:00Z,32.5542907,-117.04828,suburban,Residential,SAND,AGO,female,NA,Aedes,aegypti,Aedes,aegypti,unfed,1,NA,NA,(Bravo) NEBNext Ultra II Directional RNA Library Prep Kit,NovaSeq,54.4,061218_1,051818_1,Mosquito selected from a pool of 5 mosquitoes 
CMS002_017c_Rb_S124_L004,CMS_002_17c_Rb_S124_L004,CMS_002_17c_Rb_S124_L004,czbiohub-seqbot/fastqs/180711_A00111_0173_BH5LNFDSXX/rawdata/Annie_Kalani/,mosquito,whole mosquito,RNA,2017-11-28T00:00:00Z,32.5542907,-117.04828,suburban,Residential,SAND,AGO,female,NA,Aedes,aegypti,Aedes,aegypti,unfed,1,NA,NA,(Bravo) NEBNext Ultra II Directional RNA Library Prep Kit,NovaSeq,34.8,061218_1,051818_1,Mosquito selected from a pool of 5 mosquitoes 
CMS002_017d_Rb_S125_L004,CMS_002_17d_Rb_S125_L004,CMS_002_17d_Rb_S125_L004,czbiohub-seqbot/fastqs/180711_A00111_0173_BH5LNFDSXX/rawdata/Annie_Kalani/,mosquito,whole mosquito,RNA,2017-11-28T00:00:00Z,32.5542907,-117.04828,suburban,Residential,SAND,AGO,female,NA,Aedes,aegypti,Aedes,aegypti,unfed,1,NA,NA,(Bravo) NEBNext Ultra II Directional RNA Library Prep Kit,NovaSeq,40.8,061218_1,051818_1,Mosquito selected from a pool of 5 mosquitoes 
CMS002_017e_Rb_S126_L004,CMS_002_17e_Rb_S126_L004,CMS_002_17e_Rb_S126_L004,czbiohub-seqbot/fastqs/180711_A00111_0173_BH5LNFDSXX/rawdata/Annie_Kalani/,mosquito,whole mosquito,RNA,2017-11-28T00:00:00Z,32.5542907,-117.04828,suburban,Residential,SAND,AGO,female,NA,Aedes,aegypti,Aedes,aegypti,unfed,1,NA,NA,(Bravo) NEBNext Ultra II Directional RNA Library Prep Kit,NovaSeq,45.2,061218_1,051818_1,Mosquito selected from a pool of 5 mosquitoes 
CMS002_018a_Rb_S128_L004,CMS_002_18a_Rb_S128_L004,CMS_002_18a_Rb_S128_L004,czbiohub-seqbot/fastqs/180711_A00111_0173_BH5LNFDSXX/rawdata/Annie_Kalani/,mosquito,whole mosquito,RNA,2018-11-28T00:00:00Z,32.6952215,-117.1221922,urban,Commerical/Industrial/Transportation,SAND,AGO,female,NA,Aedes,aegypti,Aedes,aegypti,unfed,1,NA,NA,(Bravo) NEBNext Ultra II Directional RNA Library Prep Kit,NovaSeq,138.4,061218_1,051818_1,Mosquito selected from a pool of 2 mosquitoes 
CMS002_018b_Rb_S129_L004,CMS_002_18b_Rb_S129_L004,CMS_002_18b_Rb_S129_L004,czbiohub-seqbot/fastqs/180711_A00111_0173_BH5LNFDSXX/rawdata/Annie_Kalani/,mosquito,whole mosquito,RNA,2018-11-28T00:00:00Z,32.6952215,-117.1221922,urban,Commerical/Industrial/Transportation,SAND,AGO,female,NA,Aedes,aegypti,Aedes,aegypti,unfed,1,NA,NA,(Bravo) NEBNext Ultra II Directional RNA Library Prep Kit,NovaSeq,32.4,061218_1,051818_1,Mosquito selected from a pool of 2 mosquitoes 
CMS002_019a_Rb_S130_L004,CMS_002_19a_Rb_S130_L004,CMS_002_19a_Rb_S130_L004,czbiohub-seqbot/fastqs/180711_A00111_0173_BH5LNFDSXX/rawdata/Annie_Kalani/,mosquito,whole mosquito,RNA,2017-11-29T00:00:00Z,32.760258,-117.0813933,suburban,Residential,SAND,AGO,female,NA,Aedes,aegypti,Aedes,aegypti,unfed,1,NA,NA,(Bravo) NEBNext Ultra II Directional RNA Library Prep Kit,NovaSeq,38.72,061218_1,051818_1,
CMS002_020a_Rb_S131_L004,CMS_002_20a_Rb_S131_L004,CMS_002_20a_Rb_S131_L004,czbiohub-seqbot/fastqs/180711_A00111_0173_BH5LNFDSXX/rawdata/Annie_Kalani/,mosquito,whole mosquito,RNA,2017-12-01T00:00:00Z,32.9407491,-1.17E+09,Rural,Undeveloped,SAND,EVS,female,NA,Culiseta,particeps,Culiseta,particeps,unfed,1,NA,NA,(Bravo) NEBNext Ultra II Directional RNA Library Prep Kit,NovaSeq,135.2,061218_1,051818_1,Mosquito selected from a pool of 5 mosquitoes 
CMS002_020b_Rb_S132_L004,CMS_002_20b_Rb_S132_L004,CMS_002_20b_Rb_S132_L004,czbiohub-seqbot/fastqs/180711_A00111_0173_BH5LNFDSXX/rawdata/Annie_Kalani/,mosquito,whole mosquito,RNA,2017-12-01T00:00:00Z,32.9407491,-1.17E+09,Rural,Undeveloped,SAND,EVS,female,NA,Culiseta,particeps,Culiseta,particeps,unfed,1,NA,NA,(Bravo) NEBNext Ultra II Directional RNA Library Prep Kit,NovaSeq,260.8,061218_1,051818_1,Mosquito selected from a pool of 5 mosquitoes 
CMS002_020c_Rb_S133_L004,CMS_002_20c_Rb_S133_L004,CMS_002_20c_Rb_S133_L004,czbiohub-seqbot/fastqs/180711_A00111_0173_BH5LNFDSXX/rawdata/Annie_Kalani/,mosquito,whole mosquito,RNA,2017-12-01T00:00:00Z,32.9407491,-1.17E+09,Rural,Undeveloped,SAND,EVS,female,NA,Culiseta,particeps,Culiseta,particeps,unfed,1,NA,NA,(Bravo) NEBNext Ultra II Directional RNA Library Prep Kit,NovaSeq,148,061218_1,051818_1,Mosquito selected from a pool of 5 mosquitoes 
CMS002_020d_Rb_S134_L004,CMS_002_20d_Rb_S134_L004,CMS_002_20d_Rb_S134_L004,czbiohub-seqbot/fastqs/180711_A00111_0173_BH5LNFDSXX/rawdata/Annie_Kalani/,mosquito,whole mosquito,RNA,2017-12-01T00:00:00Z,32.9407491,-1.17E+09,Rural,Undeveloped,SAND,EVS,female,NA,Culiseta,particeps,Culiseta,particeps,unfed,1,NA,NA,(Bravo) NEBNext Ultra II Directional RNA Library Prep Kit,NovaSeq,242.4,061218_1,051818_1,Mosquito selected from a pool of 5 mosquitoes 
CMS002_020e_Rb_S135_L004,CMS_002_20e_Rb_S135_L004,CMS_002_20e_Rb_S135_L004,czbiohub-seqbot/fastqs/180711_A00111_0173_BH5LNFDSXX/rawdata/Annie_Kalani/,mosquito,whole mosquito,RNA,2017-12-01T00:00:00Z,32.9407491,-1.17E+09,Rural,Undeveloped,SAND,EVS,female,NA,Culiseta,particeps,Culiseta,particeps,unfed,1,NA,NA,(Bravo) NEBNext Ultra II Directional RNA Library Prep Kit,NovaSeq,145.6,061218_1,051818_1,Mosquito selected from a pool of 5 mosquitoes 
CMS002_021a_Rb_S136_L004,CMS_002_21a_Rb_S136_L004,CMS_002_21a_Rb_S136_L004,czbiohub-seqbot/fastqs/180711_A00111_0173_BH5LNFDSXX/rawdata/Annie_Kalani/,mosquito,whole mosquito,RNA,2017-12-27T00:00:00Z,32.9407491,-1.17E+09,Rural,Undeveloped,SAND,EVS,female,NA,Culiseta,particeps,Culiseta,particeps,unfed,1,NA,NA,(Bravo) NEBNext Ultra II Directional RNA Library Prep Kit,NovaSeq,235.2,061218_1,051818_1,
CMS002_022a_Rb_S137_L004,CMS_002_22a_Rb_S137_L004,CMS_002_22a_Rb_S137_L004,czbiohub-seqbot/fastqs/180711_A00111_0173_BH5LNFDSXX/rawdata/Annie_Kalani/,mosquito,whole mosquito,RNA,2017-12-27T00:00:00Z,32.552783,-117.0559469,suburban,Undeveloped,SAND,EVS,female,NA,Culex,quinquefasciatus,Culex,quinquefasciatus,unfed,1,NA,NA,(Bravo) NEBNext Ultra II Directional RNA Library Prep Kit,NovaSeq,96,061218_1,051818_1,Mosquito selected from a pool of 2 mosquitoes 
CMS002_023a_Rb_S138_L004,CMS_002_23a_Rb_S138_L004,CMS_002_23a_Rb_S138_L004,czbiohub-seqbot/fastqs/180711_A00111_0173_BH5LNFDSXX/rawdata/Annie_Kalani/,mosquito,whole mosquito,RNA,2017-12-27T00:00:00Z,32.5928337,-117.0575668,urban,Commerical/Industrial/Transportation,SAND,EVS,female,NA,Culex,quinquefasciatus,Culex,quinquefasciatus,unfed,1,NA,NA,(Bravo) NEBNext Ultra II Directional RNA Library Prep Kit,NovaSeq,61.6,061218_1,051818_1,
CMS002_025a_Rb_S140_L004,CMS_002_25a_Rb_S140_L004,CMS_002_25a_Rb_S140_L004,czbiohub-seqbot/fastqs/180711_A00111_0173_BH5LNFDSXX/rawdata/Annie_Kalani/,mosquito,whole mosquito,RNA,2017-08-23T00:00:00Z,33.954615,-117.693828,Residential,Suburban,WVAL ,EVS,NA,NA,Aedes,aegypti,Aedes,aegypti,unfed,1,NA,NA,(Bravo) NEBNext Ultra II Directional RNA Library Prep Kit,NovaSeq,NA,061218_1,051818_2,Mosquito selected from a pool of 6 mosquitoes; tube contained beads and broken up parts
CMS002_025b_Rb_S141_L004,CMS_002_25b_Rb_S141_L004,CMS_002_25b_Rb_S141_L004,czbiohub-seqbot/fastqs/180711_A00111_0173_BH5LNFDSXX/rawdata/Annie_Kalani/,mosquito,whole mosquito,RNA,2017-08-23T00:00:00Z,33.954615,-117.693828,Residential,Suburban,WVAL ,EVS,NA,NA,Aedes,aegypti,Aedes,aegypti,unfed,1,NA,NA,(Bravo) NEBNext Ultra II Directional RNA Library Prep Kit,NovaSeq,NA,061218_1,051818_2,Mosquito selected from a pool of 6 mosquitoes; tube contained beads and broken up parts
CMS002_025c_Rb_S142_L004,CMS_002_25c_Rb_S142_L004,CMS_002_25c_Rb_S142_L004,czbiohub-seqbot/fastqs/180711_A00111_0173_BH5LNFDSXX/rawdata/Annie_Kalani/,mosquito,whole mosquito,RNA,2017-08-23T00:00:00Z,33.954615,-117.693828,Residential,Suburban,WVAL ,EVS,NA,NA,Aedes,aegypti,Aedes,aegypti,unfed,1,NA,NA,(Bravo) NEBNext Ultra II Directional RNA Library Prep Kit,NovaSeq,40.8,061218_1,051818_2,Mosquito selected from a pool of 6 mosquitoes; tube contained beads and broken up parts
CMS002_025d_Rb_S143_L004,CMS_002_25d_Rb_S143_L004,CMS_002_25d_Rb_S143_L004,czbiohub-seqbot/fastqs/180711_A00111_0173_BH5LNFDSXX/rawdata/Annie_Kalani/,mosquito,whole mosquito,RNA,2017-08-23T00:00:00Z,33.954615,-117.693828,Residential,Suburban,WVAL ,EVS,NA,NA,Aedes,aegypti,Aedes,aegypti,unfed,1,NA,NA,(Bravo) NEBNext Ultra II Directional RNA Library Prep Kit,NovaSeq,50.8,061218_1,051818_2,Mosquito selected from a pool of 6 mosquitoes; tube contained beads and broken up parts
CMS002_025e_Rb_S144_L004,CMS_002_25e_Rb_S144_L004,CMS_002_25e_Rb_S144_L004,czbiohub-seqbot/fastqs/180711_A00111_0173_BH5LNFDSXX/rawdata/Annie_Kalani/,mosquito,whole mosquito,RNA,2017-08-23T00:00:00Z,33.954615,-117.693828,Residential,Suburban,WVAL ,EVS,NA,NA,Aedes,aegypti,Aedes,aegypti,unfed,1,NA,NA,(Bravo) NEBNext Ultra II Directional RNA Library Prep Kit,NovaSeq,36.64,061218_1,051818_2,Mosquito selected from a pool of 6 mosquitoes; tube contained beads and broken up parts
CMS002_025f_Rb_S145_L004,CMS_002_25f_Rb_S145_L004,CMS_002_25f_Rb_S145_L004,czbiohub-seqbot/fastqs/180711_A00111_0173_BH5LNFDSXX/rawdata/Annie_Kalani/,mosquito,whole mosquito,RNA,2017-08-23T00:00:00Z,33.954615,-117.693828,Residential,Suburban,WVAL ,EVS,NA,NA,Aedes,aegypti,Aedes,aegypti,unfed,1,NA,NA,(Bravo) NEBNext Ultra II Directional RNA Library Prep Kit,NovaSeq,296,061218_1,051818_2,Mosquito selected from a pool of 6 mosquitoes; tube contained beads and broken up parts
CMS002_026a_Rb_S146_L004,CMS_002_26a_Rb_S146_L004,CMS_002_26a_Rb_S146_L004,czbiohub-seqbot/fastqs/180711_A00111_0173_BH5LNFDSXX/rawdata/Annie_Kalani/,mosquito,whole mosquito,RNA,2017-08-29T00:00:00Z,34.155852,-117.666926,Residential,Suburban,WVAL ,EVS,NA,NA,Aedes,albopictus,Aedes,albopictus,unfed,1,NA,NA,(Bravo) NEBNext Ultra II Directional RNA Library Prep Kit,NovaSeq,29.12,061218_1,051818_2,Mosquito selected from a pool of 5 mosquitoes; tube contained beads and broken up parts 
CMS002_026b_Rb_S147_L004,CMS_002_26b_Rb_S147_L004,CMS_002_26b_Rb_S147_L004,czbiohub-seqbot/fastqs/180711_A00111_0173_BH5LNFDSXX/rawdata/Annie_Kalani/,mosquito,whole mosquito,RNA,2017-08-29T00:00:00Z,34.155852,-117.666926,Residential,Suburban,WVAL ,EVS,NA,NA,Aedes,albopictus,Aedes,albopictus,unfed,1,NA,NA,(Bravo) NEBNext Ultra II Directional RNA Library Prep Kit,NovaSeq,26.96,061218_1,051818_2,Mosquito selected from a pool of 5 mosquitoes; tube contained beads and broken up parts 
CMS002_026c_Rb_S148_L004,CMS_002_26c_Rb_S148_L004,CMS_002_26c_Rb_S148_L004,czbiohub-seqbot/fastqs/180711_A00111_0173_BH5LNFDSXX/rawdata/Annie_Kalani/,mosquito,whole mosquito,RNA,2017-08-29T00:00:00Z,34.155852,-117.666926,Residential,Suburban,WVAL ,EVS,NA,NA,Aedes,albopictus,Aedes,albopictus,unfed,1,NA,NA,(Bravo) NEBNext Ultra II Directional RNA Library Prep Kit,NovaSeq,18.4,061218_1,051818_2,Mosquito selected from a pool of 5 mosquitoes; tube contained beads and broken up parts 
CMS002_026d_Rb_S149_L004,CMS_002_26d_Rb_S149_L004,CMS_002_26d_Rb_S149_L004,czbiohub-seqbot/fastqs/180711_A00111_0173_BH5LNFDSXX/rawdata/Annie_Kalani/,mosquito,whole mosquito,RNA,2017-08-29T00:00:00Z,34.155852,-117.666926,Residential,Suburban,WVAL ,EVS,NA,NA,Aedes,albopictus,Aedes,albopictus,unfed,1,NA,NA,(Bravo) NEBNext Ultra II Directional RNA Library Prep Kit,NovaSeq,119.2,061218_1,051818_2,Mosquito selected from a pool of 5 mosquitoes; tube contained beads and broken up parts 
CMS002_026e_Rb_S150_L004,CMS_002_26e_Rb_S150_L004,CMS_002_26e_Rb_S150_L004,czbiohub-seqbot/fastqs/180711_A00111_0173_BH5LNFDSXX/rawdata/Annie_Kalani/,mosquito,whole mosquito,RNA,2017-08-29T00:00:00Z,34.155852,-117.666926,Residential,Suburban,WVAL ,EVS,NA,NA,Aedes,albopictus,Aedes,albopictus,unfed,1,NA,NA,(Bravo) NEBNext Ultra II Directional RNA Library Prep Kit,NovaSeq,27.44,061218_1,051818_2,Mosquito selected from a pool of 5 mosquitoes; tube contained beads and broken up parts 
CMS002_027a_Rb_S152_L004,CMS_002_27a_Rb_S152_L004,CMS_002_27a_Rb_S152_L004,czbiohub-seqbot/fastqs/180711_A00111_0173_BH5LNFDSXX/rawdata/Annie_Kalani/,mosquito,whole mosquito,RNA,2017-11-15T00:00:00Z,34.150853,-117.642917,Residential,Suburban,WVAL ,OVI,NA,NA,Culex,quinquefasciatus,Culex,quinquefasciatus,unfed,1,NA,NA,(Bravo) NEBNext Ultra II Directional RNA Library Prep Kit,NovaSeq,189.6,061218_1,051818_2,Mosquito selected from a pool of 8 mosquitoes 
CMS002_027b_Rb_S153_L004,CMS_002_27b_Rb_S153_L004,CMS_002_27b_Rb_S153_L004,czbiohub-seqbot/fastqs/180711_A00111_0173_BH5LNFDSXX/rawdata/Annie_Kalani/,mosquito,whole mosquito,RNA,2017-11-15T00:00:00Z,34.150853,-117.642917,Residential,Suburban,WVAL ,OVI,NA,NA,Culex,quinquefasciatus,Culex,quinquefasciatus,unfed,1,NA,NA,(Bravo) NEBNext Ultra II Directional RNA Library Prep Kit,NovaSeq,191.2,061218_1,051818_2,Mosquito selected from a pool of 8 mosquitoes 
CMS002_028a_Rb_S154_L004,CMS_002_28a_Rb_S154_L004,CMS_002_28a_Rb_S154_L004,czbiohub-seqbot/fastqs/180711_A00111_0173_BH5LNFDSXX/rawdata/Annie_Kalani/,mosquito,whole mosquito,RNA,2017-11-15T00:00:00Z,33.935,-117.655833,Marsh/Swamp,Rural,WVAL ,EVS,NA,NA,Culex,erythrothorax,Culex,erythrothorax,unfed,1,NA,NA,(Bravo) NEBNext Ultra II Directional RNA Library Prep Kit,NovaSeq,82.4,061218_1,051818_2,Mosquito selected from a pool of 5 mosquitoes 
CMS002_028b_Rb_S155_L004,CMS_002_28b_Rb_S155_L004,CMS_002_28b_Rb_S155_L004,czbiohub-seqbot/fastqs/180711_A00111_0173_BH5LNFDSXX/rawdata/Annie_Kalani/,mosquito,whole mosquito,RNA,2017-11-15T00:00:00Z,33.935,-117.655833,Marsh/Swamp,Rural,WVAL ,EVS,NA,NA,Culex,erythrothorax,Culex,erythrothorax,unfed,1,NA,NA,(Bravo) NEBNext Ultra II Directional RNA Library Prep Kit,NovaSeq,104.8,061218_1,051818_2,Mosquito selected from a pool of 5 mosquitoes 
CMS002_028c_Rb_S156_L004,CMS_002_28c_Rb_S156_L004,CMS_002_28c_Rb_S156_L004,czbiohub-seqbot/fastqs/180711_A00111_0173_BH5LNFDSXX/rawdata/Annie_Kalani/,mosquito,whole mosquito,RNA,2017-11-15T00:00:00Z,33.935,-117.655833,Marsh/Swamp,Rural,WVAL ,EVS,NA,NA,Culex,erythrothorax,Culex,erythrothorax,unfed,1,NA,NA,(Bravo) NEBNext Ultra II Directional RNA Library Prep Kit,NovaSeq,48.4,061218_1,051818_2,Mosquito selected from a pool of 5 mosquitoes 
CMS002_028d_Rb_S157_L004,CMS_002_28d_Rb_S157_L004,CMS_002_28d_Rb_S157_L004,czbiohub-seqbot/fastqs/180711_A00111_0173_BH5LNFDSXX/rawdata/Annie_Kalani/,mosquito,whole mosquito,RNA,2017-11-15T00:00:00Z,33.935,-117.655833,Marsh/Swamp,Rural,WVAL ,EVS,NA,NA,Culex,erythrothorax,Culex,erythrothorax,unfed,1,NA,NA,(Bravo) NEBNext Ultra II Directional RNA Library Prep Kit,NovaSeq,57.2,061218_1,051818_2,Mosquito selected from a pool of 5 mosquitoes 
CMS002_028e_Rb_S158_L004,CMS_002_28e_Rb_S158_L004,CMS_002_28e_Rb_S158_L004,czbiohub-seqbot/fastqs/180711_A00111_0173_BH5LNFDSXX/rawdata/Annie_Kalani/,mosquito,whole mosquito,RNA,2017-11-15T00:00:00Z,33.935,-117.655833,Marsh/Swamp,Rural,WVAL ,EVS,NA,NA,Culex,erythrothorax,Culex,erythrothorax,unfed,1,NA,NA,(Bravo) NEBNext Ultra II Directional RNA Library Prep Kit,NovaSeq,79.6,061218_1,051818_2,Mosquito selected from a pool of 5 mosquitoes 
CMS002_029a_Rb_S159_L004,CMS_002_29a_Rb_S159_L004,CMS_002_29a_Rb_S159_L004,czbiohub-seqbot/fastqs/180711_A00111_0173_BH5LNFDSXX/rawdata/Annie_Kalani/,mosquito,whole mosquito,RNA,2017-11-15T00:00:00Z,33.925833,-117.659722,Residential,Suburban,WVAL ,EVS,NA,NA,Culex,tarsalis,Culex,tarsalis,unfed,1,NA,NA,(Bravo) NEBNext Ultra II Directional RNA Library Prep Kit,NovaSeq,121.6,061218_1,051818_2,Mosquito selected from a pool of 5 mosquitoes 
CMS002_029b_Rb_S160_L004,CMS_002_29b_Rb_S160_L004,CMS_002_29b_Rb_S160_L004,czbiohub-seqbot/fastqs/180711_A00111_0173_BH5LNFDSXX/rawdata/Annie_Kalani/,mosquito,whole mosquito,RNA,2017-11-15T00:00:00Z,33.925833,-117.659722,Residential,Suburban,WVAL ,EVS,NA,NA,Culex,tarsalis,Culex,tarsalis,unfed,1,NA,NA,(Bravo) NEBNext Ultra II Directional RNA Library Prep Kit,NovaSeq,179.2,061218_1,051818_2,Mosquito selected from a pool of 5 mosquitoes 
CMS002_029c_Rb_S161_L004,CMS_002_29c_Rb_S161_L004,CMS_002_29c_Rb_S161_L004,czbiohub-seqbot/fastqs/180711_A00111_0173_BH5LNFDSXX/rawdata/Annie_Kalani/,mosquito,whole mosquito,RNA,2017-11-15T00:00:00Z,33.925833,-117.659722,Residential,Suburban,WVAL ,EVS,NA,NA,Culex,tarsalis,Culex,tarsalis,unfed,1,NA,NA,(Bravo) NEBNext Ultra II Directional RNA Library Prep Kit,NovaSeq,179.2,061218_1,051818_2,Mosquito selected from a pool of 5 mosquitoes 
CMS002_029d_Rb_S162_L004,CMS_002_29d_Rb_S162_L004,CMS_002_29d_Rb_S162_L004,czbiohub-seqbot/fastqs/180711_A00111_0173_BH5LNFDSXX/rawdata/Annie_Kalani/,mosquito,whole mosquito,RNA,2017-11-15T00:00:00Z,33.925833,-117.659722,Residential,Suburban,WVAL ,EVS,NA,NA,Culex,tarsalis,Culex,tarsalis,unfed,1,NA,NA,(Bravo) NEBNext Ultra II Directional RNA Library Prep Kit,NovaSeq,116.8,061218_1,051818_2,Mosquito selected from a pool of 5 mosquitoes 
CMS002_029e_Rb_S164_L004,CMS_002_29e_Rb_S164_L004,CMS_002_29e_Rb_S164_L004,czbiohub-seqbot/fastqs/180711_A00111_0173_BH5LNFDSXX/rawdata/Annie_Kalani/,mosquito,whole mosquito,RNA,2017-11-15T00:00:00Z,33.925833,-117.659722,Residential,Suburban,WVAL ,EVS,female,NA,Culex,tarsalis,Culex,tarsalis,unfed,1,NA,NA,(Bravo) NEBNext Ultra II Directional RNA Library Prep Kit,NovaSeq,47.2,061218_1,052018_1,Mosquito selected from a pool of 5 mosquitoes 
CMS002_031a_Rb_S165_L004,CMS_002_31a_Rb_S165_L004,CMS_002_31a_Rb_S165_L004,czbiohub-seqbot/fastqs/180711_A00111_0173_BH5LNFDSXX/rawdata/Annie_Kalani/,mosquito,whole mosquito,RNA,2017-11-07T00:00:00Z,33.516797,-116.082468,Marsh; Undeveloped,Rural,COAV,CO2,female,NA,Culex,tarsalis,Culex,tarsalis,unfed,1,NA,NA,(Bravo) NEBNext Ultra II Directional RNA Library Prep Kit,NovaSeq,27.68,061218_1,052018_1,Mosquito selected from a pool of 5 mosquitoes 
CMS002_032a_Rb_S166_L004,CMS_002_32a_Rb_S166_L004,CMS_002_32a_Rb_S166_L004,czbiohub-seqbot/fastqs/180711_A00111_0173_BH5LNFDSXX/rawdata/Annie_Kalani/,mosquito,whole mosquito,RNA,2017-11-07T00:00:00Z,33.516797,-116.082468,Marsh; Undeveloped,Rural,COAV,CO2,male,NA,Culex,tarsalis,Culex,tarsalis,unfed,1,NA,NA,(Bravo) NEBNext Ultra II Directional RNA Library Prep Kit,NovaSeq,20,061218_1,052018_1,Mosquito selected from a pool of 5 mosquitoes 
CMS002_033a_Rb_S167_L004,CMS_002_33a_Rb_S167_L004,CMS_002_33a_Rb_S167_L004,czbiohub-seqbot/fastqs/180711_A00111_0173_BH5LNFDSXX/rawdata/Annie_Kalani/,mosquito,whole mosquito,RNA,2017-11-07T00:00:00Z,33.569223,-116.079206,Residential; Undeveloped,Suburban,COAV,CO2,female,NA,Culex,tarsalis,Culex,tarsalis,unfed,1,NA,NA,(Bravo) NEBNext Ultra II Directional RNA Library Prep Kit,NovaSeq,58,061218_1,052018_1,Mosquito selected from a pool of 5 mosquitoes 
CMS002_034a_Rb_S168_L004,CMS_002_34a_Rb_S168_L004,CMS_002_34a_Rb_S168_L004,czbiohub-seqbot/fastqs/180711_A00111_0173_BH5LNFDSXX/rawdata/Annie_Kalani/,mosquito,whole mosquito,RNA,2017-11-07T00:00:00Z,33.569223,-116.079206,Residential; Undeveloped,Suburban,COAV,CO2,male,NA,Culex,tarsalis,Culex,tarsalis,unfed,1,NA,NA,(Bravo) NEBNext Ultra II Directional RNA Library Prep Kit,NovaSeq,39.84,061218_1,052018_1,Mosquito selected from a pool of 4 mosquitoes 
CMS002_035a_Rb_S169_L004,CMS_002_35a_Rb_S169_L004,CMS_002_35a_Rb_S169_L004,czbiohub-seqbot/fastqs/180711_A00111_0173_BH5LNFDSXX/rawdata/Annie_Kalani/,mosquito,whole mosquito,RNA,2017-11-07T00:00:00Z,33.539988,-116.078863,Agriculture; Marsh; Undeveloped,Rural,COAV,CO2,female,NA,Culex,tarsalis,Culex,tarsalis,unfed,1,NA,NA,(Bravo) NEBNext Ultra II Directional RNA Library Prep Kit,NovaSeq,30.32,061218_1,052018_1,Mosquito selected from a pool of 5 mosquitoes 
CMS002_036a_Rb_S170_L004,CMS_002_36a_Rb_S170_L004,CMS_002_36a_Rb_S170_L004,czbiohub-seqbot/fastqs/180711_A00111_0173_BH5LNFDSXX/rawdata/Annie_Kalani/,mosquito,whole mosquito,RNA,2017-11-07T00:00:00Z,33.539988,-116.078863,Agriculture; Marsh; Undeveloped,Rural,COAV,CO2,male,NA,Culex,tarsalis,Culex,tarsalis,unfed,1,NA,NA,(Bravo) NEBNext Ultra II Directional RNA Library Prep Kit,NovaSeq,NA,061218_1,052018_1,Mosquito selected from a pool of 5 mosquitoes 
CMS002_037a_Rb_S171_L004,CMS_002_37a_Rb_S171_L004,CMS_002_37a_Rb_S171_L004,czbiohub-seqbot/fastqs/180711_A00111_0173_BH5LNFDSXX/rawdata/Annie_Kalani/,mosquito,whole mosquito,RNA,2017-11-07T00:00:00Z,33.463593,-116.074278,Agriculture; Marsh; Undeveloped,Rural,COAV,CO2,female,NA,Culex,tarsalis,Culex,tarsalis,unfed,1,NA,NA,(Bravo) NEBNext Ultra II Directional RNA Library Prep Kit,NovaSeq,73.2,061218_1,052018_1,Mosquito selected from a pool of 5 mosquitoes 
CMS002_038a_Rb_S172_L004,CMS_002_38a_Rb_S172_L004,CMS_002_38a_Rb_S172_L004,czbiohub-seqbot/fastqs/180711_A00111_0173_BH5LNFDSXX/rawdata/Annie_Kalani/,mosquito,whole mosquito,RNA,2017-11-07T00:00:00Z,33.52908,-116.035213,Agriculture; Marsh; Undeveloped,Rural,COAV,CO2,female,NA,Culex,tarsalis,Culex,tarsalis,unfed,1,NA,NA,(Bravo) NEBNext Ultra II Directional RNA Library Prep Kit,NovaSeq,31.12,061218_1,052018_1,Mosquito selected from a pool of 5 mosquitoes 
CMS002_039a_Rb_S173_L004,CMS_002_39a_Rb_S173_L004,CMS_002_39a_Rb_S173_L004,czbiohub-seqbot/fastqs/180711_A00111_0173_BH5LNFDSXX/rawdata/Annie_Kalani/,mosquito,whole mosquito,RNA,2017-11-07T00:00:00Z,33.532468,-116.060957,Marsh; Undeveloped,Rural,COAV,CO2,female,NA,Culex,tarsalis,Culex,tarsalis,unfed,1,NA,NA,(Bravo) NEBNext Ultra II Directional RNA Library Prep Kit,NovaSeq,28.72,061218_1,052018_1,Mosquito selected from a pool of 5 mosquitoes 
CMS002_040a_Rb_S174_L004,CMS_002_40a_Rb_S174_L004,CMS_002_40a_Rb_S174_L004,czbiohub-seqbot/fastqs/180711_A00111_0173_BH5LNFDSXX/rawdata/Annie_Kalani/,mosquito,whole mosquito,RNA,2017-11-07T00:00:00Z,33.532468,-116.060957,Marsh; Undeveloped,Rural,COAV,CO2,male,NA,Culex,tarsalis,Culex,tarsalis,unfed,1,NA,NA,(Bravo) NEBNext Ultra II Directional RNA Library Prep Kit,NovaSeq,31.12,061218_1,052018_1,Mosquito selected from a pool of 5 mosquitoes 
CMS002_041a_Rb_S176_L004,CMS_002_41a_Rb_S176_L004,CMS_002_41a_Rb_S176_L004,czbiohub-seqbot/fastqs/180711_A00111_0173_BH5LNFDSXX/rawdata/Annie_Kalani/,mosquito,whole mosquito,RNA,2017-11-07T00:00:00Z,33.510767,-115.920793,Marsh; Undeveloped,Rural,COAV,CO2,female,NA,Culex,tarsalis,Culex,tarsalis,unfed,1,NA,NA,(Bravo) NEBNext Ultra II Directional RNA Library Prep Kit,NovaSeq,20.72,061218_1,052118_1,Mosquito selected from a pool of 5 mosquitoes 
CMS002_042a_Rb_S177_L004,CMS_002_42a_Rb_S177_L004,CMS_002_42a_Rb_S177_L004,czbiohub-seqbot/fastqs/180711_A00111_0173_BH5LNFDSXX/rawdata/Annie_Kalani/,mosquito,whole mosquito,RNA,2017-11-07T00:00:00Z,33.525475,-115.956632,Agriculture; Marsh; Undeveloped,Rural,COAV,CO2,female,NA,Culex,tarsalis,Culex,tarsalis,unfed,1,NA,NA,(Bravo) NEBNext Ultra II Directional RNA Library Prep Kit,NovaSeq,54.4,061218_1,052118_1,Mosquito selected from a pool of 5 mosquitoes 
CMS002_044a_Rb_S178_L004,CMS_002_44a_Rb_S178_L004,CMS_002_44a_Rb_S178_L004,czbiohub-seqbot/fastqs/180711_A00111_0173_BH5LNFDSXX/rawdata/Annie_Kalani/,mosquito,whole mosquito,RNA,2017-08-23T00:00:00Z,33.954531,-117.692953,Residential,Suburban,WVAL ,EVS,NA,NA,Aedes,aegypti,Aedes,aegypti,unfed,1,NA,NA,(Bravo) NEBNext Ultra II Directional RNA Library Prep Kit,NovaSeq,41.6,061218_1,052118_1,Mosquito selected from a pool of 5 mosquitoes 
CMS002_044b_Rb_S179_L004,CMS_002_44b_Rb_S179_L004,CMS_002_44b_Rb_S179_L004,czbiohub-seqbot/fastqs/180711_A00111_0173_BH5LNFDSXX/rawdata/Annie_Kalani/,mosquito,whole mosquito,RNA,2017-08-23T00:00:00Z,33.954531,-117.692953,Residential,Suburban,WVAL ,EVS,NA,NA,Aedes,aegypti,Aedes,aegypti,unfed,1,NA,NA,(Bravo) NEBNext Ultra II Directional RNA Library Prep Kit,NovaSeq,16,061218_1,052118_1,Mosquito selected from a pool of 5 mosquitoes 
CMS002_044c_Rb_S180_L004,CMS_002_44c_Rb_S180_L004,CMS_002_44c_Rb_S180_L004,czbiohub-seqbot/fastqs/180711_A00111_0173_BH5LNFDSXX/rawdata/Annie_Kalani/,mosquito,whole mosquito,RNA,2017-08-23T00:00:00Z,33.954531,-117.692953,Residential,Suburban,WVAL ,EVS,NA,NA,Aedes,aegypti,Aedes,aegypti,unfed,1,NA,NA,(Bravo) NEBNext Ultra II Directional RNA Library Prep Kit,NovaSeq,74.8,061218_1,052118_1,Mosquito selected from a pool of 5 mosquitoes 
CMS002_044d_Rb_S181_L004,CMS_002_44d_Rb_S181_L004,CMS_002_44d_Rb_S181_L004,czbiohub-seqbot/fastqs/180711_A00111_0173_BH5LNFDSXX/rawdata/Annie_Kalani/,mosquito,whole mosquito,RNA,2017-08-23T00:00:00Z,33.954531,-117.692953,Residential,Suburban,WVAL ,EVS,NA,NA,Aedes,aegypti,Aedes,aegypti,unfed,1,NA,NA,(Bravo) NEBNext Ultra II Directional RNA Library Prep Kit,NovaSeq,31.04,061218_1,052118_1,Mosquito selected from a pool of 5 mosquitoes 
CMS002_044e_Rb_S182_L004,CMS_002_44e_Rb_S182_L004,CMS_002_44e_Rb_S182_L004,czbiohub-seqbot/fastqs/180711_A00111_0173_BH5LNFDSXX/rawdata/Annie_Kalani/,mosquito,whole mosquito,RNA,2017-08-23T00:00:00Z,33.954531,-117.692953,Residential,Suburban,WVAL ,EVS,NA,NA,Aedes,aegypti,Aedes,aegypti,unfed,1,NA,NA,(Bravo) NEBNext Ultra II Directional RNA Library Prep Kit,NovaSeq,NA,061218_1,052118_1,Mosquito selected from a pool of 5 mosquitoes 
CMS002_045a_Rb_S183_L004,CMS_002_45a_Rb_S183_L004,CMS_002_45a_Rb_S183_L004,czbiohub-seqbot/fastqs/180711_A00111_0173_BH5LNFDSXX/rawdata/Annie_Kalani/,mosquito,whole mosquito,RNA,2017-10-24T00:00:00Z,34.151881,-117.66295,Residential,Suburban,WVAL ,EVS,NA,NA,Aedes,albopictus,Aedes,albopictus,unfed,1,NA,NA,(Bravo) NEBNext Ultra II Directional RNA Library Prep Kit,NovaSeq,69.2,061218_1,052118_1,Mosquito selected from a pool of 7 mosquitoes 
CMS002_045b_Rb_S184_L004,CMS_002_45b_Rb_S184_L004,CMS_002_45b_Rb_S184_L004,czbiohub-seqbot/fastqs/180711_A00111_0173_BH5LNFDSXX/rawdata/Annie_Kalani/,mosquito,whole mosquito,RNA,2017-10-24T00:00:00Z,34.151881,-117.66295,Residential,Suburban,WVAL ,EVS,NA,NA,Aedes,albopictus,Aedes,albopictus,unfed,1,NA,NA,(Bravo) NEBNext Ultra II Directional RNA Library Prep Kit,NovaSeq,16.8,061218_1,052118_1,Mosquito selected from a pool of 7 mosquitoes 
CMS002_045c_Rb_S185_L004,CMS_002_45c_Rb_S185_L004,CMS_002_45c_Rb_S185_L004,czbiohub-seqbot/fastqs/180711_A00111_0173_BH5LNFDSXX/rawdata/Annie_Kalani/,mosquito,whole mosquito,RNA,2017-10-24T00:00:00Z,34.151881,-117.66295,Residential,Suburban,WVAL ,EVS,NA,NA,Aedes,albopictus,Aedes,albopictus,unfed,1,NA,NA,(Bravo) NEBNext Ultra II Directional RNA Library Prep Kit,NovaSeq,NA,061218_1,052118_1,Mosquito selected from a pool of 7 mosquitoes 
CMS002_045d_Rb_S186_L004,CMS_002_45d_Rb_S186_L004,CMS_002_45d_Rb_S186_L004,czbiohub-seqbot/fastqs/180711_A00111_0173_BH5LNFDSXX/rawdata/Annie_Kalani/,mosquito,whole mosquito,RNA,2017-10-24T00:00:00Z,34.151881,-117.66295,Residential,Suburban,WVAL ,EVS,NA,NA,Aedes,albopictus,Aedes,albopictus,unfed,1,NA,NA,(Bravo) NEBNext Ultra II Directional RNA Library Prep Kit,NovaSeq,26.96,061218_1,052118_1,Mosquito selected from a pool of 7 mosquitoes 
CMS002_045e_Rb_S188_L004,CMS_002_45e_Rb_S188_L004,CMS_002_45e_Rb_S188_L004,czbiohub-seqbot/fastqs/180711_A00111_0173_BH5LNFDSXX/rawdata/Annie_Kalani/,mosquito,whole mosquito,RNA,2017-10-24T00:00:00Z,34.151881,-117.66295,Residential,Suburban,WVAL ,EVS,NA,NA,Aedes,albopictus,Aedes,albopictus,unfed,1,NA,NA,(Bravo) NEBNext Ultra II Directional RNA Library Prep Kit,NovaSeq,NA,061218_1,052118_2,Mosquito selected from a pool of 7 mosquitoes 
CMS002_045f_Rb_S189_L004,CMS_002_45f_Rb_S189_L004,CMS_002_45f_Rb_S189_L004,czbiohub-seqbot/fastqs/180711_A00111_0173_BH5LNFDSXX/rawdata/Annie_Kalani/,mosquito,whole mosquito,RNA,2017-10-24T00:00:00Z,34.151881,-117.66295,Residential,Suburban,WVAL ,EVS,NA,NA,Aedes,albopictus,Aedes,albopictus,unfed,1,NA,NA,(Bravo) NEBNext Ultra II Directional RNA Library Prep Kit,NovaSeq,NA,061218_1,052118_2,Mosquito selected from a pool of 7 mosquitoes 
CMS002_045g_Rb_S190_L004,CMS_002_45g_Rb_S190_L004,CMS_002_45g_Rb_S190_L004,czbiohub-seqbot/fastqs/180711_A00111_0173_BH5LNFDSXX/rawdata/Annie_Kalani/,mosquito,whole mosquito,RNA,2017-10-24T00:00:00Z,34.151881,-117.66295,Residential,Suburban,WVAL ,EVS,NA,NA,Aedes,albopictus,Aedes,albopictus,unfed,1,NA,NA,(Bravo) NEBNext Ultra II Directional RNA Library Prep Kit,NovaSeq,21.6,061218_1,052118_2,Mosquito selected from a pool of 7 mosquitoes 
CMS002_046a_Rb_S191_L004,CMS_002_46a_Rb_S191_L004,CMS_002_46a_Rb_S191_L004,czbiohub-seqbot/fastqs/180711_A00111_0173_BH5LNFDSXX/rawdata/Annie_Kalani/,mosquito,whole mosquito,RNA,2017-11-29T00:00:00Z,33.9725,-117.714444,Residential,Suburban,WVAL ,OVI,NA,NA,Culex,quinquefasciatus,Culex,quinquefasciatus,unfed,1,NA,NA,(Bravo) NEBNext Ultra II Directional RNA Library Prep Kit,NovaSeq,88.8,061218_1,052118_2,Mosquito selected from a pool of 5 mosquitoes; tube contained beads and broken up parts 
CMS002_046b_Rb_S192_L004,CMS_002_46b_Rb_S192_L004,CMS_002_46b_Rb_S192_L004,czbiohub-seqbot/fastqs/180711_A00111_0173_BH5LNFDSXX/rawdata/Annie_Kalani/,mosquito,whole mosquito,RNA,2017-11-29T00:00:00Z,33.9725,-117.714444,Residential,Suburban,WVAL ,OVI,NA,NA,Culex,quinquefasciatus,Culex,quinquefasciatus,unfed,1,NA,NA,(Bravo) NEBNext Ultra II Directional RNA Library Prep Kit,NovaSeq,88.8,061218_1,052118_2,Mosquito selected from a pool of 5 mosquitoes; tube contained beads and broken up parts 
CMS002_047a_Rb_S193_L004,CMS_002_47a_Rb_S193_L004,CMS_002_47a_Rb_S193_L004,czbiohub-seqbot/fastqs/180711_A00111_0173_BH5LNFDSXX/rawdata/Annie_Kalani/,mosquito,whole mosquito,RNA,2017-11-29T00:00:00Z,33.93778,-117.633056,Marsh/Swamp,Rural,WVAL ,EVS,NA,NA,Culex,erythrothorax,Culex,erythrothorax,unfed,1,NA,NA,(Bravo) NEBNext Ultra II Directional RNA Library Prep Kit,NovaSeq,70.8,061218_1,052118_2,Mosquito selected from a pool of 5 mosquitoes; tube contained beads and broken up parts 
CMS002_047b_Rb_S194_L004,CMS_002_47b_Rb_S194_L004,CMS_002_47b_Rb_S194_L004,czbiohub-seqbot/fastqs/180711_A00111_0173_BH5LNFDSXX/rawdata/Annie_Kalani/,mosquito,whole mosquito,RNA,2017-11-29T00:00:00Z,33.93778,-117.633056,Marsh/Swamp,Rural,WVAL ,EVS,NA,NA,Culex,erythrothorax,Culex,erythrothorax,unfed,1,NA,NA,(Bravo) NEBNext Ultra II Directional RNA Library Prep Kit,NovaSeq,NA,061218_1,052118_2,Mosquito selected from a pool of 10 mosquitoesMosquito selected from a pool of 5 mosquitoes; tube contained beads and broken up parts  
CMS002_047c_Rb_S195_L004,CMS_002_47c_Rb_S195_L004,CMS_002_47c_Rb_S195_L004,czbiohub-seqbot/fastqs/180711_A00111_0173_BH5LNFDSXX/rawdata/Annie_Kalani/,mosquito,whole mosquito,RNA,2017-11-29T00:00:00Z,33.93778,-117.633056,Marsh/Swamp,Rural,WVAL ,EVS,NA,NA,Culex,erythrothorax,Culex,erythrothorax,unfed,1,NA,NA,(Bravo) NEBNext Ultra II Directional RNA Library Prep Kit,NovaSeq,37.04,061218_1,052118_2,Mosquito selected from a pool of 10 mosquitoesMosquito selected from a pool of 5 mosquitoes; tube contained beads and broken up parts  
CMS002_047d_Rb_S196_L004,CMS_002_47d_Rb_S196_L004,CMS_002_47d_Rb_S196_L004,czbiohub-seqbot/fastqs/180711_A00111_0173_BH5LNFDSXX/rawdata/Annie_Kalani/,mosquito,whole mosquito,RNA,2017-11-29T00:00:00Z,33.93778,-117.633056,Marsh/Swamp,Rural,WVAL ,EVS,NA,NA,Culex,erythrothorax,Culex,erythrothorax,unfed,1,NA,NA,(Bravo) NEBNext Ultra II Directional RNA Library Prep Kit,NovaSeq,53.6,061218_1,052118_2,Mosquito selected from a pool of 10 mosquitoesMosquito selected from a pool of 5 mosquitoes; tube contained beads and broken up parts  
CMS002_047e_Rb_S197_L004,CMS_002_47e_Rb_S197_L004,CMS_002_47e_Rb_S197_L004,czbiohub-seqbot/fastqs/180711_A00111_0173_BH5LNFDSXX/rawdata/Annie_Kalani/,mosquito,whole mosquito,RNA,2017-11-29T00:00:00Z,33.93778,-117.633056,Marsh/Swamp,Rural,WVAL ,EVS,NA,NA,Culex,erythrothorax,Culex,erythrothorax,unfed,1,NA,NA,(Bravo) NEBNext Ultra II Directional RNA Library Prep Kit,NovaSeq,78.4,061218_1,052118_2,Mosquito selected from a pool of 10 mosquitoesMosquito selected from a pool of 5 mosquitoes; tube contained beads and broken up parts  
CMS002_047f_Rb_S198_L004,CMS_002_47f_Rb_S198_L004,CMS_002_47f_Rb_S198_L004,czbiohub-seqbot/fastqs/180711_A00111_0173_BH5LNFDSXX/rawdata/Annie_Kalani/,mosquito,whole mosquito,RNA,2017-11-29T00:00:00Z,33.93778,-117.633056,Marsh/Swamp,Rural,WVAL ,EVS,NA,NA,Culex,erythrothorax,Culex,erythrothorax,unfed,1,NA,NA,(Bravo) NEBNext Ultra II Directional RNA Library Prep Kit,NovaSeq,39.52,061218_1,052118_2,Mosquito selected from a pool of 10 mosquitoesMosquito selected from a pool of 5 mosquitoes; tube contained beads and broken up parts  
CMS002_047g_Rb_S200_L004,CMS_002_47g_Rb_S200_L004,CMS_002_47g_Rb_S200_L004,czbiohub-seqbot/fastqs/180711_A00111_0173_BH5LNFDSXX/rawdata/Annie_Kalani/,mosquito,whole mosquito,RNA,2017-11-29T00:00:00Z,33.93778,-117.633056,Marsh/Swamp,Rural,WVAL ,EVS,NA,NA,Culex,erythrothorax,Culex,erythrothorax,unfed,1,NA,NA,(Bravo) NEBNext Ultra II Directional RNA Library Prep Kit,NovaSeq,40,061218_1,052118_3,Mosquito selected from a pool of 10 mosquitoesMosquito selected from a pool of 5 mosquitoes; tube contained beads and broken up parts  
CMS002_047h_Rb_S1_L004,CMS_002_47h_Rb_S1_L004,CMS_002_47h_Rb_S1_L004,czbiohub-seqbot/fastqs/180711_A00111_0173_BH5LNFDSXX/rawdata/Annie_Kalani/,mosquito,whole mosquito,RNA,2017-11-29T00:00:00Z,33.93778,-117.633056,Marsh/Swamp,Rural,WVAL ,EVS,NA,NA,Culex,erythrothorax,Culex,erythrothorax,unfed,1,NA,NA,(Bravo) NEBNext Ultra II Directional RNA Library Prep Kit,NovaSeq,65.2,061218_1,052118_3,Mosquito selected from a pool of 10 mosquitoesMosquito selected from a pool of 5 mosquitoes; tube contained beads and broken up parts  
CMS002_047i_Rb_S2_L004,CMS_002_47i_Rb_S2_L004,CMS_002_47i_Rb_S2_L004,czbiohub-seqbot/fastqs/180711_A00111_0173_BH5LNFDSXX/rawdata/Annie_Kalani/,mosquito,whole mosquito,RNA,2017-11-29T00:00:00Z,33.93778,-117.633056,Marsh/Swamp,Rural,WVAL ,EVS,NA,NA,Culex,erythrothorax,Culex,erythrothorax,unfed,1,NA,NA,(Bravo) NEBNext Ultra II Directional RNA Library Prep Kit,NovaSeq,94.4,061218_1,052118_3,Mosquito selected from a pool of 10 mosquitoesMosquito selected from a pool of 5 mosquitoes; tube contained beads and broken up parts  
CMS002_047j_Rb_S3_L004,CMS_002_47j_Rb_S3_L004,CMS_002_47j_Rb_S3_L004,czbiohub-seqbot/fastqs/180711_A00111_0173_BH5LNFDSXX/rawdata/Annie_Kalani/,mosquito,whole mosquito,RNA,2017-11-29T00:00:00Z,33.93778,-117.633056,Marsh/Swamp,Rural,WVAL ,EVS,NA,NA,Culex,erythrothorax,Culex,erythrothorax,unfed,1,NA,NA,(Bravo) NEBNext Ultra II Directional RNA Library Prep Kit,NovaSeq,48.4,061218_1,052118_3,Mosquito selected from a pool of 10 mosquitoesMosquito selected from a pool of 5 mosquitoes; tube contained beads and broken up parts  
CMS002_049a_Rb_S4_L004,CMS_002_49a_Rb_S4_L004,CMS_002_49a_Rb_S4_L004,czbiohub-seqbot/fastqs/180711_A00111_0173_BH5LNFDSXX/rawdata/Annie_Kalani/,mosquito,whole mosquito,RNA,2017-11-21T00:00:00Z,38.739939,-121.305636,Commercial/Industrial/Transportation,Suburban,PLCR,FAY,NA,NA,Culex,pipiens,Culex,pipiens,unfed,1,NA,NA,(Bravo) NEBNext Ultra II Directional RNA Library Prep Kit,NovaSeq,78.8,061218_1,052118_3,Mosquito selected from a pool of 3 mosquitoes 
CMS002_050a_Rb_S5_L004,CMS_002_50a_Rb_S5_L004,CMS_002_50a_Rb_S5_L004,czbiohub-seqbot/fastqs/180711_A00111_0173_BH5LNFDSXX/rawdata/Annie_Kalani/,mosquito,whole mosquito,RNA,2017-11-21T00:00:00Z,38.824306,-121.257067,Wetland Preserve,Suburban,PLCR,FAY,NA,NA,Culex,pipiens,Culex,pipiens,unfed,1,NA,NA,(Bravo) NEBNext Ultra II Directional RNA Library Prep Kit,NovaSeq,326.4,061218_1,052118_3,
CMS002_051a_Rb_S6_L004,CMS_002_51a_Rb_S6_L004,CMS_002_51a_Rb_S6_L004,czbiohub-seqbot/fastqs/180711_A00111_0173_BH5LNFDSXX/rawdata/Annie_Kalani/,mosquito,whole mosquito,RNA,2017-11-21T00:00:00Z,38.897572,-121.311747,Commercial/Industrial/Transportation,Suburban,PLCR,FAY,NA,NA,Culex,pipiens,Culex,pipiens,unfed,1,NA,NA,(Bravo) NEBNext Ultra II Directional RNA Library Prep Kit,NovaSeq,199.2,061218_1,052118_3,Mosquito selected from a pool of 5 mosquitoes 
CMS002_053a_Rb_S7_L004,CMS_002_53a_Rb_S7_L004,CMS_002_53a_Rb_S7_L004,czbiohub-seqbot/fastqs/180711_A00111_0173_BH5LNFDSXX/rawdata/Annie_Kalani/,mosquito,whole mosquito,RNA,2017-11-21T00:00:00Z,38.836781,-121.39119,Agriculture & Residential,Rural,PLCR,FAY,NA,NA,Culex,pipiens,Culex,pipiens,unfed,1,NA,NA,(Bravo) NEBNext Ultra II Directional RNA Library Prep Kit,NovaSeq,79.6,061218_1,052118_3,
CMS002_054a_Rb_S8_L004,CMS_002_54a_Rb_S8_L004,CMS_002_54a_Rb_S8_L004,czbiohub-seqbot/fastqs/180711_A00111_0173_BH5LNFDSXX/rawdata/Annie_Kalani/,mosquito,whole mosquito,RNA,2017-11-21T00:00:00Z,38.772222,-121.4695,Agriculture,Rural,PLCR,FAY,NA,NA,Culex,pipiens,Culex,pipiens,unfed,1,NA,NA,(Bravo) NEBNext Ultra II Directional RNA Library Prep Kit,NovaSeq,168.8,061218_1,052118_3,
CMS002_056a_Rb_S9_L004,CMS_002_56a_Rb_S9_L004,CMS_002_56a_Rb_S9_L004,czbiohub-seqbot/fastqs/180711_A00111_0173_BH5LNFDSXX/rawdata/Annie_Kalani/,mosquito,whole mosquito,RNA,2017-11-28T00:00:00Z,38.787211,-121.372895,Residential ,Rural,PLCR,FAY,NA,NA,Culex,tarsalis,Culex,tarsalis,unfed,1,NA,NA,(Bravo) NEBNext Ultra II Directional RNA Library Prep Kit,NovaSeq,NA,061218_1,052118_3,head + 1 leg only
CMS002_057a_Rb_S10_L004,CMS_002_57a_Rb_S10_L004,CMS_002_57a_Rb_S10_L004,czbiohub-seqbot/fastqs/180711_A00111_0173_BH5LNFDSXX/rawdata/Annie_Kalani/,mosquito,whole mosquito,RNA,2017-11-28T00:00:00Z,38.787211,-121.372895,Residential ,Rural,PLCR,EVS,NA,NA,Culex,pipiens,Culex,pipiens,unfed,1,NA,NA,(Bravo) NEBNext Ultra II Directional RNA Library Prep Kit,NovaSeq,47.2,061218_1,052118_3,
CMS002_Water1_Rb_S127_L004,CMS_002_Water1_Rb_S127_L004,CMS_002_Water1_Rb_S127_L004,czbiohub-seqbot/fastqs/180711_A00111_0173_BH5LNFDSXX/rawdata/Annie_Kalani/,NA,water,RNA,NA,NA,NA,NA,NA,NA,NA,NA,NA,NA,NA,NA,NA,NA,1,NA,NA,(Bravo) NEBNext Ultra II Directional RNA Library Prep Kit,NovaSeq,NA,061218_1,051818_1,
CMS002_Water2_Rb_S139_L004,CMS_002_Water2_Rb_S139_L004,CMS_002_Water2_Rb_S139_L004,czbiohub-seqbot/fastqs/180711_A00111_0173_BH5LNFDSXX/rawdata/Annie_Kalani/,mosquito,water,RNA,NA,NA,NA,NA,NA,NA,NA,NA,NA,NA,NA,NA,NA,NA,1,NA,NA,(Bravo) NEBNext Ultra II Directional RNA Library Prep Kit,NovaSeq,NA,061218_1,051818_1,
CMS002_Water3_Rb_S151_L004,CMS_002_Water3_Rb_S151_L004,CMS_002_Water3_Rb_S151_L004,czbiohub-seqbot/fastqs/180711_A00111_0173_BH5LNFDSXX/rawdata/Annie_Kalani/,NA,water,RNA,NA,NA,NA,NA,NA,NA,NA,NA,NA,NA,NA,NA,NA,NA,1,NA,NA,(Bravo) NEBNext Ultra II Directional RNA Library Prep Kit,NovaSeq,NA,061218_1,051818_2,
CMS002_Water4_Rb_S163_L004,CMS_002_Water4_Rb_S163_L004,CMS_002_Water4_Rb_S163_L004,czbiohub-seqbot/fastqs/180711_A00111_0173_BH5LNFDSXX/rawdata/Annie_Kalani/,NA,water,RNA,NA,NA,NA,NA,NA,NA,NA,NA,NA,NA,NA,NA,NA,NA,1,NA,NA,(Bravo) NEBNext Ultra II Directional RNA Library Prep Kit,NovaSeq,NA,061218_1,051818_2,
CMS002_Water5_Rb_S175_L004,CMS_002_Water5_Rb_S175_L004,CMS_002_Water5_Rb_S175_L004,czbiohub-seqbot/fastqs/180711_A00111_0173_BH5LNFDSXX/rawdata/Annie_Kalani/,NA,water,RNA,NA,NA,NA,NA,NA,NA,NA,NA,NA,NA,NA,NA,NA,NA,1,NA,NA,(Bravo) NEBNext Ultra II Directional RNA Library Prep Kit,NovaSeq,NA,061218_1,052018_1,
CMS002_Water6_Rb_S187_L004,CMS_002_Water6_Rb_S187_L004,CMS_002_Water6_Rb_S187_L004,czbiohub-seqbot/fastqs/180711_A00111_0173_BH5LNFDSXX/rawdata/Annie_Kalani/,NA,water,RNA,NA,NA,NA,NA,NA,NA,NA,NA,NA,NA,NA,NA,NA,NA,1,NA,NA,(Bravo) NEBNext Ultra II Directional RNA Library Prep Kit,NovaSeq,NA,061218_1,052118_1,
CMS002_Water7_Rb_S199_L004,CMS_002_Water7_Rb_S199_L004,CMS_002_Water7_Rb_S199_L004,czbiohub-seqbot/fastqs/180711_A00111_0173_BH5LNFDSXX/rawdata/Annie_Kalani/,NA,water,RNA,NA,NA,NA,NA,NA,NA,NA,NA,NA,NA,NA,NA,NA,NA,1,NA,NA,(Bravo) NEBNext Ultra II Directional RNA Library Prep Kit,NovaSeq,NA,061218_1,052118_2,
CMS002_Water8_Rb_S11_L004,CMS_002_Water8_Rb_S11_L004,CMS_002_Water8_Rb_S11_L004,czbiohub-seqbot/fastqs/180711_A00111_0173_BH5LNFDSXX/rawdata/Annie_Kalani/,NA,water,RNA,NA,NA,NA,NA,NA,NA,NA,NA,NA,NA,NA,NA,NA,NA,1,NA,NA,(Bravo) NEBNext Ultra II Directional RNA Library Prep Kit,NovaSeq,NA,061218_1,052118_3,