"","sample_name","uploader","upload_date","runtime_seconds","overall_job_status","total_reads","nonhost_reads","nonhost_reads_percent","quality_control","compression_ratio","tissue_type","nucleotide_type","location","host_genome","notes","lat","long"
"1","CMS-076_RNA_A_S12","","2018-02-06 17:57:49 -0800",14366,"COMPLETE",60230548,956812,1.589,78.112,2.05,"","","","Mosquito","",NA,NA
"2","CMS-078_RNA_A_S5","","2018-02-06 17:57:49 -0800",6261,"COMPLETE",41550322,515760,1.241,77.625,1.49,"","","","Mosquito","",NA,NA
"3","CMS-079_RNA_A_S6","","2018-02-06 17:57:49 -0800",11465,"COMPLETE",53378586,649290,1.216,82.476,1.49,"","","","Mosquito","",NA,NA
"4","CMS-080_RNA_A_S7","","2018-02-06 17:57:49 -0800",10926,"COMPLETE",53978484,812388,1.505,84.003,1.28,"","","","Mosquito","",NA,NA
"5","CMS-081_RNA_A_S8","","2018-02-06 17:57:49 -0800",13178,"COMPLETE",68383652,743076,1.087,80.059,1.28,"","","","Mosquito","",NA,NA
"6","CMS-082_RNA_A_S9","","2018-02-06 17:57:49 -0800",7514,"COMPLETE",55151546,552446,1.002,82.407,1.14,"","","","Mosquito","",NA,NA
"7","CMS-083_RNA_A_S10","","2018-02-06 17:57:49 -0800",13590,"COMPLETE",56742820,907258,1.599,85.134,1.2,"","RNA","Alameda","Mosquito","Wuhan Mosquito Virus, Calbertado virus",NA,NA
"8","CMS-086_RNA_A_S11","Kalani Ratnasiri","2018-02-06 17:54:23 -0800",16084,"COMPLETE",50066188,1180950,2.359,80.062,1.24,"","","","Mosquito","",NA,NA
"9","CMS_001_RNA_A_S1","","2018-03-25 21:38:09 -0700",8691,"COMPLETE",26717044,942568,3.528,86.63,1.48,"Insect engorged abdomen","RNA","37.556970_-122.079380","Mosquito","Culex erythrothorax_10/03/17_Coyotes Hills_HubeiMosquitoVirus4-WenzhouTombusLike11-HubeiVirgaLike2_Providencia_Trypanosome_rodent",37.55697,-122.07938
"10","CMS_002_10a_Rb_S119_L004","Kalani Ratnasiri","2018-07-16 16:20:53 -0700",4406,"COMPLETE",89358216,63970,0.072,65.525,4.59,"whole mosquito","RNA","32.7981529, -116.9544084","Mosquito","- id_method : TEA
- genus_species: Cx. Quing
- Number of mosquitos: 1
- Sex: female
- Blood fed: Y",32.7981529,-116.9544084
"11","CMS_002_13a_Rb_S120_L004","Kalani Ratnasiri","2018-07-16 16:20:53 -0700",4350,"COMPLETE",76144326,125128,0.164,43.775,1.7,"whole mosquito","RNA","32.7996185, -116.9393203","Mosquito","- id_method : TEA
- genus_species: Cx. Quing
- Number of mosquitos: 1
- Sex: female
- Blood fed: Y",32.7996185,-116.9393203
"12","CMS_002_16a_Rb_S121_L004","Kalani Ratnasiri","2018-07-16 16:20:53 -0700",7488,"COMPLETE",81220802,5696,0.007,90.124,8.32,"whole mosquito","RNA","32.7152395, -117.1148424","Mosquito","Super clean sample surprisingly few non-host reads
- id_method : Freeze
- genus_species: Ae. Egypti
- Number of mosquitos: 1
- Sex: female
- Blood fed: N",32.7152395,-117.1148424
"13","CMS_002_17a_Rb_S122_L004","Kalani Ratnasiri","2018-07-16 16:20:53 -0700",7949,"COMPLETE",75330508,177954,0.236,89.022,7.19,"whole mosquito","RNA","32.5542907, -117.0482800","Mosquito","- id_method : Freeze
- genus_species: Ae. Egypti
- Number of mosquitos: 5
- Sex: females
- Blood fed: N",32.5542907,-117.04828
"14","CMS_002_17b_Rb_S123_L004","Kalani Ratnasiri","2018-07-16 16:20:53 -0700",13905,"COMPLETE",77087486,198902,0.258,92.203,7.39,"whole mosquito","RNA","32.5542907, -117.0482800","Mosquito","- id_method : Freeze
- genus_species: Ae. Egypti
- Number of mosquitos: 5
- Sex: females
- Blood fed: N",32.5542907,-117.04828
"15","CMS_002_17c_Rb_S124_L004","Kalani Ratnasiri","2018-07-16 16:20:53 -0700",7839,"COMPLETE",66242378,184544,0.279,90.75,7,"whole mosquito","RNA","32.5542907, -117.0482800","Mosquito","- id_method : Freeze
- genus_species: Ae. Egypti
- Number of mosquitos: 5
- Sex: females
- Blood fed: N",32.5542907,-117.04828
"16","CMS_002_17d_Rb_S125_L004","Kalani Ratnasiri","2018-07-16 16:20:53 -0700",6846,"COMPLETE",50709076,286214,0.564,95.356,5.34,"whole mosquito","RNA","32.5542907, -117.0482800","Mosquito","- id_method : Freeze
- genus_species: Ae. Egypti
- Number of mosquitos: 5
- Sex: females
- Blood fed: N",32.5542907,-117.04828
"17","CMS_002_17e_Rb_S126_L004","Kalani Ratnasiri","2018-07-16 16:20:53 -0700",8317,"COMPLETE",61930896,25380,0.041,91.263,6.26,"whole mosquito","RNA","32.5542907, -117.0482800","Mosquito","- id_method : Freeze
- genus_species: Ae. Egypti
- Number of mosquitos: 5
- Sex: females
- Blood fed: N",32.5542907,-117.04828
"18","CMS_002_18a_Rb_S128_L004","Kalani Ratnasiri","2018-07-16 16:20:53 -0700",5669,"COMPLETE",53659794,44084,0.082,78.192,7.89,"whole mosquito","RNA","32.6952215, -117.1221922","Mosquito","- id_method : Freeze
- genus_species: Ae. Egypti
- Number of mosquitos: 2
- Sex: females
- Blood fed: N",32.6952215,-117.1221922
"19","CMS_002_18b_Rb_S129_L004","Kalani Ratnasiri","2018-07-16 16:20:53 -0700",13282,"COMPLETE",89837146,253780,0.282,92.601,6.94,"whole mosquito","RNA","32.6952215, -117.1221922","Mosquito","- id_method : Freeze
- genus_species: Ae. Egypti
- Number of mosquitos: 2
- Sex: females
- Blood fed: N",32.6952215,-117.1221922
"20","CMS_002_19a_Rb_S130_L004","Kalani Ratnasiri","2018-07-16 16:20:53 -0700",9282,"COMPLETE",71919820,233550,0.325,90.867,6.89,"whole mosquito","RNA","32.760258, -117.0813933","Mosquito","- id_method : Freeze
- genus_species: Ae. Egypti
- Number of mosquitos: 1
- Sex: female
- Blood fed: N",32.760258,-117.0813933
"21","CMS_002_1a_Rb_S116_L004","Kalani Ratnasiri","2018-07-16 16:20:53 -0700",3543,"COMPLETE",54921592,119862,0.218,52.05,2.89,"whole mosquito","RNA","32.7962659, -116.9594824","Mosquito","- id_method : TEA
- genus_species: Cx. Quing
- Number of mosquitos: 1
- Sex: female
- Blood fed: Y",32.7962659,-116.9594824
"22","CMS_002_20a_Rb_S131_L004","Kalani Ratnasiri","2018-07-16 16:20:53 -0700",5523,"COMPLETE",66177444,915524,1.383,90.098,3.31,"whole mosquito","RNA","32.9407491, -1172165239","Mosquito","- id_method : Freeze
- genus_species: Cs. Particeps
- Number of mosquitos: 5
- Sex: females
- Blood fed: N",32.9407491,-117.2165239
"23","CMS_002_20b_Rb_S132_L004","Kalani Ratnasiri","2018-07-16 16:20:53 -0700",6342,"COMPLETE",119173142,365056,0.306,89.33,7.47,"whole mosquito","RNA","32.9407491, -1172165239","Mosquito","- id_method : Freeze
- genus_species: Cs. Particeps
- Number of mosquitos: 5
- Sex: females
- Blood fed: N",32.9407491,-117.2165239
"24","CMS_002_20c_Rb_S133_L004","Kalani Ratnasiri","2018-07-16 16:20:53 -0700",7768,"COMPLETE",126641370,452576,0.357,87.554,7.79,"whole mosquito","RNA","32.9407491, -1172165239","Mosquito","- id_method : Freeze
- genus_species: Cs. Particeps
- Number of mosquitos: 5
- Sex: females
- Blood fed: N",32.9407491,-117.2165239
"25","CMS_002_20d_Rb_S134_L004","Kalani Ratnasiri","2018-07-16 16:20:53 -0700",3329,"COMPLETE",31922362,259926,0.814,92.483,3.96,"whole mosquito","RNA","32.9407491, -1172165239","Mosquito","- id_method : Freeze
- genus_species: Cs. Particeps
- Number of mosquitos: 5
- Sex: females
- Blood fed: N",32.9407491,-117.2165239
"26","CMS_002_20e_Rb_S135_L004","Kalani Ratnasiri","2018-07-16 16:20:53 -0700",5000,"COMPLETE",74164868,554222,0.747,88.483,4.27,"whole mosquito","RNA","32.9407491, -1172165239","Mosquito","- id_method : Freeze
- genus_species: Cs. Particeps
- Number of mosquitos: 5
- Sex: females
- Blood fed: N",32.9407491,-117.2165239
"27","CMS_002_21a_Rb_S136_L004","Kalani Ratnasiri","2018-07-16 16:20:53 -0700",14631,"COMPLETE",94039124,1271478,1.352,86.528,3.34,"whole mosquito","RNA","32.9407491, -1172165239","Mosquito","- id_method : Freeze
- genus_species: Cs. Particeps
- Number of mosquitos: 1
- Sex: female
- Blood fed: N",32.9407491,-117.2165239
"28","CMS_002_22a_Rb_S137_L004","Kalani Ratnasiri","2018-07-16 16:20:53 -0700",4233,"COMPLETE",94157694,120854,0.128,55.497,3.3,"whole mosquito","RNA","32.552783, -117.0559469","Mosquito","- id_method : Freeze
- genus_species: Cx. Quing
- Number of mosquitos: 2
- Sex: females
- Blood fed: N",32.552783,-117.0559469
"29","CMS_002_23a_Rb_S138_L004","Kalani Ratnasiri","2018-07-16 16:20:53 -0700",3822,"COMPLETE",54787968,116540,0.213,58.31,2.25,"whole mosquito","RNA","32.5928337, -117.0575668","Mosquito","- id_method : Freeze
- genus_species: Cx. Quing
- Number of mosquitos: 1
- Sex: female
- Blood fed: N",32.5928337,-117.0575668
"30","CMS_002_25a_Rb_S140_L004","Kalani Ratnasiri","2018-07-16 16:20:53 -0700",3223,"COMPLETE",18885656,2640,0.014,92.381,4.26,"whole mosquito","RNA","32.5928337, -117.0575668","Mosquito","- id_method : TEA
- genus_species: Ae. Aegypti
- Number of mosquitos: 6
- Blood fed: N",32.5928337,-117.0575668
"31","CMS_002_25b_Rb_S141_L004","Kalani Ratnasiri","2018-07-16 16:20:53 -0700",4670,"COMPLETE",25645770,1646,0.006,95.546,5.37,"whole mosquito","RNA","33.954615, -117.693828","Mosquito","- id_method : TEA
- genus_species: Ae. Aegypti
- Number of mosquitos: 6
- Blood fed: N",33.954615,-117.693828
"32","CMS_002_25c_Rb_S142_L004","Kalani Ratnasiri","2018-07-16 16:20:53 -0700",8382,"COMPLETE",85740778,6354,0.007,95.406,8.35,"whole mosquito","RNA","33.954615, -117.693828","Mosquito","- id_method : TEA
- genus_species: Ae. Aegypti
- Number of mosquitos: 6
- Blood fed: N",33.954615,-117.693828
"33","CMS_002_25d_Rb_S143_L004","Kalani Ratnasiri","2018-07-16 16:20:53 -0700",5065,"COMPLETE",35087042,2336,0.007,92.336,6.76,"whole mosquito","RNA","33.954615, -117.693828","Mosquito","- id_method : TEA
- genus_species: Ae. Aegypti
- Number of mosquitos: 6
- Blood fed: N",33.954615,-117.693828
"34","CMS_002_25e_Rb_S144_L004","Kalani Ratnasiri","2018-07-16 16:20:53 -0700",9061,"COMPLETE",88720312,8254,0.009,90.692,8.17,"whole mosquito","RNA","33.954615, -117.693828","Mosquito","- id_method : TEA
- genus_species: Ae. Aegypti
- Number of mosquitos: 6
- Blood fed: N",33.954615,-117.693828
"35","CMS_002_25f_Rb_S145_L004","Kalani Ratnasiri","2018-07-16 16:20:53 -0700",7241,"COMPLETE",78690306,2770,0.004,93.369,11.66,"whole mosquito","RNA","33.954615, -117.693828","Mosquito","- id_method : TEA
- genus_species: Ae. Aegypti
- Number of mosquitos: 6
- Blood fed: N",33.954615,-117.693828
"36","CMS_002_26a_Rb_S146_L004","Kalani Ratnasiri","2018-07-16 16:20:53 -0700",4256,"COMPLETE",37269798,21730,0.058,93.704,6.27,"whole mosquito","RNA","34.155852, -117.666926","Mosquito","- id_method : TEA
- genus_species: Ae. Albopictus
- Number of mosquitos: 5
- Blood fed: N",34.155852,-117.666926
"37","CMS_002_26b_Rb_S147_L004","Kalani Ratnasiri","2018-07-16 16:20:53 -0700",5169,"COMPLETE",56506648,29168,0.052,93.42,7.09,"whole mosquito","RNA","34.150853, -117.642917","Mosquito","- id_method : TEA
- genus_species: Cx. Quinquefasciatus
- Number of mosquitos: 8
- Blood fed: N",34.150853,-117.642917
"38","CMS_002_26c_Rb_S148_L004","Kalani Ratnasiri","2018-07-16 16:20:53 -0700",5774,"COMPLETE",60679324,49700,0.082,93.939,7.27,"whole mosquito","RNA","33.935, -117.655833","Mosquito","- id_method : TEA
- genus_species: CX. Erythrothorax
- Number of mosquitos: 5
- Blood fed: N",33.935,-117.655833
"39","CMS_002_26d_Rb_S149_L004","Kalani Ratnasiri","2018-07-16 16:20:53 -0700",7584,"COMPLETE",96884414,71742,0.074,96.631,10.47,"whole mosquito","RNA","33.925833, -117.659722","Mosquito","- id_method : TEA
- genus_species: Cx. Tarsalis
- Number of mosquitos: 5
- Blood fed: N",33.925833,-117.659722
"40","CMS_002_26e_Rb_S150_L004","Kalani Ratnasiri","2018-07-16 16:20:53 -0700",5492,"COMPLETE",61840756,37974,0.061,93.738,7.82,"whole mosquito","RNA","","Mosquito","",NA,NA
"41","CMS_002_27a_Rb_S152_L004","Kalani Ratnasiri","2018-07-16 16:20:53 -0700",3074,"COMPLETE",37243342,64288,0.173,56.027,3.6,"whole mosquito","RNA","34.150853, -117.642917","Mosquito","- id_method : TEA
- genus_species: Cx. Quinquefasciatus
- Number of mosquitos: 8
- Blood fed: N",34.150853,-117.642917
"42","CMS_002_27b_Rb_S153_L004","Kalani Ratnasiri","2018-07-16 16:20:53 -0700",6155,"COMPLETE",83431474,284386,0.341,86.627,4.04,"whole mosquito","RNA","34.150853, -117.642917","Mosquito","- id_method : TEA
- genus_species: Cx. Quinquefasciatus
- Number of mosquitos: 8
- Blood fed: N",34.150853,-117.642917
"43","CMS_002_28a_Rb_S154_L004","Kalani Ratnasiri","2018-07-16 16:20:53 -0700",6037,"COMPLETE",78859068,136002,0.172,81.292,3.26,"whole mosquito","RNA","33.935, -117.655833","Mosquito","- id_method : TEA
- genus_species: CX. Erythrothorax
- Number of mosquitos: 5
- Blood fed: N",33.935,-117.655833
"44","CMS_002_28b_Rb_S155_L004","Kalani Ratnasiri","2018-07-16 16:20:53 -0700",9601,"COMPLETE",109203686,168320,0.154,57.83,2.5,"whole mosquito","RNA","33.935, -117.655833","Mosquito","- id_method : TEA
- genus_species: CX. Erythrothorax
- Number of mosquitos: 5
- Blood fed: N",33.935,-117.655833
"45","CMS_002_28c_Rb_S156_L004","Kalani Ratnasiri","2018-07-16 16:20:53 -0700",10189,"COMPLETE",91267932,157970,0.173,52.843,2.9,"whole mosquito","RNA","33.935, -117.655833","Mosquito","- id_method : TEA
- genus_species: CX. Erythrothorax
- Number of mosquitos: 5
- Blood fed: N",33.935,-117.655833
"46","CMS_002_28d_Rb_S157_L004","Kalani Ratnasiri","2018-07-16 16:20:53 -0700",7187,"COMPLETE",97823918,201622,0.206,38.375,2.5,"whole mosquito","RNA","33.935, -117.655833","Mosquito","- id_method : TEA
- genus_species: CX. Erythrothorax
- Number of mosquitos: 5
- Blood fed: N",33.935,-117.655833
"47","CMS_002_28e_Rb_S158_L004","Kalani Ratnasiri","2018-07-16 16:20:53 -0700",12021,"COMPLETE",124739806,784326,0.629,54.976,2.13,"whole mosquito","RNA","33.935, -117.655833","Mosquito","- id_method : TEA
- genus_species: CX. Erythrothorax
- Number of mosquitos: 5
- Blood fed: N",33.935,-117.655833
"48","CMS_002_29a_Rb_S159_L004","Kalani Ratnasiri","2018-07-16 16:20:53 -0700",11192,"COMPLETE",93293792,435138,0.466,78.214,3.34,"whole mosquito","RNA","33.925833, -117.659722","Mosquito","- id_method : TEA
- genus_species: Cx. Tarsalis
- Number of mosquitos: 5
- Blood fed: N",33.925833,-117.659722
"49","CMS_002_29b_Rb_S160_L004","Kalani Ratnasiri","2018-07-16 16:20:54 -0700",6660,"COMPLETE",85392072,207544,0.243,85.256,3.35,"whole mosquito","RNA","33.925833, -117.659722","Mosquito","- id_method : TEA
- genus_species: Cx. Tarsalis
- Number of mosquitos: 5
- Blood fed: N",33.925833,-117.659722
"50","CMS_002_29c_Rb_S161_L004","Kalani Ratnasiri","2018-07-16 16:20:54 -0700",9936,"COMPLETE",93413514,265974,0.285,86.27,5.19,"whole mosquito","RNA","33.925833, -117.659722","Mosquito","- id_method : TEA
- genus_species: Cx. Tarsalis
- Number of mosquitos: 5
- Blood fed: N",33.925833,-117.659722
"51","CMS_002_29d_Rb_S162_L004","Kalani Ratnasiri","2018-07-16 16:20:54 -0700",7762,"COMPLETE",78476036,433564,0.552,78.66,3.7,"whole mosquito","RNA","33.925833, -117.659722","Mosquito","- id_method : TEA
- genus_species: Cx. Tarsalis
- Number of mosquitos: 5
- Blood fed: N",33.925833,-117.659722
"52","CMS_002_29e_Rb_S164_L004","Kalani Ratnasiri","2018-07-16 16:20:54 -0700",3768,"COMPLETE",25660162,197020,0.768,80.455,1.44,"whole mosquito","RNA","33.925833, -117.659722","Mosquito","- id_method : TEA
- genus_species: Cx. Tarsalis
- Number of mosquitos: 5
- Blood fed: N",33.925833,-117.659722
"53","CMS_002_31a_Rb_S165_L004","Kalani Ratnasiri","2018-07-16 16:20:54 -0700",6163,"COMPLETE",46150948,331158,0.718,83.11,1.95,"whole mosquito","RNA","33.516797, -116.082468","Mosquito","- id_method : TEA
- genus_species: Cx. Tarsalis
- Number of mosquitos: 5
- Sex: females
- Blood fed: N",33.516797,-116.082468
"54","CMS_002_32a_Rb_S166_L004","Kalani Ratnasiri","2018-07-16 16:20:54 -0700",6018,"COMPLETE",63556578,545048,0.858,81.165,1.61,"whole mosquito","RNA","33.516797, -116.082468","Mosquito","- id_method : TEA
- genus_species: Cx. Tarsalis
- Number of mosquitos: 6
- Sex: males
- Blood fed: N",33.516797,-116.082468
"55","CMS_002_33a_Rb_S167_L004","Kalani Ratnasiri","2018-07-16 16:20:54 -0700",10252,"COMPLETE",71357226,476968,0.668,63.419,1.65,"whole mosquito","RNA","33.569223, -116.079206","Mosquito","- id_method : TEA
- genus_species: Cx. Tarsalis
- Number of mosquitos: 5
- Sex: females
- Blood fed: N",33.569223,-116.079206
"56","CMS_002_34a_Rb_S168_L004","Kalani Ratnasiri","2018-07-16 16:20:54 -0700",5533,"COMPLETE",38621804,170514,0.441,63.211,2.04,"whole mosquito","RNA","33.569223, -116.079206","Mosquito","- id_method : TEA
- genus_species: Cx. Tarsalis
- Number of mosquitos: 4
- Sex: males
- Blood fed: N",33.569223,-116.079206
"57","CMS_002_35a_Rb_S169_L004","Kalani Ratnasiri","2018-07-16 16:20:54 -0700",11212,"COMPLETE",73951030,696632,0.942,64.218,1.6,"whole mosquito","RNA","33.539988, -116.078863","Mosquito","- id_method : TEA
- genus_species: Cx. Tarsalis
- Number of mosquitos: 5
- Sex: females
- Blood fed: N",33.539988,-116.078863
"58","CMS_002_36a_Rb_S170_L004","Kalani Ratnasiri","2018-07-16 16:20:54 -0700",4387,"COMPLETE",37781352,296514,0.785,85.044,1.48,"whole mosquito","RNA","33.539988, -116.078863","Mosquito","- id_method : TEA
- genus_species: Cx. Tarsalis
- Number of mosquitos: 5
- Sex: males
- Blood fed: N",33.539988,-116.078863
"59","CMS_002_37a_Rb_S171_L004","Kalani Ratnasiri","2018-07-16 16:20:54 -0700",9830,"COMPLETE",97570774,419892,0.43,47.535,2.8,"whole mosquito","RNA","33.463593, -116.074278","Mosquito","- id_method : TEA
- genus_species: Cx. Tarsalis
- Number of mosquitos: 5
- Sex: females
- Blood fed: N",33.463593,-116.074278
"60","CMS_002_38a_Rb_S172_L004","Kalani Ratnasiri","2018-07-16 16:20:54 -0700",10255,"COMPLETE",92324952,594172,0.644,88.372,2.85,"whole mosquito","RNA","33.52908, -116.035213","Mosquito","- id_method : TEA
- genus_species: Cx. Tarsalis
- Number of mosquitos: 5
- Sex: females
- Blood fed: N",33.52908,-116.035213
"61","CMS_002_39a_Rb_S173_L004","Kalani Ratnasiri","2018-07-16 16:20:54 -0700",9924,"COMPLETE",75161228,381782,0.508,67.821,1.62,"whole mosquito","RNA","33.532468, -116.060957","Mosquito","- id_method : TEA
- genus_species: Cx. Tarsalis
- Number of mosquitos: 5
- Sex: females
- Blood fed: N",33.532468,-116.060957
"62","CMS_002_40a_Rb_S174_L004","Kalani Ratnasiri","2018-07-16 16:20:54 -0700",7737,"COMPLETE",65632852,382894,0.583,71.106,1.74,"whole mosquito","RNA","33.532468, -116.060957","Mosquito","- id_method : TEA
- genus_species: Cx. Tarsalis
- Number of mosquitos: 5
- Sex: males
- Blood fed: N",33.532468,-116.060957
"63","CMS_002_41a_Rb_S176_L004","Kalani Ratnasiri","2018-07-16 16:20:54 -0700",5896,"COMPLETE",49581704,260134,0.525,69.807,1.83,"whole mosquito","RNA","33.510767, -115.920793","Mosquito","- id_method : TEA
- genus_species: Cx. Tarsalis
- Number of mosquitos: 5
- Sex: females
- Blood fed: N",33.510767,-115.920793
"64","CMS_002_42a_Rb_S177_L004","Kalani Ratnasiri","2018-07-16 16:20:54 -0700",3169,"COMPLETE",34365364,74386,0.216,70.464,1.38,"whole mosquito","RNA","33.525475, -115.956632","Mosquito","- id_method : TEA
- genus_species: Cx. Tarsalis
- Number of mosquitos: 5
- Sex: females
- Blood fed: N",33.525475,-115.956632
"65","CMS_002_44a_Rb_S178_L004","Kalani Ratnasiri","2018-07-16 16:20:54 -0700",5983,"COMPLETE",51576844,6542,0.013,91.528,6.93,"whole mosquito","RNA","33.954531, -117.692953","Mosquito","- id_method : TEA
- genus_species: Ae. Aegypti
- Number of mosquitos: 5
- Blood fed: N",33.954531,-117.692953
"66","CMS_002_44b_Rb_S179_L004","Kalani Ratnasiri","2018-07-16 16:20:54 -0700",5648,"COMPLETE",38526446,2720,0.007,92.912,5.5,"whole mosquito","RNA","33.954531, -117.692953","Mosquito","- id_method : TEA
- genus_species: Ae. Aegypti
- Number of mosquitos: 5
- Blood fed: N",33.954531,-117.692953
"67","CMS_002_44c_Rb_S180_L004","Kalani Ratnasiri","2018-07-16 16:20:54 -0700",8831,"COMPLETE",93622432,6160,0.007,92.407,8.74,"whole mosquito","RNA","33.954531, -117.692953","Mosquito","- id_method : TEA
- genus_species: Ae. Aegypti
- Number of mosquitos: 5
- Blood fed: N",33.954531,-117.692953
"68","CMS_002_44d_Rb_S181_L004","Kalani Ratnasiri","2018-07-16 16:20:54 -0700",10852,"COMPLETE",111230412,14636,0.013,95.861,8.46,"whole mosquito","RNA","33.954531, -117.692953","Mosquito","- id_method : TEA
- genus_species: Ae. Aegypti
- Number of mosquitos: 5
- Blood fed: N",33.954531,-117.692953
"69","CMS_002_44e_Rb_S182_L004","Kalani Ratnasiri","2018-07-16 16:20:54 -0700",6890,"COMPLETE",50807004,5984,0.012,93.859,5.32,"whole mosquito","RNA","33.954531, -117.692953","Mosquito","- id_method : TEA
- genus_species: Ae. Aegypti
- Number of mosquitos: 5
- Blood fed: N",33.954531,-117.692953
"70","CMS_002_45a_Rb_S183_L004","Kalani Ratnasiri","2018-07-16 16:20:54 -0700",6376,"COMPLETE",88956902,63638,0.072,89.776,9.36,"whole mosquito","RNA","34.151881, -117.66295","Mosquito","- id_method : TEA
- genus_species: Ae. Albopictus 
- Number of mosquitos: 7
- Blood fed: N",34.151881,-117.66295
"71","CMS_002_45b_Rb_S184_L004","Kalani Ratnasiri","2018-07-16 16:20:54 -0700",7287,"COMPLETE",62566848,53948,0.086,94.055,6.81,"whole mosquito","RNA","34.151881, -117.66295","Mosquito","- id_method : TEA
- genus_species: Ae. Albopictus 
- Number of mosquitos: 7
- Blood fed: N",34.151881,-117.66295
"72","CMS_002_45c_Rb_S185_L004","Kalani Ratnasiri","2018-07-16 16:20:54 -0700",6799,"COMPLETE",53689962,108182,0.201,94.988,7.07,"whole mosquito","RNA","34.151881, -117.66295","Mosquito","- id_method : TEA
- genus_species: Ae. Albopictus 
- Number of mosquitos: 7
- Blood fed: N",34.151881,-117.66295
"73","CMS_002_45d_Rb_S186_L004","Kalani Ratnasiri","2018-07-16 16:20:54 -0700",8419,"COMPLETE",54817098,195656,0.357,91.558,6.61,"whole mosquito","RNA","34.151881, -117.66295","Mosquito","- id_method : TEA
- genus_species: Ae. Albopictus 
- Number of mosquitos: 7
- Blood fed: N",34.151881,-117.66295
"74","CMS_002_45e_Rb_S188_L004","Kalani Ratnasiri","2018-07-16 16:20:54 -0700",1493,"COMPLETE",44910420,246882,0.55,94.696,5.78,"whole mosquito","RNA","34.151881, -117.66295","Mosquito","- id_method : TEA
- genus_species: Ae. Albopictus 
- Number of mosquitos: 7
- Blood fed: N",34.151881,-117.66295
"75","CMS_002_45f_Rb_S189_L004","Kalani Ratnasiri","2018-07-16 16:20:54 -0700",4523,"COMPLETE",34302400,23806,0.069,95.368,6.01,"whole mosquito","RNA","34.151881, -117.66295","Mosquito","- id_method : TEA
- genus_species: Ae. Albopictus 
- Number of mosquitos: 7
- Blood fed: N",34.151881,-117.66295
"76","CMS_002_45g_Rb_S190_L004","Kalani Ratnasiri","2018-07-16 16:20:54 -0700",4843,"COMPLETE",43011038,104394,0.243,94.871,5.82,"whole mosquito","RNA","34.151881, -117.66295","Mosquito","- id_method : TEA
- genus_species: Ae. Albopictus 
- Number of mosquitos: 7
- Blood fed: N",34.151881,-117.66295
"77","CMS_002_46a_Rb_S191_L004","Kalani Ratnasiri","2018-07-16 16:20:54 -0700",6033,"COMPLETE",99761686,149546,0.15,32.313,2.52,"whole mosquito","RNA","33.9725, -117.714444","Mosquito","- id_method : TEA
- genus_species: Cx. Quinquefasciatus
- Number of mosquitos: 5
- Blood fed: N",33.9725,-117.714444
"78","CMS_002_46b_Rb_S192_L004","Kalani Ratnasiri","2018-07-16 16:20:54 -0700",6112,"COMPLETE",86797744,132706,0.153,34.412,1.93,"whole mosquito","RNA","33.9725, -117.714444","Mosquito","- id_method : TEA
- genus_species: Cx. Quinquefasciatus
- Number of mosquitos: 5
- Blood fed: N",33.9725,-117.714444
"79","CMS_002_47a_Rb_S193_L004","Kalani Ratnasiri","2018-07-16 16:20:54 -0700",7738,"COMPLETE",75891160,184124,0.243,54.775,2.29,"whole mosquito","RNA","33.93778, -117.633056","Mosquito","- id_method : TEA
- genus_species: CX. Erythrothorax
- Number of mosquitos: 10
- Blood fed: N",33.93778,-117.633056
"80","CMS_002_47b_Rb_S194_L004","Kalani Ratnasiri","2018-07-16 16:20:54 -0700",4316,"COMPLETE",35774292,69850,0.195,65.108,1.34,"whole mosquito","RNA","33.93778, -117.633056","Mosquito","- id_method : TEA
- genus_species: CX. Erythrothorax
- Number of mosquitos: 10
- Blood fed: N",33.93778,-117.633056
"81","CMS_002_47c_Rb_S195_L004","Kalani Ratnasiri","2018-07-16 16:20:54 -0700",8072,"COMPLETE",76639662,170456,0.222,65.951,2.16,"whole mosquito","RNA","33.93778, -117.633056","Mosquito","- id_method : TEA
- genus_species: CX. Erythrothorax
- Number of mosquitos: 10
- Blood fed: N",33.93778,-117.633056
"82","CMS_002_47d_Rb_S196_L004","Kalani Ratnasiri","2018-07-16 16:20:54 -0700",8567,"COMPLETE",84501126,225434,0.267,59.908,1.84,"whole mosquito","RNA","33.93778, -117.633056","Mosquito","- id_method : TEA
- genus_species: CX. Erythrothorax
- Number of mosquitos: 10
- Blood fed: N",33.93778,-117.633056
"83","CMS_002_47e_Rb_S197_L004","Kalani Ratnasiri","2018-07-16 16:20:54 -0700",8237,"COMPLETE",77821980,209400,0.269,87.201,2.85,"whole mosquito","RNA","33.93778, -117.633056","Mosquito","- id_method : TEA
- genus_species: CX. Erythrothorax
- Number of mosquitos: 10
- Blood fed: N",33.93778,-117.633056
"84","CMS_002_47f_Rb_S198_L004","Kalani Ratnasiri","2018-07-16 16:20:54 -0700",7429,"COMPLETE",55260394,166982,0.302,56.532,2.07,"whole mosquito","RNA","33.93778, -117.633056","Mosquito","- id_method : TEA
- genus_species: CX. Erythrothorax
- Number of mosquitos: 10
- Blood fed: N",33.93778,-117.633056
"85","CMS_002_47g_Rb_S200_L004","Kalani Ratnasiri","2018-07-16 16:20:54 -0700",4379,"COMPLETE",32029932,159674,0.499,47.51,1.81,"whole mosquito","RNA","33.93778, -117.633056","Mosquito","- id_method : TEA
- genus_species: CX. Erythrothorax
- Number of mosquitos: 10
- Blood fed: N",33.93778,-117.633056
"86","CMS_002_47h_Rb_S1_L004","Kalani Ratnasiri","2018-07-16 16:20:54 -0700",5847,"COMPLETE",54254598,121326,0.224,53.9,1.75,"whole mosquito","RNA","33.93778, -117.633056","Mosquito","- id_method : TEA
- genus_species: CX. Erythrothorax
- Number of mosquitos: 10
- Blood fed: N",33.93778,-117.633056
"87","CMS_002_47i_Rb_S2_L004","Kalani Ratnasiri","2018-07-16 16:20:54 -0700",6695,"COMPLETE",54727762,137188,0.251,63.096,2.62,"whole mosquito","RNA","33.93778, -117.633056","Mosquito","- id_method : TEA
- genus_species: CX. Erythrothorax
- Number of mosquitos: 10
- Blood fed: N",33.93778,-117.633056
"88","CMS_002_47j_Rb_S3_L004","Kalani Ratnasiri","2018-07-16 16:20:54 -0700",6956,"COMPLETE",66671224,165822,0.249,49.588,1.67,"whole mosquito","RNA","33.93778, -117.633056","Mosquito","- id_method : TEA
- genus_species: CX. Erythrothorax
- Number of mosquitos: 10
- Blood fed: N",33.93778,-117.633056
"89","CMS_002_49a_Rb_S4_L004","Kalani Ratnasiri","2018-07-16 16:20:54 -0700",5937,"COMPLETE",55951408,91456,0.163,65.043,2.55,"whole mosquito","RNA","38.739939, -121.305636","Mosquito","- id_method : FREEZE
- genus_species: Cx.Pipiens
- Number of mosquitos: 3
- Blood fed: N",38.739939,-121.305636
"90","CMS_002_4a_Rb_S117_L004","Kalani Ratnasiri","2018-07-16 16:20:54 -0700",4251,"COMPLETE",54382586,37814,0.07,87.469,5.46,"whole mosquito","RNA","32.7991943, -116.9193062","Mosquito","- id_method : TEA
- genus_species: Cx. Quing
- Number of mosquitos: 1
- Sex: female
- Blood fed: Y",32.7991943,-116.9193062
"91","CMS_002_50a_Rb_S5_L004","Kalani Ratnasiri","2018-07-16 16:20:54 -0700",3205,"COMPLETE",40223370,12948,0.032,37.244,3.56,"whole mosquito","RNA","38.824306, -121.257067","Mosquito","- id_method : FREEZE
- genus_species: Cx.Pipiens
- Number of mosquitos: 1
- Blood fed: N",38.824306,-121.257067
"92","CMS_002_51a_Rb_S6_L004","Kalani Ratnasiri","2018-07-16 16:20:54 -0700",6836,"COMPLETE",81237864,174164,0.214,26.876,1.73,"whole mosquito","RNA","38.897572, -121.311747","Mosquito","- id_method : FREEZE
- genus_species: Cx.Pipiens
- Number of mosquitos: 5
- Blood fed: N",38.897572,-121.311747
"93","CMS_002_53a_Rb_S7_L004","Kalani Ratnasiri","2018-07-16 16:20:54 -0700",10664,"COMPLETE",150000000,1602476,1.068,91.182,2.09,"whole mosquito","RNA","38.836781, -121.39119","Mosquito","- id_method : FREEZE
- genus_species: Cx.Pipiens
- Number of mosquitos: 1
- Blood fed: N",38.836781,-121.39119
"94","CMS_002_54a_Rb_S8_L004","Kalani Ratnasiri","2018-07-16 16:20:54 -0700",6123,"COMPLETE",75446550,104022,0.138,49.154,1.44,"whole mosquito","RNA","38.772222, -121.4695","Mosquito","- id_method : FREEZE
- genus_species: Cx.Pipiens
- Number of mosquitos: 1
- Blood fed: N",38.772222,-121.4695
"95","CMS_002_56a_Rb_S9_L004","Kalani Ratnasiri","2018-07-16 16:20:54 -0700",8843,"COMPLETE",38502368,456148,1.185,82.243,1.64,"whole mosquito","RNA","38.787211, -121.372895","Mosquito","- id_method : FREEZE
- genus_species: Cx. Tarsalis 
- Number of mosquitos: 1
- Blood fed: N",38.787211,-121.372895
"96","CMS_002_57a_Rb_S10_L004","Kalani Ratnasiri","2018-07-16 16:20:54 -0700",5370,"COMPLETE",52687788,67558,0.128,75.484,3.38,"whole mosquito","RNA","38.787211, -121.372895","Mosquito","- id_method : FREEZE
- genus_species: Cx.Pipiens
- Number of mosquitos: 1
- Blood fed: N",38.787211,-121.372895
"97","CMS_002_7a_Rb_S118_L004","Kalani Ratnasiri","2018-07-16 16:20:55 -0700",9921,"COMPLETE",91089974,877042,0.963,85.612,4.42,"whole mosquito","RNA","32.7856362, -116.9887078","Mosquito","Tongilchon virus 1 & North Creek virus & Riverside  = unclassified rhabdoviridae  (PMID 28943405) - use all these to seed PRICE assembly
- id_method : TEA
- genus_species: Cx. Quing
- Number of mosquitos: 1
- Sex: female
- Blood fed: Y",32.7856362,-116.9887078
"98","CMS_002_RNA_A_S1","","2018-04-15 09:23:02 -0700",10891,"COMPLETE",31503742,408700,1.297,59.479,1.32,"Insect engorged abdomen","RNA","37.556970_-122.079380","Mosquito","Culex tarsalis_09/21/17_Coyotes Hills_",37.55697,-122.07938
"99","CMS_002_Water1_Rb_S127_L004","Kalani Ratnasiri","2018-07-16 16:20:55 -0700",2675,"COMPLETE",247124,4582,1.854,48.426,1.34,"water","RNA","","Mosquito","",NA,NA
"100","CMS_002_Water2_Rb_S139_L004","Kalani Ratnasiri","2018-07-16 16:20:55 -0700",2972,"COMPLETE",190334,3170,1.665,36.806,1.25,"water","RNA","","Mosquito","",NA,NA
"101","CMS_002_Water3_Rb_S151_L004","Kalani Ratnasiri","2018-07-16 16:20:55 -0700",2973,"COMPLETE",175490,2718,1.549,37.198,1.27,"water","RNA","","Mosquito","",NA,NA
"102","CMS_002_Water4_Rb_S163_L004","Kalani Ratnasiri","2018-07-16 16:20:55 -0700",2136,"COMPLETE",168186,3322,1.975,34.293,1.27,"water","RNA","","Mosquito","",NA,NA
"103","CMS_002_Water5_Rb_S175_L004","Kalani Ratnasiri","2018-07-16 16:20:55 -0700",3546,"COMPLETE",273804,6802,2.484,57.312,1.39,"water","RNA","","Mosquito","",NA,NA
"104","CMS_002_Water6_Rb_S187_L004","Kalani Ratnasiri","2018-07-16 16:20:55 -0700",2109,"COMPLETE",51178,940,1.837,34.794,1.19,"water","RNA","","Mosquito","",NA,NA
"105","CMS_002_Water7_Rb_S199_L004","Kalani Ratnasiri","2018-07-16 16:20:55 -0700",3235,"COMPLETE",184738,2786,1.508,35.927,1.3,"water","RNA","","Mosquito","",NA,NA
"106","CMS_002_Water8_Rb_S11_L004","Kalani Ratnasiri","2018-07-16 16:20:55 -0700",2935,"COMPLETE",4534,210,4.632,61.29,1.14,"water","RNA","","Mosquito","",NA,NA
"107","CMS_003_RNA_A_S2","","2018-03-25 21:38:09 -0700",7523,"COMPLETE",27436684,400340,1.459,90.187,2.18,"Insect engorged abdomen","RNA","37.556970_-122.079380","Mosquito","Culex particepts_09/19/17_Coyotes Hills_Anphevirus-CulexMononegaLike1-CulexMononegaLike2-OtherDivergentMonegaviruses_Acinobacter-Gilliamella-Anaplasma_Trichinella:PlasmodiumOvale_FarmAnimals-Homo?",37.55697,-122.07938
"108","CMS_004_RNA_A_S2","","2018-04-15 09:23:02 -0700",7209,"COMPLETE",35584846,56994,0.16,69.895,2.26,"Insect engorged abdomen","RNA","37.715200_-122.194310","Mosquito","Culex pipiens_09/12/17_San Leandro Sewer_",37.7152,-122.19431
"109","CMS_005_RNA_A_S3","","2018-03-25 21:38:10 -0700",7546,"COMPLETE",36030436,658158,1.827,90.315,2.36,"Insect engorged abdomen","RNA","37.788860_-122.299030","Mosquito","Culex incidens_09/29/17_Officers Club_EnvironmentaldsRNAvirus-WuhanMosquitoVirus8-ImjinRiver_Acinobacter_Trichinella_FarmAnimals_Homo?",37.78886,-122.29903
"110","CMS_006_RNA_A_S1","","2018-02-06 17:57:49 -0800",11395,"COMPLETE",58468534,614932,1.052,79.189,1.46,"Insect engorged abdomen","RNA","37.556970_-122.079380","Mosquito","Culex erythrothorax_09/19/17_Coyotes Hills_",37.55697,-122.07938
"111","CMS_007_RNA_A_S12","","2018-03-25 21:38:10 -0700",6079,"COMPLETE",20334238,56416,0.277,70.392,1.09,"Insect engorged abdomen","RNA","37.556970_-122.079380","Mosquito","Culex erythrothorax_09/19/17_Coyotes Hills_Trypanosome_Homo?",37.55697,-122.07938
"112","CMS_008_RNA_A_S3","","2018-04-15 09:23:02 -0700",10590,"COMPLETE",39977532,301760,0.755,82.414,3.56,"Insect engorged abdomen","RNA","37.556970_-122.079380","Mosquito","Culex particepts_09/19/17_Coyotes Hills_",37.55697,-122.07938
"113","CMS_009_RNA_A_S13","","2018-03-26 17:39:09 -0700",9072,"COMPLETE",62306790,837918,1.345,88.943,2.28,"Insect engorged abdomen","RNA","37.556970_-122.079380","Mosquito","Culex particepts_09/19/17_Coyotes Hills",37.55697,-122.07938
"114","CMS_010_RNA_A_S1","","2018-04-19 14:22:25 -0700",3857,"COMPLETE",10956312,36572,0.334,63.824,1.33,"Insect engorged abdomen","RNA","37.55697_-122.07938","Mosquito","Culex_erythrothorax_9/19/17_Coyotes Hills_",37.55697,-122.07938
"115","CMS_011_RNA_A_S4","","2018-04-15 09:23:02 -0700",12876,"COMPLETE",46367004,252792,0.545,79.764,2.14,"Insect engorged abdomen","RNA","37.556970_-122.079380","Mosquito","Culex erythrothorax_09/19/17_Coyotes Hills_",37.55697,-122.07938
"116","CMS_012_RNA_A_S4","","2018-03-25 21:38:10 -0700",6288,"COMPLETE",29359278,251436,0.856,88.424,2.41,"Insect engorged abdomen","RNA","37.556970_-122.079380","Mosquito","Culex dorsalis_09/19/17_Coyotes Hills_Orbivirus",37.55697,-122.07938
"117","CMS_013_RNA_A_S5","","2018-04-15 09:23:02 -0700",7981,"COMPLETE",46803120,134204,0.287,70.378,1.52,"Insect engorged abdomen","RNA","37.556970_-122.079380","Mosquito","Culex erythrothorax_09/19/17_Coyotes Hills_",37.55697,-122.07938
"118","CMS_014_RNA_A_S5","","2018-03-25 21:38:10 -0700",6335,"COMPLETE",30285576,319108,1.054,77.735,2.47,"Insect engorged abdomen","RNA","37.581910_-122.048380","Mosquito","Culex incidens_10/06/17_Bobwhite Pond (Fremont)_dsRNA virus environmental sample",37.58191,-122.04838
"119","CMS_015_RNA_A_S13","","2018-04-15 09:23:02 -0700",6657,"COMPLETE",31961998,77844,0.244,74.972,2.43,"Insect engorged abdomen","RNA","37.556970_-122.079380","Mosquito","Culex erythrothorax_09/27/17_Coyotes Hills_",37.55697,-122.07938
"120","CMS_016_RNA_A_S6","","2018-03-25 21:38:10 -0700",8709,"COMPLETE",26878040,439344,1.635,89.232,2.12,"Insect engorged abdomen","RNA","37.581910_-122.04846","Mosquito","Culex inornata_09/19/17_Union City (near Bobwhite)_",37.58191,-122.04846
"121","CMS_017_RNA_A_S2","","2018-02-06 17:57:49 -0800",11624,"COMPLETE",73926974,565962,0.766,79.755,1.39,"Insect engorged abdomen","RNA","37.581910_-122.04838","Mosquito","Culex erythrothorax_10/06/17_Bobwhite Pond (Fremont)_",37.58191,-122.04838
"122","CMS_018_RNA_A_S14","","2018-03-25 21:38:10 -0700",6022,"COMPLETE",18795122,76476,0.407,75.163,1.25,"Insect engorged abdomen","RNA","37.556970_-122.07938","Mosquito","Culex erythrothorax_09/27/17_Coyotes Hills_Spirochetes_Trypanosomes",37.55697,-122.07938
"123","CMS_019_RNA_A_S14","","2018-04-15 09:23:02 -0700",6763,"COMPLETE",31633394,87390,0.276,69.81,1.9,"Insect engorged abdomen","RNA","37.556970_-122.07938","Mosquito","Culex erythrothorax_10/04/17_Coyotes Hills_",37.55697,-122.07938
"124","CMS_020_RNA_A_S15","","2018-04-15 09:23:02 -0700",10798,"COMPLETE",31195308,429782,1.378,73.518,1.26,"Insect engorged abdomen","RNA","37.581910_-122.04846","Mosquito","Culex erythrothorax_10/06/17_Union City Sanitary District_",37.58191,-122.04846
"125","CMS_021_RNA_A_S16","","2018-04-15 09:23:03 -0700",11497,"COMPLETE",30799178,315070,1.023,75.897,1.31,"Insect engorged abdomen","RNA","37.581910_-122.04838","Mosquito","Culex erythrothorax_10/06/17_Bobwhite Pond (Fremont)_",37.58191,-122.04838
"126","CMS_022_RNA_A_S6","","2018-04-15 09:23:03 -0700",9140,"COMPLETE",46009226,251698,0.547,76.514,1.82,"Insect engorged abdomen","RNA","37.556970_-122.07938","Mosquito","Culex erythrothorax_09/27/17_Coyotes Hills_",37.55697,-122.07938
"127","CMS_023_RNA_A_S17","","2018-04-15 09:23:03 -0700",7968,"COMPLETE",29556020,95650,0.324,74.249,1.89,"Insect engorged abdomen","RNA","37.581910_-122.04838","Mosquito","Culex erythrothorax_10/06/17_Bobwhite Pond (Fremont)_",37.58191,-122.04838
"128","CMS_024_RNA_A_S15","","2018-03-26 10:09:24 -0700",5585,"COMPLETE",21483528,86686,0.403,73.688,1.1,"Insect engorged abdomen","RNA","37.581910_-122.04838","Mosquito","Culex erythrothorax_10/06/17_Bobwhite Pond (Fremont)_",37.58191,-122.04838
"129","CMS_025_RNA_A_S7","","2018-04-15 09:23:03 -0700",11551,"COMPLETE",38525702,352752,0.916,85.732,3.43,"Insect engorged abdomen","RNA","37.556970_-122.07938","Mosquito","Culex tarsalis_09/21/17_Coyote Hills",37.55697,-122.07938
"130","CMS_026_RNA_A_S18","","2018-04-15 09:23:03 -0700",13450,"COMPLETE",44577072,453390,1.017,85.226,3.48,"Insect engorged abdomen","RNA","37.509530_-121.93113","Mosquito","Culex tarsalis_09/19/17_Park Meadow Pond (Fremont)_",37.50953,-121.93113
"131","CMS_027_RNA_A_S16","","2018-03-26 10:09:24 -0700",5533,"COMPLETE",29422908,83298,0.283,73.763,1.24,"Insect engorged abdomen","RNA","37.866500_-122.310510","Mosquito","Culex tarsalis_09/12/17_McLaughlin Park (Berkeley)_",37.8665,-122.31051
"132","CMS_028_RNA_A_S17","","2018-03-26 10:09:24 -0700",7298,"COMPLETE",13579216,102266,0.753,77.707,1.08,"Insect engorged abdomen","RNA","37.715200_-122.194310","Mosquito","Culex tarsalis_09/12/17_San Leandro Sewer_",37.7152,-122.19431
"133","CMS_029_RNA_A_S18","","2018-03-26 10:09:24 -0700",5061,"COMPLETE",18413176,98526,0.535,72.313,1.48,"Insect engorged abdomen","RNA","37.684730_-121.913410","Mosquito","Culex pipiens_09/13/17_Val Vista Comm Park (Livermore)_",37.68473,-121.91341
"134","CMS_030_RNA_A_S7","","2018-03-26 10:09:24 -0700",5531,"COMPLETE",32798496,90122,0.275,71.373,1.87,"Insect engorged abdomen","RNA","37.715200_-122.194310","Mosquito","Culex pipiens_09/10/17_San Leandro Sewer_",37.7152,-122.19431
"135","CMS_031_RNA_A_S19","","2018-03-26 10:09:24 -0700",5713,"COMPLETE",13525892,110618,0.818,78.353,1.09,"Insect engorged abdomen","RNA","37.806300_-122.257300","Mosquito","Culex tarsalis_09/13/17_Bonsai Garden (Oakland)_",37.8063,-122.2573
"136","CMS_032_RNA_A_S4","","2018-02-06 17:57:49 -0800",7384,"COMPLETE",48593918,335912,0.691,80.396,1.55,"Insect engorged abdomen","RNA","37.661260_-122.133350","Mosquito","Culex tarsalis_NA_Skywest Golf_",37.66126,-122.13335
"137","CMS_033_RNA_A_S8","","2018-04-15 09:23:03 -0700",8958,"COMPLETE",31711470,230216,0.726,72.309,1.64,"Insect engorged abdomen","RNA","37.556970_-122.079380","Mosquito","Culex tarsalis_09/11/17_Coyotes Hills_",37.55697,-122.07938
"138","CMS_034_RNA_A_S19","","2018-04-15 09:23:03 -0700",7699,"COMPLETE",25525650,152718,0.598,79.657,1.99,"Insect engorged abdomen","RNA","37.556970_-122.079380","Mosquito","Culex tarsalis_09/11/17_Coyotes Hills_",37.55697,-122.07938
"139","CMS_035_RNA_A_S20","","2018-03-26 10:09:24 -0700",6685,"COMPLETE",13364956,375624,2.811,83.485,1.36,"Insect engorged abdomen","RNA","37.556970_-122.079380","Mosquito","Culex erythrothorax_09/11/17_Coyotes Hills_",37.55697,-122.07938
"140","CMS_036_RNA_A_S20","","2018-04-15 09:23:03 -0700",6317,"COMPLETE",28785710,333716,1.159,73.992,1.41,"Insect engorged abdomen","RNA","37.556970_-122.079380","Mosquito","Culex tarsalis_09/11/17_Coyotes Hills_",37.55697,-122.07938
"141","CMS_037_RNA_A_S21","","2018-04-15 09:23:03 -0700",6453,"COMPLETE",47742618,145792,0.305,70.965,1.64,"Insect engorged abdomen","RNA",NA,"Mosquito","Culex erythrothorax_08/18/17_NA_",NA,NA
"142","CMS_038_RNA_A_S22","","2018-04-15 09:23:03 -0700",12878,"COMPLETE",36067908,159748,0.443,75.078,1.65,"Insect engorged abdomen","RNA","37.583910_-122.092380","Mosquito","Culex tarsalis_08/24/17_South Marsh Pond (Union City)_",37.58391,-122.09238
"143","CMS_039_RNA_A_S9","","2018-04-15 09:23:03 -0700",13635,"COMPLETE",34687168,136610,0.394,59.256,1.52,"Insect engorged abdomen","RNA","37.583910_-122.092380","Mosquito","Culex tarsalis_08/24/17_South Marsh Pond (Union City)_",37.58391,-122.09238
"144","CMS_040_RNA_A_S21","","2018-03-26 10:09:24 -0700",2369,"COMPLETE",15491978,71134,0.459,69.374,1.08,"Insect engorged abdomen","RNA","37.499490_-121.933780","Mosquito","Culex tarsalis_08/31/17_Reliance Way Lot_Plasmodium-DivergentOrthobunyavirus-EnvironmentalNarnaviridae-HubeiMosquitoVirus2-WenzhouSobemoLike4",37.49949,-121.93378
"145","CMS_041_RNA_A_S10","","2018-04-15 09:23:03 -0700",11830,"COMPLETE",35752378,119360,0.334,72.173,1.64,"Insect engorged abdomen","RNA","37.499490_-121.933780","Mosquito","Culex pipiens_08/31/17_Reliance Way Lot_",37.49949,-121.93378
"146","CMS_042_RNA_A_S23","","2018-04-15 09:23:03 -0700",12870,"COMPLETE",36384680,162014,0.445,65.309,1.65,"Insect engorged abdomen","RNA","37.661260_-122.133350","Mosquito","Culex tarsalis_08/25/17_Skywest Golf_",37.66126,-122.13335
"147","CMS_043_RNA_A_S24","","2018-04-15 09:23:03 -0700",8851,"COMPLETE",20543860,98074,0.477,73.986,1.51,"Insect engorged abdomen","RNA","37.661260_-122.133350","Mosquito","Culex tarsalis_08/25/17_Skywest Golf_",37.66126,-122.13335
"148","CMS_044_RNA_A_S22","","2018-03-26 10:09:24 -0700",3633,"COMPLETE",454,6,1.322,71.429,1,"Insect engorged abdomen","RNA","37.661260_-122.133350","Mosquito","Culex pipiens_08/25/17_Skywest Golf_",37.66126,-122.13335
"149","CMS_044_RNA_A_S25","","2018-04-15 09:23:03 -0700",7558,"COMPLETE",11465786,66046,0.576,62.23,1.15,"Insect engorged abdomen","RNA","37.661260_-122.133350","Mosquito","Culex pipiens_8/25/17_Skywest Golf_",37.66126,-122.13335
"150","CMS_045_RNA_A_S2","","2018-04-19 14:22:25 -0700",10183,"COMPLETE",10869462,155028,1.426,72.625,1.25,"Insect engorged abdomen","RNA","37.55697_-122.079380","Mosquito","Culex_tarsalis_8/3/17_Coyotes Hills_",37.55697,-122.07938
"151","CMS_046_RNA_A_S3","","2018-04-19 14:22:25 -0700",10972,"COMPLETE",15574872,431628,2.771,73.902,1.54,"Insect engorged abdomen","RNA","37.55697_-122.07938","Mosquito","Culex_tarsalis__8/3/17_Coyotes Hills_",37.55697,-122.07938
"152","CMS_047_RNA_A_S4","","2018-04-19 14:22:25 -0700",9948,"COMPLETE",11122662,125758,1.131,67.164,1.4,"Insect engorged abdomen","RNA","37.55697_-122.07938","Mosquito","Culex_erythrothorax_8/3/2017_Coyotes Hills_",37.55697,-122.07938
"153","CMS_048_RNA_A_S5","","2018-04-19 14:22:25 -0700",8692,"COMPLETE",11602996,55330,0.477,67.994,1.43,"Insect engorged abdomen","RNA","37.55697_-122.07938","Mosquito","Culex_erythrothorax_8/3/2017_Coyotes Hills_",37.55697,-122.07938
"154","CMS_049_RNA_A_S6","","2018-04-19 14:22:25 -0700",9758,"COMPLETE",13208840,105046,0.795,80.209,1.76,"Insect engorged abdomen","RNA","37.55697_-122.07938","Mosquito","Culex_erythrothorax_8/3/2017_Coyotes Hills_",37.55697,-122.07938
"155","CMS_050_RNA_A_S23","","2018-03-26 10:09:24 -0700",6156,"COMPLETE",24841430,115834,0.466,73.297,1.16,"Insect engorged abdomen","RNA","37.506080_-121.998570","Mosquito","Culex erythrothorax_10/17/17_Stevenson Pond (Newark)_Providencia_HubeiVirgaLike2",37.50608,-121.99857
"156","CMS_051_RNA_A_S8","","2018-03-26 10:09:24 -0700",8646,"COMPLETE",30339330,293120,0.966,80.828,1.59,"Insect engorged abdomen","RNA","37.506080_-121.998570","Mosquito","Culex tarsalis_10/17/17_Stevenson Pond (Newark)_HubeiMosquitoVirus2-EnvironmentalBunyaviridae-Narnaviridae-WenzhouSobemoLike4",37.50608,-121.99857
"157","CMS_052_RNA_A_S7","","2018-04-19 14:22:25 -0700",10026,"COMPLETE",15587242,62714,0.402,75.317,2.13,"Insect engorged abdomen","RNA","37.55697_-122.07938","Mosquito","Culex_erythrothorax_9/21/2017_Coyotes Hills_",37.55697,-122.07938
"158","CMS_053_RNA_A_S8","","2018-04-19 14:22:25 -0700",36799,"COMPLETE",18426770,62304,0.338,61.639,2.02,"Insect engorged abdomen","RNA","37.55697_-122.07938","Mosquito","Culex_erythrothorax_10/7/2017_Coyotes Hills_",37.55697,-122.07938
"159","CMS_054_RNA_A_S11","","2018-04-15 09:23:03 -0700",10647,"COMPLETE",34981460,49464,0.141,68.228,1.99,"Insect engorged abdomen","RNA","37.630830_-122.142670","Mosquito","Culex pipiens_02/10/16_Dutra Duck Ponds_",37.63083,-122.14267
"160","CMS_055_RNA_A_S9","","2018-04-19 14:22:25 -0700",13604,"COMPLETE",15309036,37546,0.245,70.718,1.92,"Insect engorged abdomen","RNA","37.55697_-122.07938","Mosquito","Culex_erythrothorax_9/21/2017_Coyotes Hills_",37.55697,-122.07938
"161","CMS_056_RNA_A_S10","","2018-04-19 14:22:25 -0700",17590,"COMPLETE",16171702,46212,0.286,67.727,1.76,"Insect engorged abdomen","RNA","37.55697_-122.07938","Mosquito","Culex_erythrothorax_9/21/2017_Coyotes Hills_",37.55697,-122.07938
"162","CMS_057_RNA_A_S11","","2018-04-19 14:22:25 -0700",10382,"COMPLETE",16068996,209796,1.306,68.204,1.41,"Insect engorged abdomen","RNA","37.55697_-122.07938","Mosquito","Culex_erythrothorax_9/21/2017_Coyotes Hills_",37.55697,-122.07938
"163","CMS_058_RNA_A_S9","","2018-03-26 10:09:24 -0700",7151,"COMPLETE",23464710,173816,0.741,78.577,1.59,"Insect engorged abdomen","RNA","NA_NA","Mosquito","NA_NA_NA_mammalianBloodmeal-spirochete-HubeiVirgaLike2-Narnaviridae-WenzhouTombuLike11-HubeiMosquitoVirus4",NA,NA
"164","CMS_059_RNA_A_S10","","2018-03-26 10:09:24 -0700",7779,"COMPLETE",28157612,150416,0.534,81.601,1.83,"Insect engorged abdomen","RNA","37.668300_-122.159150","Mosquito","Culex pipiens_10/24/17_Ora Loma Sanitary District_Wolbachia-divergentHaemophilus_Trypanosomes",37.6683,-122.15915
"165","CMS_060_RNA_A_S12","","2018-04-15 09:23:03 -0700",15646,"COMPLETE",41239958,583462,1.415,84.726,2.58,"Insect engorged abdomen","RNA","37.556970_-122.07938","Mosquito","Culex inornata_10/23/17_Coyote Hills_Was this Aedes?",37.55697,-122.07938
"166","CMS_070_RNA_A_S3","","2018-02-06 17:57:49 -0800",19801,"COMPLETE",63094794,511918,0.811,82.817,1.43,"Insect abdomen","RNA","37.556970_-122.079380","Mosquito","Culex tarsalis_09/19/17_Coyotes Hills",37.55697,-122.07938
"167","CMS_088a_MagMax_RNA_A_S5","","2018-05-29 15:18:01 -0700",2925,"COMPLETE",26335784,151126,0.574,25.392,1.09,"","","","Mosquito","",NA,NA
"168","CMS_088b_Dynabeads_RNA_A_S6","","2018-05-29 15:18:01 -0700",5364,"COMPLETE",57530186,477144,0.829,20.678,1.11,"","","","Mosquito","",NA,NA
"169","CMS_089a_MagBeads_RNA_A_S7","","2018-05-29 15:18:01 -0700",1120,"COMPLETE",41716132,249096,0.597,32.988,1.27,"","","","Mosquito","",NA,NA
"170","CMS_089b_ZymoZRDuet_RNA_A_S8","","2018-05-29 15:18:01 -0700",5451,"COMPLETE",67299454,452180,0.672,31.563,1.16,"","","","Mosquito","",NA,NA
"171","CMS_100_RNA_A_S3","","2018-05-29 15:18:01 -0700",1826,"COMPLETE",11035288,15990,0.145,21.476,1.19,"","","","Mosquito","",NA,NA
"172","CMS_70_RNA_A_S4","","2018-05-29 15:18:01 -0700",1779,"COMPLETE",8547182,15722,0.184,30.202,1.2,"","","","Mosquito","",NA,NA
"173","CMS_D_RNA_A_S1","","2018-05-29 15:18:01 -0700",588,"COMPLETE",19285368,152842,0.793,33.01,1.56,"","","","Mosquito","",NA,NA
"174","CMS_RL_RNA_A_S2","","2018-05-29 15:18:01 -0700",1719,"COMPLETE",7752368,22772,0.294,26.018,1.15,"","","","Mosquito","",NA,NA
"175","CMS_water1_S11","","2018-03-26 10:09:24 -0700",6662,"COMPLETE",9186,10,0.109,1.728,1.23,"","","","Mosquito","",NA,NA
"176","CMS_water2_S24","","2018-03-26 10:09:24 -0700",6179,"COMPLETE",464240,4134,0.89,35.102,1.05,"","","","Mosquito","",NA,NA
"177","CMS_water3_Qiagen_S26","","2018-04-15 09:23:03 -0700",10019,"COMPLETE",8462350,111706,1.32,81.587,1.53,"","","","Mosquito","",NA,NA
"178","CMS_water4_Zymo_S27","","2018-04-15 09:23:03 -0700",14239,"COMPLETE",1069066,18072,1.69,47.793,1.37,"","","","Mosquito","",NA,NA
"179","CMS_water5_RNA_A_S12","","2018-04-19 14:22:25 -0700",14381,"COMPLETE",31114,534,1.716,15.251,1.09,"","","","Mosquito","",NA,NA
"180","FREZtarsABDO05_DNA_S9","","2017-10-02 16:10:11 -0700",25363,"COMPLETE",57683728,18907812,32.778,70.134,1.04,"","","","Mosquito","",NA,NA
"181","FREZtarsABDO05_RNA_S2","","2017-10-02 16:10:33 -0700",6073,"COMPLETE",52928538,398342,0.753,48.26,1.4,"","","","Mosquito","",NA,NA
"182","FREZtarsABDO20_RNA_S3","","2017-10-02 16:12:10 -0700",8097,"COMPLETE",58384418,398696,0.683,48.096,1.34,"","","","Mosquito","",NA,NA
"183","FREZtarsHEAD05_DNA_S8","","2017-10-02 16:12:18 -0700",65708,"COMPLETE",101079952,29507684,29.192,68.485,1.05,"Insect head","","","Mosquito","",NA,NA
"184","FREZtarsHEAD05_RNA_S1","","2017-10-02 16:12:27 -0700",8493,"COMPLETE",60760662,489282,0.805,43.956,1.34,"Insect head","","","Mosquito","",NA,NA
"185","FREZtarsHEAD20_DNA_S10","","2017-10-02 16:12:37 -0700",70326,"COMPLETE",59150136,18876628,31.913,70.316,1.03,"Insect head","","","Mosquito","",NA,NA
"186","FREZtarsHEAD20_RNA_S6","","2017-10-02 16:12:44 -0700",11689,"COMPLETE",81876908,1211386,1.48,46.875,1.58,"Insect head","","","Mosquito","Mosquito Head",NA,NA
"187","MOS01_01_W_R_S1","Calla.Martyn@ucsf.edu","2018-07-18 17:17:40 -0700",2456,"COMPLETE",2148868,10562,0.492,44.098,1.59,"","","","Mosquito","",NA,NA
"188","MOS01_06_H_R_S2","Calla.Martyn@ucsf.edu","2018-07-18 17:17:40 -0700",2527,"COMPLETE",6608450,16800,0.254,62.872,1.52,"","","","Mosquito","",NA,NA
"189","MOS01_14_A_R_S3","Calla.Martyn@ucsf.edu","2018-07-18 17:17:40 -0700",3220,"COMPLETE",3439462,59734,1.737,82.688,1.2,"","","","Mosquito","",NA,NA
"190","MOS01_19_W_R_S4","Calla.Martyn@ucsf.edu","2018-07-18 17:17:40 -0700",1955,"COMPLETE",1732484,8876,0.512,46.891,1.11,"","","","Mosquito","",NA,NA
"191","MOS01_24_H_R_S5","Calla.Martyn@ucsf.edu","2018-07-18 17:17:40 -0700",2851,"COMPLETE",2367392,10290,0.435,46.094,1.21,"","","","Mosquito","",NA,NA
"192","MOS01_29_A_R_S6","Calla.Martyn@ucsf.edu","2018-07-18 17:17:40 -0700",3579,"COMPLETE",2263348,209986,9.278,88.998,1.06,"","","","Mosquito","",NA,NA
"193","MOS01_31_W_R_S7","Calla.Martyn@ucsf.edu","2018-07-18 17:17:40 -0700",2824,"COMPLETE",2467528,72848,2.952,73.737,1.17,"","","","Mosquito","",NA,NA
"194","MOS01_36_H_R_S8","Calla.Martyn@ucsf.edu","2018-07-18 17:17:40 -0700",3660,"COMPLETE",3555440,79370,2.232,68.523,1.59,"","","","Mosquito","",NA,NA
"195","MOS01_41_A_R_S9","Calla.Martyn@ucsf.edu","2018-07-18 17:17:40 -0700",3413,"COMPLETE",1800354,41824,2.323,66.269,1.48,"","","","Mosquito","",NA,NA
"196","MOS01_46_W_R_S10","Calla.Martyn@ucsf.edu","2018-07-18 17:17:40 -0700",3055,"COMPLETE",1445982,30948,2.14,70.717,1.07,"","","","Mosquito","",NA,NA
"197","MOS01_56_A_R_S11","Calla.Martyn@ucsf.edu","2018-07-18 17:17:40 -0700",2401,"COMPLETE",1555766,33346,2.143,70.576,1.08,"","","","Mosquito","",NA,NA
"198","MOS01_W1_R_S12","Calla.Martyn@ucsf.edu","2018-07-18 17:17:40 -0700",3948,"COMPLETE",556432,102416,18.406,85.078,1.81,"","","","Mosquito","",NA,NA
"199","TEAtarsABDO05_DNA_S12","","2017-10-02 16:12:52 -0700",73130,"COMPLETE",55003416,15112574,27.476,66.712,1.04,"","","","Mosquito","",NA,NA
"200","TEAtarsABDO05_RNA_S4","","2017-10-02 16:13:00 -0700",1601,"COMPLETE",33181308,330538,0.996,52.682,1.31,"","","","Mosquito","",NA,NA
"201","TEAtarsABDO20_RNA_S5","","2017-10-02 16:13:08 -0700",2534,"COMPLETE",61340566,541044,0.882,42.941,1.29,"","","","Mosquito","",NA,NA
"202","TEAtarsHEAD05_DNA_S11","","2017-10-02 16:13:17 -0700",19514,"COMPLETE",51114196,14173302,27.729,65.325,1.03,"Insect head","","","Mosquito","",NA,NA
"203","TEAtarsHEAD05_RNA_S7","","2017-10-02 16:13:25 -0700",9410,"COMPLETE",82770328,906146,1.095,45.441,1.81,"Insect head","","","Mosquito","",NA,NA
"204","TEAtarsHEAD20_DNA_S13","","2017-10-02 16:13:34 -0700",17258,"FAILED",52397738,NA,NA,69.567,1.02,"Insect head","","","Mosquito","",NA,NA
