sample_name,uploader,upload_date,runtime_seconds,overall_job_status,num_input_files,total_reads,nonhost_reads,nonhost_reads_percent,ercc_reads,subsampled_fraction,quality_control,compression_ratio,tissue_type,nucleotide_type,location,host_genome,notes,sample_diagnosis
CMS_001_06_S5_L001,Kalani Ratnasiri,2018-08-21 14:26:32 -0700,3474.0,COMPLETE,2,31771554,122820,0.387,6042,1.0,71.22,1.5,,,,Mosquito,,
CMS_001_17_S6_L001,Kalani Ratnasiri,2018-08-21 14:26:31 -0700,4774.0,COMPLETE,2,35183096,116474,0.331,3056,1.0,81.593,1.59,,,,Mosquito,,
CMS_001_32_S7_L001,Kalani Ratnasiri,2018-08-21 14:26:31 -0700,3772.0,COMPLETE,2,36829212,103214,0.28,2468,1.0,75.491,1.82,,,,Mosquito,,
CMS_001_RNA_A_S1,,2018-03-25 21:38:09 -0700,8691.0,COMPLETE,2,26717044,942568,3.528,6104,1.0,86.63,1.48,Insect engorged abdomen,RNA,37.556970_-122.079380,Mosquito,Culex erythrothorax_10/03/17_Coyotes Hills_HubeiMosquitoVirus4-WenzhouTombusLike11-HubeiVirgaLike2_Providencia_Trypanosome_rodent,
CMS_002_10a_Rb_S119_L004,Kalani Ratnasiri,2018-07-16 16:20:53 -0700,4406.0,COMPLETE,2,89358216,63970,0.072,5538,1.0,65.525,4.59,whole mosquito,RNA,"32.7981529, -116.9544084",Mosquito,"- id_method : TEA
- genus_species: Cx. Quing
- Number of mosquitos: 1
- Sex: female
- Blood fed: Y",
CMS_002_13a_Rb_S120_L004,Kalani Ratnasiri,2018-07-16 16:20:53 -0700,4350.0,COMPLETE,2,76144326,125128,0.164,45426,1.0,43.775,1.7,whole mosquito,RNA,"32.7996185, -116.9393203",Mosquito,"- id_method : TEA
- genus_species: Cx. Quing
- Number of mosquitos: 1
- Sex: female
- Blood fed: Y",
CMS_002_16a_Rb_S121_L004,Kalani Ratnasiri,2018-07-16 16:20:53 -0700,7488.0,COMPLETE,2,81220802,5696,0.007,12826,1.0,90.124,8.32,whole mosquito,RNA,"32.7152395, -117.1148424",Mosquito,"Super clean sample surprisingly few non-host reads
- id_method : Freeze
- genus_species: Ae. Egypti
- Number of mosquitos: 1
- Sex: female
- Blood fed: N",
CMS_002_17a_Rb_S122_L004,Kalani Ratnasiri,2018-07-16 16:20:53 -0700,7949.0,COMPLETE,2,75330508,177954,0.236,24730,1.0,89.022,7.19,whole mosquito,RNA,"32.5542907, -117.0482800",Mosquito,"- id_method : Freeze
- genus_species: Ae. Egypti
- Number of mosquitos: 5
- Sex: females
- Blood fed: N",
CMS_002_17b_Rb_S123_L004,Kalani Ratnasiri,2018-07-16 16:20:53 -0700,13905.0,COMPLETE,2,77087486,198902,0.258,27258,1.0,92.203,7.39,whole mosquito,RNA,"32.5542907, -117.0482800",Mosquito,"- id_method : Freeze
- genus_species: Ae. Egypti
- Number of mosquitos: 5
- Sex: females
- Blood fed: N",
CMS_002_17c_Rb_S124_L004,Kalani Ratnasiri,2018-07-16 16:20:53 -0700,7839.0,COMPLETE,2,66242378,184544,0.279,59524,1.0,90.75,7.0,whole mosquito,RNA,"32.5542907, -117.0482800",Mosquito,"- id_method : Freeze
- genus_species: Ae. Egypti
- Number of mosquitos: 5
- Sex: females
- Blood fed: N",
CMS_002_17d_Rb_S125_L004,Kalani Ratnasiri,2018-07-16 16:20:53 -0700,6846.0,COMPLETE,2,50709076,286214,0.564,16464,1.0,95.356,5.34,whole mosquito,RNA,"32.5542907, -117.0482800",Mosquito,"- id_method : Freeze
- genus_species: Ae. Egypti
- Number of mosquitos: 5
- Sex: females
- Blood fed: N",
CMS_002_17e_Rb_S126_L004,Kalani Ratnasiri,2018-07-16 16:20:53 -0700,8317.0,COMPLETE,2,61930896,25380,0.041,21378,1.0,91.263,6.26,whole mosquito,RNA,"32.5542907, -117.0482800",Mosquito,"- id_method : Freeze
- genus_species: Ae. Egypti
- Number of mosquitos: 5
- Sex: females
- Blood fed: N",
CMS_002_18a_Rb_S128_L004,Kalani Ratnasiri,2018-07-16 16:20:53 -0700,5669.0,COMPLETE,2,53659794,44084,0.082,2398,1.0,78.192,7.89,whole mosquito,RNA,"32.6952215, -117.1221922",Mosquito,"- id_method : Freeze
- genus_species: Ae. Egypti
- Number of mosquitos: 2
- Sex: females
- Blood fed: N",
CMS_002_18b_Rb_S129_L004,Kalani Ratnasiri,2018-07-16 16:20:53 -0700,13282.0,COMPLETE,2,89837146,253780,0.282,80812,1.0,92.601,6.94,whole mosquito,RNA,"32.6952215, -117.1221922",Mosquito,"- id_method : Freeze
- genus_species: Ae. Egypti
- Number of mosquitos: 2
- Sex: females
- Blood fed: N",
CMS_002_19a_Rb_S130_L004,Kalani Ratnasiri,2018-07-16 16:20:53 -0700,9282.0,COMPLETE,2,71919820,233550,0.325,50620,1.0,90.867,6.89,whole mosquito,RNA,"32.760258, -117.0813933",Mosquito,"- id_method : Freeze
- genus_species: Ae. Egypti
- Number of mosquitos: 1
- Sex: female
- Blood fed: N",
CMS_002_1a_Rb_S116_L004,Kalani Ratnasiri,2018-07-16 16:20:53 -0700,3543.0,COMPLETE,2,54921592,119862,0.218,7940,1.0,52.05,2.89,whole mosquito,RNA,"32.7962659, -116.9594824",Mosquito,"- id_method : TEA
- genus_species: Cx. Quing
- Number of mosquitos: 1
- Sex: female
- Blood fed: Y",
CMS_002_20a_Rb_S131_L004,Kalani Ratnasiri,2018-07-16 16:20:53 -0700,5523.0,COMPLETE,2,66177444,915524,1.383,13446,1.0,90.098,3.31,whole mosquito,RNA,"32.9407491, -1172165239",Mosquito,"- id_method : Freeze
- genus_species: Cs. Particeps
- Number of mosquitos: 5
- Sex: females
- Blood fed: N",
CMS_002_20b_Rb_S132_L004,Kalani Ratnasiri,2018-07-16 16:20:53 -0700,6342.0,COMPLETE,2,119173142,365056,0.306,12156,1.0,89.33,7.47,whole mosquito,RNA,"32.9407491, -1172165239",Mosquito,"- id_method : Freeze
- genus_species: Cs. Particeps
- Number of mosquitos: 5
- Sex: females
- Blood fed: N",
CMS_002_20c_Rb_S133_L004,Kalani Ratnasiri,2018-07-16 16:20:53 -0700,7768.0,COMPLETE,2,126641370,452576,0.357,26994,1.0,87.554,7.79,whole mosquito,RNA,"32.9407491, -1172165239",Mosquito,"- id_method : Freeze
- genus_species: Cs. Particeps
- Number of mosquitos: 5
- Sex: females
- Blood fed: N",
CMS_002_20d_Rb_S134_L004,Kalani Ratnasiri,2018-07-16 16:20:53 -0700,3329.0,COMPLETE,2,31922362,259926,0.814,2988,1.0,92.483,3.96,whole mosquito,RNA,"32.9407491, -1172165239",Mosquito,"- id_method : Freeze
- genus_species: Cs. Particeps
- Number of mosquitos: 5
- Sex: females
- Blood fed: N",
CMS_002_20e_Rb_S135_L004,Kalani Ratnasiri,2018-07-16 16:20:53 -0700,5000.0,COMPLETE,2,74164868,554222,0.747,22188,1.0,88.483,4.27,whole mosquito,RNA,"32.9407491, -1172165239",Mosquito,"- id_method : Freeze
- genus_species: Cs. Particeps
- Number of mosquitos: 5
- Sex: females
- Blood fed: N",
CMS_002_21a_Rb_S136_L004,Kalani Ratnasiri,2018-07-16 16:20:53 -0700,14631.0,COMPLETE,2,94039124,1271478,1.352,8060,1.0,86.528,3.34,whole mosquito,RNA,"32.9407491, -1172165239",Mosquito,"- id_method : Freeze
- genus_species: Cs. Particeps
- Number of mosquitos: 1
- Sex: female
- Blood fed: N",
CMS_002_22a_Rb_S137_L004,Kalani Ratnasiri,2018-07-16 16:20:53 -0700,4233.0,COMPLETE,2,94157694,120854,0.128,15698,1.0,55.497,3.3,whole mosquito,RNA,"32.552783, -117.0559469",Mosquito,"- id_method : Freeze
- genus_species: Cx. Quing
- Number of mosquitos: 2
- Sex: females
- Blood fed: N",
CMS_002_23a_Rb_S138_L004,Kalani Ratnasiri,2018-07-16 16:20:53 -0700,3822.0,COMPLETE,2,54787968,116540,0.213,21498,1.0,58.31,2.25,whole mosquito,RNA,"32.5928337, -117.0575668",Mosquito,"- id_method : Freeze
- genus_species: Cx. Quing
- Number of mosquitos: 1
- Sex: female
- Blood fed: N",
CMS_002_25a_Rb_S140_L004,Kalani Ratnasiri,2018-07-16 16:20:53 -0700,3223.0,COMPLETE,2,18885656,2640,0.014,80482,1.0,92.381,4.26,whole mosquito,RNA,"32.5928337, -117.0575668",Mosquito,"- id_method : TEA
- genus_species: Ae. Aegypti
- Number of mosquitos: 6
- Blood fed: N",
CMS_002_25b_Rb_S141_L004,Kalani Ratnasiri,2018-07-16 16:20:53 -0700,4670.0,COMPLETE,2,25645770,1646,0.006,130794,1.0,95.546,5.37,whole mosquito,RNA,"33.954615, -117.693828",Mosquito,"- id_method : TEA
- genus_species: Ae. Aegypti
- Number of mosquitos: 6
- Blood fed: N",
CMS_002_25c_Rb_S142_L004,Kalani Ratnasiri,2018-07-16 16:20:53 -0700,8382.0,COMPLETE,2,85740778,6354,0.007,94,1.0,95.406,8.35,whole mosquito,RNA,"33.954615, -117.693828",Mosquito,"- id_method : TEA
- genus_species: Ae. Aegypti
- Number of mosquitos: 6
- Blood fed: N",
CMS_002_25d_Rb_S143_L004,Kalani Ratnasiri,2018-07-16 16:20:53 -0700,5065.0,COMPLETE,2,35087042,2336,0.007,44036,1.0,92.336,6.76,whole mosquito,RNA,"33.954615, -117.693828",Mosquito,"- id_method : TEA
- genus_species: Ae. Aegypti
- Number of mosquitos: 6
- Blood fed: N",
CMS_002_25e_Rb_S144_L004,Kalani Ratnasiri,2018-07-16 16:20:53 -0700,9061.0,COMPLETE,2,88720312,8254,0.009,96912,1.0,90.692,8.17,whole mosquito,RNA,"33.954615, -117.693828",Mosquito,"- id_method : TEA
- genus_species: Ae. Aegypti
- Number of mosquitos: 6
- Blood fed: N",
CMS_002_25f_Rb_S145_L004,Kalani Ratnasiri,2018-07-16 16:20:53 -0700,7241.0,COMPLETE,2,78690306,2770,0.004,5366,1.0,93.369,11.66,whole mosquito,RNA,"33.954615, -117.693828",Mosquito,"- id_method : TEA
- genus_species: Ae. Aegypti
- Number of mosquitos: 6
- Blood fed: N",
CMS_002_26a_Rb_S146_L004,Kalani Ratnasiri,2018-07-16 16:20:53 -0700,4256.0,COMPLETE,2,37269798,21730,0.058,29140,1.0,93.704,6.27,whole mosquito,RNA,"34.155852, -117.666926",Mosquito,"- id_method : TEA
- genus_species: Ae. Albopictus
- Number of mosquitos: 5
- Blood fed: N",
CMS_002_26b_Rb_S147_L004,Kalani Ratnasiri,2018-07-16 16:20:53 -0700,5169.0,COMPLETE,2,56506648,29168,0.052,43130,1.0,93.42,7.09,whole mosquito,RNA,"34.150853, -117.642917",Mosquito,"- id_method : TEA
- genus_species: Cx. Quinquefasciatus
- Number of mosquitos: 8
- Blood fed: N",
CMS_002_26c_Rb_S148_L004,Kalani Ratnasiri,2018-07-16 16:20:53 -0700,5774.0,COMPLETE,2,60679324,49700,0.082,80890,1.0,93.939,7.27,whole mosquito,RNA,"33.935, -117.655833",Mosquito,"- id_method : TEA
- genus_species: CX. Erythrothorax
- Number of mosquitos: 5
- Blood fed: N",
CMS_002_26d_Rb_S149_L004,Kalani Ratnasiri,2018-07-16 16:20:53 -0700,7584.0,COMPLETE,2,96884414,71742,0.074,16832,1.0,96.631,10.47,whole mosquito,RNA,"33.925833, -117.659722",Mosquito,"- id_method : TEA
- genus_species: Cx. Tarsalis
- Number of mosquitos: 5
- Blood fed: N",
CMS_002_26e_Rb_S150_L004,Kalani Ratnasiri,2018-07-16 16:20:53 -0700,5492.0,COMPLETE,2,61840756,37974,0.061,99582,1.0,93.738,7.82,whole mosquito,RNA,,Mosquito,"",
CMS_002_27a_Rb_S152_L004,Kalani Ratnasiri,2018-07-16 16:20:53 -0700,3074.0,COMPLETE,2,37243342,64288,0.173,2058,1.0,56.027,3.6,whole mosquito,RNA,"34.150853, -117.642917",Mosquito,"- id_method : TEA
- genus_species: Cx. Quinquefasciatus
- Number of mosquitos: 8
- Blood fed: N",
CMS_002_27b_Rb_S153_L004,Kalani Ratnasiri,2018-07-16 16:20:53 -0700,6155.0,COMPLETE,2,83431474,284386,0.341,8098,1.0,86.627,4.04,whole mosquito,RNA,"34.150853, -117.642917",Mosquito,"- id_method : TEA
- genus_species: Cx. Quinquefasciatus
- Number of mosquitos: 8
- Blood fed: N",
CMS_002_28a_Rb_S154_L004,Kalani Ratnasiri,2018-07-16 16:20:53 -0700,6037.0,COMPLETE,2,78859068,136002,0.172,16588,1.0,81.292,3.26,whole mosquito,RNA,"33.935, -117.655833",Mosquito,"- id_method : TEA
- genus_species: CX. Erythrothorax
- Number of mosquitos: 5
- Blood fed: N",
CMS_002_28b_Rb_S155_L004,Kalani Ratnasiri,2018-07-16 16:20:53 -0700,9601.0,COMPLETE,2,109203686,168320,0.154,24224,1.0,57.83,2.5,whole mosquito,RNA,"33.935, -117.655833",Mosquito,"- id_method : TEA
- genus_species: CX. Erythrothorax
- Number of mosquitos: 5
- Blood fed: N",
CMS_002_28c_Rb_S156_L004,Kalani Ratnasiri,2018-07-16 16:20:53 -0700,10189.0,COMPLETE,2,91267932,157970,0.173,25946,1.0,52.843,2.9,whole mosquito,RNA,"33.935, -117.655833",Mosquito,"- id_method : TEA
- genus_species: CX. Erythrothorax
- Number of mosquitos: 5
- Blood fed: N",
CMS_002_28d_Rb_S157_L004,Kalani Ratnasiri,2018-07-16 16:20:53 -0700,7187.0,COMPLETE,2,97823918,201622,0.206,24778,1.0,38.375,2.5,whole mosquito,RNA,"33.935, -117.655833",Mosquito,"- id_method : TEA
- genus_species: CX. Erythrothorax
- Number of mosquitos: 5
- Blood fed: N",
CMS_002_28e_Rb_S158_L004,Kalani Ratnasiri,2018-07-16 16:20:53 -0700,12021.0,COMPLETE,2,124739806,784326,0.629,36292,1.0,54.976,2.13,whole mosquito,RNA,"33.935, -117.655833",Mosquito,"- id_method : TEA
- genus_species: CX. Erythrothorax
- Number of mosquitos: 5
- Blood fed: N",
CMS_002_29a_Rb_S159_L004,Kalani Ratnasiri,2018-07-16 16:20:53 -0700,11192.0,COMPLETE,2,93293792,435138,0.466,12856,1.0,78.214,3.34,whole mosquito,RNA,"33.925833, -117.659722",Mosquito,"- id_method : TEA
- genus_species: Cx. Tarsalis
- Number of mosquitos: 5
- Blood fed: N",
CMS_002_29b_Rb_S160_L004,Kalani Ratnasiri,2018-07-16 16:20:54 -0700,6660.0,COMPLETE,2,85392072,207544,0.243,8450,1.0,85.256,3.35,whole mosquito,RNA,"33.925833, -117.659722",Mosquito,"- id_method : TEA
- genus_species: Cx. Tarsalis
- Number of mosquitos: 5
- Blood fed: N",
CMS_002_29c_Rb_S161_L004,Kalani Ratnasiri,2018-07-16 16:20:54 -0700,9936.0,COMPLETE,2,93413514,265974,0.285,4916,1.0,86.27,5.19,whole mosquito,RNA,"33.925833, -117.659722",Mosquito,"- id_method : TEA
- genus_species: Cx. Tarsalis
- Number of mosquitos: 5
- Blood fed: N",
CMS_002_29d_Rb_S162_L004,Kalani Ratnasiri,2018-07-16 16:20:54 -0700,7762.0,COMPLETE,2,78476036,433564,0.552,6900,1.0,78.66,3.7,whole mosquito,RNA,"33.925833, -117.659722",Mosquito,"- id_method : TEA
- genus_species: Cx. Tarsalis
- Number of mosquitos: 5
- Blood fed: N",
CMS_002_29e_Rb_S164_L004,Kalani Ratnasiri,2018-07-16 16:20:54 -0700,3768.0,COMPLETE,2,25660162,197020,0.768,14398,1.0,80.455,1.44,whole mosquito,RNA,"33.925833, -117.659722",Mosquito,"- id_method : TEA
- genus_species: Cx. Tarsalis
- Number of mosquitos: 5
- Blood fed: N",
CMS_002_31a_Rb_S165_L004,Kalani Ratnasiri,2018-07-16 16:20:54 -0700,6163.0,COMPLETE,2,46150948,331158,0.718,61110,1.0,83.11,1.95,whole mosquito,RNA,"33.516797, -116.082468",Mosquito,"- id_method : TEA
- genus_species: Cx. Tarsalis
- Number of mosquitos: 5
- Sex: females
- Blood fed: N",
CMS_002_32a_Rb_S166_L004,Kalani Ratnasiri,2018-07-16 16:20:54 -0700,6018.0,COMPLETE,2,63556578,545048,0.858,78614,1.0,81.165,1.61,whole mosquito,RNA,"33.516797, -116.082468",Mosquito,"- id_method : TEA
- genus_species: Cx. Tarsalis
- Number of mosquitos: 6
- Sex: males
- Blood fed: N",
CMS_002_33a_Rb_S167_L004,Kalani Ratnasiri,2018-07-16 16:20:54 -0700,10252.0,COMPLETE,2,71357226,476968,0.668,31592,1.0,63.419,1.65,whole mosquito,RNA,"33.569223, -116.079206",Mosquito,"- id_method : TEA
- genus_species: Cx. Tarsalis
- Number of mosquitos: 5
- Sex: females
- Blood fed: N",
CMS_002_34a_Rb_S168_L004,Kalani Ratnasiri,2018-07-16 16:20:54 -0700,5533.0,COMPLETE,2,38621804,170514,0.441,24108,1.0,63.211,2.04,whole mosquito,RNA,"33.569223, -116.079206",Mosquito,"- id_method : TEA
- genus_species: Cx. Tarsalis
- Number of mosquitos: 4
- Sex: males
- Blood fed: N",
CMS_002_35a_Rb_S169_L004,Kalani Ratnasiri,2018-07-16 16:20:54 -0700,11212.0,COMPLETE,2,73951030,696632,0.942,66938,1.0,64.218,1.6,whole mosquito,RNA,"33.539988, -116.078863",Mosquito,"- id_method : TEA
- genus_species: Cx. Tarsalis
- Number of mosquitos: 5
- Sex: females
- Blood fed: N",
CMS_002_36a_Rb_S170_L004,Kalani Ratnasiri,2018-07-16 16:20:54 -0700,4387.0,COMPLETE,2,37781352,296514,0.785,86660,1.0,85.044,1.48,whole mosquito,RNA,"33.539988, -116.078863",Mosquito,"- id_method : TEA
- genus_species: Cx. Tarsalis
- Number of mosquitos: 5
- Sex: males
- Blood fed: N",
CMS_002_37a_Rb_S171_L004,Kalani Ratnasiri,2018-07-16 16:20:54 -0700,9830.0,COMPLETE,2,97570774,419892,0.43,17298,1.0,47.535,2.8,whole mosquito,RNA,"33.463593, -116.074278",Mosquito,"- id_method : TEA
- genus_species: Cx. Tarsalis
- Number of mosquitos: 5
- Sex: females
- Blood fed: N",
CMS_002_38a_Rb_S172_L004,Kalani Ratnasiri,2018-07-16 16:20:54 -0700,10255.0,COMPLETE,2,92324952,594172,0.644,43948,1.0,88.372,2.85,whole mosquito,RNA,"33.52908, -116.035213",Mosquito,"- id_method : TEA
- genus_species: Cx. Tarsalis
- Number of mosquitos: 5
- Sex: females
- Blood fed: N",
CMS_002_39a_Rb_S173_L004,Kalani Ratnasiri,2018-07-16 16:20:54 -0700,9924.0,COMPLETE,2,75161228,381782,0.508,47312,1.0,67.821,1.62,whole mosquito,RNA,"33.532468, -116.060957",Mosquito,"- id_method : TEA
- genus_species: Cx. Tarsalis
- Number of mosquitos: 5
- Sex: females
- Blood fed: N",
CMS_002_40a_Rb_S174_L004,Kalani Ratnasiri,2018-07-16 16:20:54 -0700,7737.0,COMPLETE,2,65632852,382894,0.583,68314,1.0,71.106,1.74,whole mosquito,RNA,"33.532468, -116.060957",Mosquito,"- id_method : TEA
- genus_species: Cx. Tarsalis
- Number of mosquitos: 5
- Sex: males
- Blood fed: N",
CMS_002_41a_Rb_S176_L004,Kalani Ratnasiri,2018-07-16 16:20:54 -0700,5896.0,COMPLETE,2,49581704,260134,0.525,48396,1.0,69.807,1.83,whole mosquito,RNA,"33.510767, -115.920793",Mosquito,"- id_method : TEA
- genus_species: Cx. Tarsalis
- Number of mosquitos: 5
- Sex: females
- Blood fed: N",
CMS_002_42a_Rb_S177_L004,Kalani Ratnasiri,2018-07-16 16:20:54 -0700,3169.0,COMPLETE,2,34365364,74386,0.216,13168,1.0,70.464,1.38,whole mosquito,RNA,"33.525475, -115.956632",Mosquito,"- id_method : TEA
- genus_species: Cx. Tarsalis
- Number of mosquitos: 5
- Sex: females
- Blood fed: N",
CMS_002_44a_Rb_S178_L004,Kalani Ratnasiri,2018-07-16 16:20:54 -0700,5983.0,COMPLETE,2,51576844,6542,0.013,24722,1.0,91.528,6.93,whole mosquito,RNA,"33.954531, -117.692953",Mosquito,"- id_method : TEA
- genus_species: Ae. Aegypti
- Number of mosquitos: 5
- Blood fed: N",
CMS_002_44b_Rb_S179_L004,Kalani Ratnasiri,2018-07-16 16:20:54 -0700,5648.0,COMPLETE,2,38526446,2720,0.007,56822,1.0,92.912,5.5,whole mosquito,RNA,"33.954531, -117.692953",Mosquito,"- id_method : TEA
- genus_species: Ae. Aegypti
- Number of mosquitos: 5
- Blood fed: N",
CMS_002_44c_Rb_S180_L004,Kalani Ratnasiri,2018-07-16 16:20:54 -0700,8831.0,COMPLETE,2,93622432,6160,0.007,24646,1.0,92.407,8.74,whole mosquito,RNA,"33.954531, -117.692953",Mosquito,"- id_method : TEA
- genus_species: Ae. Aegypti
- Number of mosquitos: 5
- Blood fed: N",
CMS_002_44d_Rb_S181_L004,Kalani Ratnasiri,2018-07-16 16:20:54 -0700,10852.0,COMPLETE,2,111230412,14636,0.013,66580,1.0,95.861,8.46,whole mosquito,RNA,"33.954531, -117.692953",Mosquito,"- id_method : TEA
- genus_species: Ae. Aegypti
- Number of mosquitos: 5
- Blood fed: N",
CMS_002_44e_Rb_S182_L004,Kalani Ratnasiri,2018-07-16 16:20:54 -0700,6890.0,COMPLETE,2,50807004,5984,0.012,165290,1.0,93.859,5.32,whole mosquito,RNA,"33.954531, -117.692953",Mosquito,"- id_method : TEA
- genus_species: Ae. Aegypti
- Number of mosquitos: 5
- Blood fed: N",
CMS_002_45a_Rb_S183_L004,Kalani Ratnasiri,2018-07-16 16:20:54 -0700,6376.0,COMPLETE,2,88956902,63638,0.072,21424,1.0,89.776,9.36,whole mosquito,RNA,"34.151881, -117.66295",Mosquito,"- id_method : TEA
- genus_species: Ae. Albopictus 
- Number of mosquitos: 7
- Blood fed: N",
CMS_002_45b_Rb_S184_L004,Kalani Ratnasiri,2018-07-16 16:20:54 -0700,7287.0,COMPLETE,2,62566848,53948,0.086,93016,1.0,94.055,6.81,whole mosquito,RNA,"34.151881, -117.66295",Mosquito,"- id_method : TEA
- genus_species: Ae. Albopictus 
- Number of mosquitos: 7
- Blood fed: N",
CMS_002_45c_Rb_S185_L004,Kalani Ratnasiri,2018-07-16 16:20:54 -0700,6799.0,COMPLETE,2,53689962,108182,0.201,346382,1.0,94.988,7.07,whole mosquito,RNA,"34.151881, -117.66295",Mosquito,"- id_method : TEA
- genus_species: Ae. Albopictus 
- Number of mosquitos: 7
- Blood fed: N",
CMS_002_45d_Rb_S186_L004,Kalani Ratnasiri,2018-07-16 16:20:54 -0700,8419.0,COMPLETE,2,54817098,195656,0.357,49402,1.0,91.558,6.61,whole mosquito,RNA,"34.151881, -117.66295",Mosquito,"- id_method : TEA
- genus_species: Ae. Albopictus 
- Number of mosquitos: 7
- Blood fed: N",
CMS_002_45e_Rb_S188_L004,Kalani Ratnasiri,2018-07-16 16:20:54 -0700,1493.0,COMPLETE,2,44910420,246882,0.55,83074,1.0,94.696,5.78,whole mosquito,RNA,"34.151881, -117.66295",Mosquito,"- id_method : TEA
- genus_species: Ae. Albopictus 
- Number of mosquitos: 7
- Blood fed: N",
CMS_002_45f_Rb_S189_L004,Kalani Ratnasiri,2018-07-16 16:20:54 -0700,4523.0,COMPLETE,2,34302400,23806,0.069,83546,1.0,95.368,6.01,whole mosquito,RNA,"34.151881, -117.66295",Mosquito,"- id_method : TEA
- genus_species: Ae. Albopictus 
- Number of mosquitos: 7
- Blood fed: N",
CMS_002_45g_Rb_S190_L004,Kalani Ratnasiri,2018-07-16 16:20:54 -0700,4843.0,COMPLETE,2,43011038,104394,0.243,59606,1.0,94.871,5.82,whole mosquito,RNA,"34.151881, -117.66295",Mosquito,"- id_method : TEA
- genus_species: Ae. Albopictus 
- Number of mosquitos: 7
- Blood fed: N",
CMS_002_46a_Rb_S191_L004,Kalani Ratnasiri,2018-07-16 16:20:54 -0700,6033.0,COMPLETE,2,99761686,149546,0.15,15650,1.0,32.313,2.52,whole mosquito,RNA,"33.9725, -117.714444",Mosquito,"- id_method : TEA
- genus_species: Cx. Quinquefasciatus
- Number of mosquitos: 5
- Blood fed: N",
CMS_002_46b_Rb_S192_L004,Kalani Ratnasiri,2018-07-16 16:20:54 -0700,6112.0,COMPLETE,2,86797744,132706,0.153,15908,1.0,34.412,1.93,whole mosquito,RNA,"33.9725, -117.714444",Mosquito,"- id_method : TEA
- genus_species: Cx. Quinquefasciatus
- Number of mosquitos: 5
- Blood fed: N",
CMS_002_47a_Rb_S193_L004,Kalani Ratnasiri,2018-07-16 16:20:54 -0700,7738.0,COMPLETE,2,75891160,184124,0.243,15396,1.0,54.775,2.29,whole mosquito,RNA,"33.93778, -117.633056",Mosquito,"- id_method : TEA
- genus_species: CX. Erythrothorax
- Number of mosquitos: 10
- Blood fed: N",
CMS_002_47b_Rb_S194_L004,Kalani Ratnasiri,2018-07-16 16:20:54 -0700,4316.0,COMPLETE,2,35774292,69850,0.195,58356,1.0,65.108,1.34,whole mosquito,RNA,"33.93778, -117.633056",Mosquito,"- id_method : TEA
- genus_species: CX. Erythrothorax
- Number of mosquitos: 10
- Blood fed: N",
CMS_002_47c_Rb_S195_L004,Kalani Ratnasiri,2018-07-16 16:20:54 -0700,8072.0,COMPLETE,2,76639662,170456,0.222,30190,1.0,65.951,2.16,whole mosquito,RNA,"33.93778, -117.633056",Mosquito,"- id_method : TEA
- genus_species: CX. Erythrothorax
- Number of mosquitos: 10
- Blood fed: N",
CMS_002_47d_Rb_S196_L004,Kalani Ratnasiri,2018-07-16 16:20:54 -0700,8567.0,COMPLETE,2,84501126,225434,0.267,31214,1.0,59.908,1.84,whole mosquito,RNA,"33.93778, -117.633056",Mosquito,"- id_method : TEA
- genus_species: CX. Erythrothorax
- Number of mosquitos: 10
- Blood fed: N",
CMS_002_47e_Rb_S197_L004,Kalani Ratnasiri,2018-07-16 16:20:54 -0700,8237.0,COMPLETE,2,77821980,209400,0.269,8946,1.0,87.201,2.85,whole mosquito,RNA,"33.93778, -117.633056",Mosquito,"- id_method : TEA
- genus_species: CX. Erythrothorax
- Number of mosquitos: 10
- Blood fed: N",
CMS_002_47f_Rb_S198_L004,Kalani Ratnasiri,2018-07-16 16:20:54 -0700,7429.0,COMPLETE,2,55260394,166982,0.302,26166,1.0,56.532,2.07,whole mosquito,RNA,"33.93778, -117.633056",Mosquito,"- id_method : TEA
- genus_species: CX. Erythrothorax
- Number of mosquitos: 10
- Blood fed: N",
CMS_002_47g_Rb_S200_L004,Kalani Ratnasiri,2018-07-16 16:20:54 -0700,4379.0,COMPLETE,2,32029932,159674,0.499,9964,1.0,47.51,1.81,whole mosquito,RNA,"33.93778, -117.633056",Mosquito,"- id_method : TEA
- genus_species: CX. Erythrothorax
- Number of mosquitos: 10
- Blood fed: N",
CMS_002_47h_Rb_S1_L004,Kalani Ratnasiri,2018-07-16 16:20:54 -0700,5847.0,COMPLETE,2,54254598,121326,0.224,17432,1.0,53.9,1.75,whole mosquito,RNA,"33.93778, -117.633056",Mosquito,"- id_method : TEA
- genus_species: CX. Erythrothorax
- Number of mosquitos: 10
- Blood fed: N",
CMS_002_47i_Rb_S2_L004,Kalani Ratnasiri,2018-07-16 16:20:54 -0700,6695.0,COMPLETE,2,54727762,137188,0.251,8138,1.0,63.096,2.62,whole mosquito,RNA,"33.93778, -117.633056",Mosquito,"- id_method : TEA
- genus_species: CX. Erythrothorax
- Number of mosquitos: 10
- Blood fed: N",
CMS_002_47j_Rb_S3_L004,Kalani Ratnasiri,2018-07-16 16:20:54 -0700,6956.0,COMPLETE,2,66671224,165822,0.249,31548,1.0,49.588,1.67,whole mosquito,RNA,"33.93778, -117.633056",Mosquito,"- id_method : TEA
- genus_species: CX. Erythrothorax
- Number of mosquitos: 10
- Blood fed: N",
CMS_002_49a_Rb_S4_L004,Kalani Ratnasiri,2018-07-16 16:20:54 -0700,5937.0,COMPLETE,2,55951408,91456,0.163,27150,1.0,65.043,2.55,whole mosquito,RNA,"38.739939, -121.305636",Mosquito,"- id_method : FREEZE
- genus_species: Cx.Pipiens
- Number of mosquitos: 3
- Blood fed: N",
CMS_002_4a_Rb_S117_L004,Kalani Ratnasiri,2018-07-16 16:20:54 -0700,4251.0,COMPLETE,2,54382586,37814,0.07,7216,1.0,87.469,5.46,whole mosquito,RNA,"32.7991943, -116.9193062",Mosquito,"- id_method : TEA
- genus_species: Cx. Quing
- Number of mosquitos: 1
- Sex: female
- Blood fed: Y",
CMS_002_50a_Rb_S5_L004,Kalani Ratnasiri,2018-07-16 16:20:54 -0700,3205.0,COMPLETE,2,40223370,12948,0.032,1608,1.0,37.244,3.56,whole mosquito,RNA,"38.824306, -121.257067",Mosquito,"- id_method : FREEZE
- genus_species: Cx.Pipiens
- Number of mosquitos: 1
- Blood fed: N",
CMS_002_51a_Rb_S6_L004,Kalani Ratnasiri,2018-07-16 16:20:54 -0700,6836.0,COMPLETE,2,81237864,174164,0.214,5970,1.0,26.876,1.73,whole mosquito,RNA,"38.897572, -121.311747",Mosquito,"- id_method : FREEZE
- genus_species: Cx.Pipiens
- Number of mosquitos: 5
- Blood fed: N",
CMS_002_53a_Rb_S7_L004,Kalani Ratnasiri,2018-07-16 16:20:54 -0700,10664.0,COMPLETE,2,150000000,1602476,1.068,48222,1.0,91.182,2.09,whole mosquito,RNA,"38.836781, -121.39119",Mosquito,"- id_method : FREEZE
- genus_species: Cx.Pipiens
- Number of mosquitos: 1
- Blood fed: N",
CMS_002_54a_Rb_S8_L004,Kalani Ratnasiri,2018-07-16 16:20:54 -0700,6123.0,COMPLETE,2,75446550,104022,0.138,7694,1.0,49.154,1.44,whole mosquito,RNA,"38.772222, -121.4695",Mosquito,"- id_method : FREEZE
- genus_species: Cx.Pipiens
- Number of mosquitos: 1
- Blood fed: N",
CMS_002_56a_Rb_S9_L004,Kalani Ratnasiri,2018-07-16 16:20:54 -0700,8843.0,COMPLETE,2,38502368,456148,1.185,69918,1.0,82.243,1.64,whole mosquito,RNA,"38.787211, -121.372895",Mosquito,"- id_method : FREEZE
- genus_species: Cx. Tarsalis 
- Number of mosquitos: 1
- Blood fed: N",
CMS_002_57a_Rb_S10_L004,Kalani Ratnasiri,2018-07-16 16:20:54 -0700,5370.0,COMPLETE,2,52687788,67558,0.128,18342,1.0,75.484,3.38,whole mosquito,RNA,"38.787211, -121.372895",Mosquito,"- id_method : FREEZE
- genus_species: Cx.Pipiens
- Number of mosquitos: 1
- Blood fed: N",
CMS_002_7a_Rb_S118_L004,Kalani Ratnasiri,2018-07-16 16:20:55 -0700,9921.0,COMPLETE,2,91089974,877042,0.963,21526,1.0,85.612,4.42,whole mosquito,RNA,"32.7856362, -116.9887078",Mosquito,"Tongilchon virus 1 & North Creek virus & Riverside  = unclassified rhabdoviridae  (PMID 28943405) - use all these to seed PRICE assembly
- id_method : TEA
- genus_species: Cx. Quing
- Number of mosquitos: 1
- Sex: female
- Blood fed: Y",
CMS_002_RNA_A_S1,,2018-04-15 09:23:02 -0700,10891.0,COMPLETE,2,31503742,408700,1.297,3080,1.0,59.479,1.32,Insect engorged abdomen,RNA,37.556970_-122.079380,Mosquito,Culex tarsalis_09/21/17_Coyotes Hills_,
CMS_002_Water1_Rb_S127_L004,Kalani Ratnasiri,2018-07-16 16:20:55 -0700,2675.0,COMPLETE,2,247124,4582,1.854,175266,1.0,48.426,1.34,water,RNA,,Mosquito,"",
CMS_002_Water2_Rb_S139_L004,Kalani Ratnasiri,2018-07-16 16:20:55 -0700,2972.0,COMPLETE,2,190334,3170,1.665,141822,1.0,36.806,1.25,water,RNA,,Mosquito,"",
CMS_002_Water3_Rb_S151_L004,Kalani Ratnasiri,2018-07-16 16:20:55 -0700,2973.0,COMPLETE,2,175490,2718,1.549,137638,1.0,37.198,1.27,water,RNA,,Mosquito,"",
CMS_002_Water4_Rb_S163_L004,Kalani Ratnasiri,2018-07-16 16:20:55 -0700,2136.0,COMPLETE,2,168186,3322,1.975,124894,1.0,34.293,1.27,water,RNA,,Mosquito,"",
CMS_002_Water5_Rb_S175_L004,Kalani Ratnasiri,2018-07-16 16:20:55 -0700,3546.0,COMPLETE,2,273804,6802,2.484,192368,1.0,57.312,1.39,water,RNA,,Mosquito,"",
CMS_002_Water6_Rb_S187_L004,Kalani Ratnasiri,2018-07-16 16:20:55 -0700,2109.0,COMPLETE,2,51178,940,1.837,37232,1.0,34.794,1.19,water,RNA,,Mosquito,"",
CMS_002_Water7_Rb_S199_L004,Kalani Ratnasiri,2018-07-16 16:20:55 -0700,3235.0,COMPLETE,2,184738,2786,1.508,137934,1.0,35.927,1.3,water,RNA,,Mosquito,"",
CMS_002_Water8_Rb_S11_L004,Kalani Ratnasiri,2018-07-16 16:20:55 -0700,2935.0,COMPLETE,2,4534,210,4.632,2992,1.0,61.29,1.14,water,RNA,,Mosquito,"",
CMS_003_RNA_A_S2,,2018-03-25 21:38:09 -0700,7523.0,COMPLETE,2,27436684,400340,1.459,2214,1.0,90.187,2.18,Insect engorged abdomen,RNA,37.556970_-122.079380,Mosquito,Culex particepts_09/19/17_Coyotes Hills_Anphevirus-CulexMononegaLike1-CulexMononegaLike2-OtherDivergentMonegaviruses_Acinobacter-Gilliamella-Anaplasma_Trichinella:PlasmodiumOvale_FarmAnimals-Homo?,
CMS_004_RNA_A_S2,,2018-04-15 09:23:02 -0700,7209.0,COMPLETE,2,35584846,56994,0.16,2586,1.0,69.895,2.26,Insect engorged abdomen,RNA,37.715200_-122.194310,Mosquito,Culex pipiens_09/12/17_San Leandro Sewer_,
CMS_005_RNA_A_S3,,2018-03-25 21:38:10 -0700,7546.0,COMPLETE,2,36030436,658158,1.827,2862,1.0,90.315,2.36,Insect engorged abdomen,RNA,37.788860_-122.299030,Mosquito,Culex incidens_09/29/17_Officers Club_EnvironmentaldsRNAvirus-WuhanMosquitoVirus8-ImjinRiver_Acinobacter_Trichinella_FarmAnimals_Homo?,
CMS_006_RNA_A_S1,,2018-02-06 17:57:49 -0800,11395.0,COMPLETE,2,58468534,614932,1.052,0,1.0,79.189,1.46,Insect engorged abdomen,RNA,37.556970_-122.079380,Mosquito,Culex erythrothorax_09/19/17_Coyotes Hills_,
CMS_007_RNA_A_S12,,2018-03-25 21:38:10 -0700,6079.0,COMPLETE,2,20334238,56416,0.277,1314,1.0,70.392,1.09,Insect engorged abdomen,RNA,37.556970_-122.079380,Mosquito,Culex erythrothorax_09/19/17_Coyotes Hills_Trypanosome_Homo?,
CMS_008_RNA_A_S3,,2018-04-15 09:23:02 -0700,10590.0,COMPLETE,2,39977532,301760,0.755,1790,1.0,82.414,3.56,Insect engorged abdomen,RNA,37.556970_-122.079380,Mosquito,Culex particepts_09/19/17_Coyotes Hills_,
CMS_009_RNA_A_S13,,2018-03-26 17:39:09 -0700,9072.0,COMPLETE,2,62306790,837918,1.345,2678,1.0,88.943,2.28,Insect engorged abdomen,RNA,37.556970_-122.079380,Mosquito,Culex particepts_09/19/17_Coyotes Hills,
CMS_010_RNA_A_S1,,2018-04-19 14:22:25 -0700,3857.0,COMPLETE,2,10956312,36572,0.334,5356,1.0,63.824,1.33,Insect engorged abdomen,RNA,37.55697_-122.07938,Mosquito,Culex_erythrothorax_9/19/17_Coyotes Hills_,
CMS_011_RNA_A_S4,,2018-04-15 09:23:02 -0700,12876.0,COMPLETE,2,46367004,252792,0.545,3804,1.0,79.764,2.14,Insect engorged abdomen,RNA,37.556970_-122.079380,Mosquito,Culex erythrothorax_09/19/17_Coyotes Hills_,
CMS_012_RNA_A_S4,,2018-03-25 21:38:10 -0700,6288.0,COMPLETE,2,29359278,251436,0.856,2546,1.0,88.424,2.41,Insect engorged abdomen,RNA,37.556970_-122.079380,Mosquito,Culex dorsalis_09/19/17_Coyotes Hills_Orbivirus,
CMS_013_RNA_A_S5,,2018-04-15 09:23:02 -0700,7981.0,COMPLETE,2,46803120,134204,0.287,10046,1.0,70.378,1.52,Insect engorged abdomen,RNA,37.556970_-122.079380,Mosquito,Culex erythrothorax_09/19/17_Coyotes Hills_,
CMS_014_RNA_A_S5,,2018-03-25 21:38:10 -0700,6335.0,COMPLETE,2,30285576,319108,1.054,1926,1.0,77.735,2.47,Insect engorged abdomen,RNA,37.581910_-122.048380,Mosquito,Culex incidens_10/06/17_Bobwhite Pond (Fremont)_dsRNA virus environmental sample,
CMS_015_RNA_A_S13,,2018-04-15 09:23:02 -0700,6657.0,COMPLETE,2,31961998,77844,0.244,2148,1.0,74.972,2.43,Insect engorged abdomen,RNA,37.556970_-122.079380,Mosquito,Culex erythrothorax_09/27/17_Coyotes Hills_,
CMS_016_RNA_A_S6,,2018-03-25 21:38:10 -0700,8709.0,COMPLETE,2,26878040,439344,1.635,1760,1.0,89.232,2.12,Insect engorged abdomen,RNA,37.581910_-122.04846,Mosquito,Culex inornata_09/19/17_Union City (near Bobwhite)_,
CMS_017_RNA_A_S2,,2018-02-06 17:57:49 -0800,11624.0,COMPLETE,2,73926974,565962,0.766,0,1.0,79.755,1.39,Insect engorged abdomen,RNA,37.581910_-122.04838,Mosquito,Culex erythrothorax_10/06/17_Bobwhite Pond (Fremont)_,
CMS_018_RNA_A_S14,,2018-03-25 21:38:10 -0700,6022.0,COMPLETE,2,18795122,76476,0.407,1206,1.0,75.163,1.25,Insect engorged abdomen,RNA,37.556970_-122.07938,Mosquito,Culex erythrothorax_09/27/17_Coyotes Hills_Spirochetes_Trypanosomes,
CMS_019_RNA_A_S14,,2018-04-15 09:23:02 -0700,6763.0,COMPLETE,2,31633394,87390,0.276,1892,1.0,69.81,1.9,Insect engorged abdomen,RNA,37.556970_-122.07938,Mosquito,Culex erythrothorax_10/04/17_Coyotes Hills_,
CMS_020_RNA_A_S15,,2018-04-15 09:23:02 -0700,10798.0,COMPLETE,2,31195308,429782,1.378,4426,1.0,73.518,1.26,Insect engorged abdomen,RNA,37.581910_-122.04846,Mosquito,Culex erythrothorax_10/06/17_Union City Sanitary District_,
CMS_021_RNA_A_S16,,2018-04-15 09:23:03 -0700,11497.0,COMPLETE,2,30799178,315070,1.023,4756,1.0,75.897,1.31,Insect engorged abdomen,RNA,37.581910_-122.04838,Mosquito,Culex erythrothorax_10/06/17_Bobwhite Pond (Fremont)_,
CMS_022_RNA_A_S6,,2018-04-15 09:23:03 -0700,9140.0,COMPLETE,2,46009226,251698,0.547,9752,1.0,76.514,1.82,Insect engorged abdomen,RNA,37.556970_-122.07938,Mosquito,Culex erythrothorax_09/27/17_Coyotes Hills_,
CMS_023_RNA_A_S17,,2018-04-15 09:23:03 -0700,7968.0,COMPLETE,2,29556020,95650,0.324,1872,1.0,74.249,1.89,Insect engorged abdomen,RNA,37.581910_-122.04838,Mosquito,Culex erythrothorax_10/06/17_Bobwhite Pond (Fremont)_,
CMS_024_RNA_A_S15,,2018-03-26 10:09:24 -0700,5585.0,COMPLETE,2,21483528,86686,0.403,2110,1.0,73.688,1.1,Insect engorged abdomen,RNA,37.581910_-122.04838,Mosquito,Culex erythrothorax_10/06/17_Bobwhite Pond (Fremont)_,
CMS_025_RNA_A_S7,,2018-04-15 09:23:03 -0700,11551.0,COMPLETE,2,38525702,352752,0.916,1794,1.0,85.732,3.43,Insect engorged abdomen,RNA,37.556970_-122.07938,Mosquito,Culex tarsalis_09/21/17_Coyote Hills,
CMS_026_RNA_A_S18,,2018-04-15 09:23:03 -0700,13450.0,COMPLETE,2,44577072,453390,1.017,2666,1.0,85.226,3.48,Insect engorged abdomen,RNA,37.509530_-121.93113,Mosquito,Culex tarsalis_09/19/17_Park Meadow Pond (Fremont)_,
CMS_027_RNA_A_S16,,2018-03-26 10:09:24 -0700,5533.0,COMPLETE,2,29422908,83298,0.283,452,1.0,73.763,1.24,Insect engorged abdomen,RNA,37.866500_-122.310510,Mosquito,Culex tarsalis_09/12/17_McLaughlin Park (Berkeley)_,
CMS_028_RNA_A_S17,,2018-03-26 10:09:24 -0700,7298.0,COMPLETE,2,13579216,102266,0.753,1384,1.0,77.707,1.08,Insect engorged abdomen,RNA,37.715200_-122.194310,Mosquito,Culex tarsalis_09/12/17_San Leandro Sewer_,
CMS_029_RNA_A_S18,,2018-03-26 10:09:24 -0700,5061.0,COMPLETE,2,18413176,98526,0.535,304,1.0,72.313,1.48,Insect engorged abdomen,RNA,37.684730_-121.913410,Mosquito,Culex pipiens_09/13/17_Val Vista Comm Park (Livermore)_,
CMS_030_RNA_A_S7,,2018-03-26 10:09:24 -0700,5531.0,COMPLETE,2,32798496,90122,0.275,2094,1.0,71.373,1.87,Insect engorged abdomen,RNA,37.715200_-122.194310,Mosquito,Culex pipiens_09/10/17_San Leandro Sewer_,
CMS_031_RNA_A_S19,,2018-03-26 10:09:24 -0700,5713.0,COMPLETE,2,13525892,110618,0.818,2016,1.0,78.353,1.09,Insect engorged abdomen,RNA,37.806300_-122.257300,Mosquito,Culex tarsalis_09/13/17_Bonsai Garden (Oakland)_,
CMS_032_RNA_A_S4,,2018-02-06 17:57:49 -0800,7384.0,COMPLETE,2,48593918,335912,0.691,0,1.0,80.396,1.55,Insect engorged abdomen,RNA,37.661260_-122.133350,Mosquito,Culex tarsalis_NA_Skywest Golf_,
CMS_033_RNA_A_S8,,2018-04-15 09:23:03 -0700,8958.0,COMPLETE,2,31711470,230216,0.726,7106,1.0,72.309,1.64,Insect engorged abdomen,RNA,37.556970_-122.079380,Mosquito,Culex tarsalis_09/11/17_Coyotes Hills_,
CMS_034_RNA_A_S19,,2018-04-15 09:23:03 -0700,7699.0,COMPLETE,2,25525650,152718,0.598,1250,1.0,79.657,1.99,Insect engorged abdomen,RNA,37.556970_-122.079380,Mosquito,Culex tarsalis_09/11/17_Coyotes Hills_,
CMS_035_RNA_A_S20,,2018-03-26 10:09:24 -0700,6685.0,COMPLETE,2,13364956,375624,2.811,1540,1.0,83.485,1.36,Insect engorged abdomen,RNA,37.556970_-122.079380,Mosquito,Culex erythrothorax_09/11/17_Coyotes Hills_,
CMS_036_RNA_A_S20,,2018-04-15 09:23:03 -0700,6317.0,COMPLETE,2,28785710,333716,1.159,10062,1.0,73.992,1.41,Insect engorged abdomen,RNA,37.556970_-122.079380,Mosquito,Culex tarsalis_09/11/17_Coyotes Hills_,
CMS_037_RNA_A_S21,,2018-04-15 09:23:03 -0700,6453.0,COMPLETE,2,47742618,145792,0.305,4170,1.0,70.965,1.64,Insect engorged abdomen,RNA,NA,Mosquito,Culex erythrothorax_08/18/17_NA_,
CMS_038_RNA_A_S22,,2018-04-15 09:23:03 -0700,12878.0,COMPLETE,2,36067908,159748,0.443,3244,1.0,75.078,1.65,Insect engorged abdomen,RNA,37.583910_-122.092380,Mosquito,Culex tarsalis_08/24/17_South Marsh Pond (Union City)_,
CMS_039_RNA_A_S9,,2018-04-15 09:23:03 -0700,13635.0,COMPLETE,2,34687168,136610,0.394,2012,1.0,59.256,1.52,Insect engorged abdomen,RNA,37.583910_-122.092380,Mosquito,Culex tarsalis_08/24/17_South Marsh Pond (Union City)_,
CMS_040_RNA_A_S21,,2018-03-26 10:09:24 -0700,2369.0,COMPLETE,2,15491978,71134,0.459,2790,1.0,69.374,1.08,Insect engorged abdomen,RNA,37.499490_-121.933780,Mosquito,Culex tarsalis_08/31/17_Reliance Way Lot,
CMS_041_RNA_A_S10,,2018-04-15 09:23:03 -0700,11830.0,COMPLETE,2,35752378,119360,0.334,4474,1.0,72.173,1.64,Insect engorged abdomen,RNA,37.499490_-121.933780,Mosquito,Culex pipiens_08/31/17_Reliance Way Lot_,
CMS_042_RNA_A_S23,,2018-04-15 09:23:03 -0700,12870.0,COMPLETE,2,36384680,162014,0.445,2058,1.0,65.309,1.65,Insect engorged abdomen,RNA,37.661260_-122.133350,Mosquito,Culex tarsalis_08/25/17_Skywest Golf_,
CMS_043_RNA_A_S24,,2018-04-15 09:23:03 -0700,8851.0,COMPLETE,2,20543860,98074,0.477,1502,1.0,73.986,1.51,Insect engorged abdomen,RNA,37.661260_-122.133350,Mosquito,Culex tarsalis_08/25/17_Skywest Golf_,
CMS_044_RNA_A_S25,,2018-04-15 09:23:03 -0700,7558.0,COMPLETE,2,11465786,66046,0.576,836,1.0,62.23,1.15,Insect engorged abdomen,RNA,37.661260_-122.133350,Mosquito,Culex pipiens_8/25/17_Skywest Golf_,
CMS_045_RNA_A_S2,,2018-04-19 14:22:25 -0700,10183.0,COMPLETE,2,10869462,155028,1.426,14114,1.0,72.625,1.25,Insect engorged abdomen,RNA,37.55697_-122.079380,Mosquito,Culex_tarsalis_8/3/17_Coyotes Hills_,
CMS_046_RNA_A_S3,,2018-04-19 14:22:25 -0700,10972.0,COMPLETE,2,15574872,431628,2.771,3376,1.0,73.902,1.54,Insect engorged abdomen,RNA,37.55697_-122.07938,Mosquito,Culex_tarsalis__8/3/17_Coyotes Hills_,
CMS_047_RNA_A_S4,,2018-04-19 14:22:25 -0700,9948.0,COMPLETE,2,11122662,125758,1.131,1142,1.0,67.164,1.4,Insect engorged abdomen,RNA,37.55697_-122.07938,Mosquito,Culex_erythrothorax_8/3/2017_Coyotes Hills_,
CMS_048_RNA_A_S5,,2018-04-19 14:22:25 -0700,8692.0,COMPLETE,2,11602996,55330,0.477,2754,1.0,67.994,1.43,Insect engorged abdomen,RNA,37.55697_-122.07938,Mosquito,Culex_erythrothorax_8/3/2017_Coyotes Hills_,
CMS_049_RNA_A_S6,,2018-04-19 14:22:25 -0700,9758.0,COMPLETE,2,13208840,105046,0.795,1360,1.0,80.209,1.76,Insect engorged abdomen,RNA,37.55697_-122.07938,Mosquito,Culex_erythrothorax_8/3/2017_Coyotes Hills_,
CMS_050_RNA_A_S23,,2018-03-26 10:09:24 -0700,6156.0,COMPLETE,2,24841430,115834,0.466,1008,1.0,73.297,1.16,Insect engorged abdomen,RNA,37.506080_-121.998570,Mosquito,Culex erythrothorax_10/17/17_Stevenson Pond (Newark)_Providencia_HubeiVirgaLike2,
CMS_051_RNA_A_S8,,2018-03-26 10:09:24 -0700,8646.0,COMPLETE,2,30339330,293120,0.966,1574,1.0,80.828,1.59,Insect engorged abdomen,RNA,37.506080_-121.998570,Mosquito,Culex tarsalis_10/17/17_Stevenson Pond (Newark)_HubeiMosquitoVirus2-EnvironmentalBunyaviridae-Narnaviridae-WenzhouSobemoLike4,
CMS_052_RNA_A_S7,,2018-04-19 14:22:25 -0700,10026.0,COMPLETE,2,15587242,62714,0.402,1066,1.0,75.317,2.13,Insect engorged abdomen,RNA,37.55697_-122.07938,Mosquito,Culex_erythrothorax_9/21/2017_Coyotes Hills_,
CMS_053_RNA_A_S8,,2018-04-19 14:22:25 -0700,36799.0,COMPLETE,2,18426770,62304,0.338,946,1.0,61.639,2.02,Insect engorged abdomen,RNA,37.55697_-122.07938,Mosquito,Culex_erythrothorax_10/7/2017_Coyotes Hills_,
CMS_054_RNA_A_S11,,2018-04-15 09:23:03 -0700,10647.0,COMPLETE,2,34981460,49464,0.141,3636,1.0,68.228,1.99,Insect engorged abdomen,RNA,37.630830_-122.142670,Mosquito,Culex pipiens_02/10/16_Dutra Duck Ponds_,
CMS_055_RNA_A_S9,,2018-04-19 14:22:25 -0700,13604.0,COMPLETE,2,15309036,37546,0.245,2454,1.0,70.718,1.92,Insect engorged abdomen,RNA,37.55697_-122.07938,Mosquito,Culex_erythrothorax_9/21/2017_Coyotes Hills_,
CMS_056_RNA_A_S10,,2018-04-19 14:22:25 -0700,17590.0,COMPLETE,2,16171702,46212,0.286,2180,1.0,67.727,1.76,Insect engorged abdomen,RNA,37.55697_-122.07938,Mosquito,Culex_erythrothorax_9/21/2017_Coyotes Hills_,
CMS_057_RNA_A_S11,,2018-04-19 14:22:25 -0700,10382.0,COMPLETE,2,16068996,209796,1.306,3442,1.0,68.204,1.41,Insect engorged abdomen,RNA,37.55697_-122.07938,Mosquito,Culex_erythrothorax_9/21/2017_Coyotes Hills_,
CMS_058_RNA_A_S9,,2018-03-26 10:09:24 -0700,7151.0,COMPLETE,2,23464710,173816,0.741,2310,1.0,78.577,1.59,Insect engorged abdomen,RNA,NA_NA,Mosquito,NA_NA_NA_mammalianBloodmeal-spirochete-HubeiVirgaLike2-Narnaviridae-WenzhouTombuLike11-HubeiMosquitoVirus4,
CMS_059_RNA_A_S10,,2018-03-26 10:09:24 -0700,7779.0,COMPLETE,2,28157612,150416,0.534,4634,1.0,81.601,1.83,Insect engorged abdomen,RNA,37.668300_-122.159150,Mosquito,Culex pipiens_10/24/17_Ora Loma Sanitary District_Wolbachia-divergentHaemophilus_Trypanosomes,
CMS_060_RNA_A_S12,,2018-04-15 09:23:03 -0700,15646.0,COMPLETE,2,41239958,583462,1.415,2998,1.0,84.726,2.58,Insect engorged abdomen,RNA,37.556970_-122.07938,Mosquito,Culex inornata_10/23/17_Coyote Hills_Was this Aedes?,
CMS_070_RNA_A_S3,,2018-02-06 17:57:49 -0800,19801.0,COMPLETE,2,63094794,511918,0.811,0,1.0,82.817,1.43,Insect abdomen,RNA,37.556970_-122.079380,Mosquito,Culex tarsalis_09/19/17_Coyotes Hills,
CMS_088a_MagMax_RNA_A_S5,,2018-05-29 15:18:01 -0700,2925.0,COMPLETE,2,26335784,151126,0.574,37246,1.0,25.392,1.09,,,,Mosquito,,WNV RVP Spike-in
CMS_088b_Dynabeads_RNA_A_S6,,2018-05-29 15:18:01 -0700,5364.0,COMPLETE,2,57530186,477144,0.829,14038,1.0,20.678,1.11,,,,Mosquito,,WNV RVP Spike-in
CMS_089a_MagBeads_RNA_A_S7,,2018-05-29 15:18:01 -0700,1120.0,COMPLETE,2,41716132,249096,0.597,5150,1.0,32.988,1.27,,,,Mosquito,,WNV RVP Spike-in
CMS_089b_ZymoZRDuet_RNA_A_S8,,2018-05-29 15:18:01 -0700,5451.0,COMPLETE,2,67299454,452180,0.672,2706,1.0,31.563,1.16,,,,Mosquito,,WNV RVP Spike-in
CMS_100_RNA_A_S3,,2018-05-29 15:18:01 -0700,1826.0,COMPLETE,2,11035288,15990,0.145,906,1.0,21.476,1.19,,,,Mosquito,,
CMS_70_RNA_A_S4,,2018-05-29 15:18:01 -0700,1779.0,COMPLETE,2,8547182,15722,0.184,874,1.0,30.202,1.2,,,,Mosquito,,
CMS_D_RNA_A_S1,,2018-05-29 15:18:01 -0700,588.0,COMPLETE,2,19285368,152842,0.793,3810,1.0,33.01,1.56,,,,Mosquito,,
CMS_RL_RNA_A_S2,,2018-05-29 15:18:01 -0700,1719.0,COMPLETE,2,7752368,22772,0.294,514,1.0,26.018,1.15,,,,Mosquito,,
CMS_water1_S11,,2018-03-26 10:09:24 -0700,6662.0,COMPLETE,2,9186,10,0.109,214,1.0,1.728,1.23,,,,Mosquito,,
CMS_water2_S24,,2018-03-26 10:09:24 -0700,6179.0,COMPLETE,2,464240,4134,0.89,431350,1.0,35.102,1.05,,,,Mosquito,,
CMS_water3_Qiagen_S26,,2018-04-15 09:23:03 -0700,10019.0,COMPLETE,2,8462350,111706,1.32,204484,1.0,81.587,1.53,,,,Mosquito,,
CMS_water4_Zymo_S27,,2018-04-15 09:23:03 -0700,14239.0,COMPLETE,2,1069066,18072,1.69,873754,1.0,47.793,1.37,,,,Mosquito,,
CMS_water5_RNA_A_S12,,2018-04-19 14:22:25 -0700,14381.0,COMPLETE,2,31114,534,1.716,13204,1.0,15.251,1.09,,,,Mosquito,,
CMS-076_RNA_A_S12,,2018-02-06 17:57:49 -0800,14366.0,COMPLETE,2,60230548,956812,1.589,0,1.0,78.112,2.05,,,,Mosquito,,
CMS-078_RNA_A_S5,,2018-02-06 17:57:49 -0800,6261.0,COMPLETE,2,41550322,515760,1.241,0,1.0,77.625,1.49,,,,Mosquito,,
CMS-079_RNA_A_S6,,2018-02-06 17:57:49 -0800,11465.0,COMPLETE,2,53378586,649290,1.216,0,1.0,82.476,1.49,,,,Mosquito,,
CMS-080_RNA_A_S7,,2018-02-06 17:57:49 -0800,10926.0,COMPLETE,2,53978484,812388,1.505,0,1.0,84.003,1.28,,,,Mosquito,,
CMS-081_RNA_A_S8,,2018-02-06 17:57:49 -0800,13178.0,COMPLETE,2,68383652,743076,1.087,0,1.0,80.059,1.28,,,,Mosquito,,
CMS-082_RNA_A_S9,,2018-02-06 17:57:49 -0800,7514.0,COMPLETE,2,55151546,552446,1.002,0,1.0,82.407,1.14,,,,Mosquito,,
CMS-083_RNA_A_S10,,2018-02-06 17:57:49 -0800,13590.0,COMPLETE,2,56742820,907258,1.599,0,1.0,85.134,1.2,,RNA,Alameda,Mosquito,"Wuhan Mosquito Virus, Calbertado virus",
CMS-086_RNA_A_S11,Kalani Ratnasiri,2018-02-06 17:54:23 -0800,16084.0,COMPLETE,2,50066188,1180950,2.359,0,1.0,80.062,1.24,,,,Mosquito,,
Exp12b_5-13_S1_L001,Kalani Ratnasiri,2018-08-21 14:26:31 -0700,3691.0,COMPLETE,2,2408750,34674,1.44,1564552,1.0,43.197,2.04,,,,Mosquito,Water,
Exp12b_5-4_S2_L001,Kalani Ratnasiri,2018-08-21 14:26:31 -0700,3198.0,COMPLETE,2,708606,12344,1.742,346072,1.0,34.994,1.49,,,,Mosquito,Water,
Exp12b_5-6_S3_L001,Kalani Ratnasiri,2018-08-21 14:26:31 -0700,3014.0,COMPLETE,2,11151958,75606,0.678,6714,1.0,75.681,1.48,,,,Mosquito,,
Exp12b_5-7_S4_L001,Kalani Ratnasiri,2018-08-21 14:26:31 -0700,2695.0,COMPLETE,2,766070,10922,1.426,494372,1.0,26.996,1.75,,,,Mosquito,Water,
FREZtarsABDO05_DNA_S9,,2017-10-02 16:10:11 -0700,25363.0,COMPLETE,2,57683728,18907812,32.778,0,0.105776,70.134,1.04,,,,Mosquito,,
FREZtarsABDO05_RNA_S2,,2017-10-02 16:10:33 -0700,6073.0,COMPLETE,2,52928538,398342,0.753,0,1.0,48.26,1.4,,,,Mosquito,,
FREZtarsABDO20_RNA_S3,,2017-10-02 16:12:10 -0700,8097.0,COMPLETE,2,58384418,398696,0.683,0,1.0,48.096,1.34,,,,Mosquito,,
FREZtarsHEAD05_DNA_S8,,2017-10-02 16:12:18 -0700,65708.0,COMPLETE,2,101079952,29507684,29.192,0,0.067779,68.485,1.05,Insect head,,,Mosquito,,
FREZtarsHEAD05_RNA_S1,,2017-10-02 16:12:27 -0700,8493.0,COMPLETE,2,60760662,489282,0.805,0,1.0,43.956,1.34,Insect head,,,Mosquito,,
FREZtarsHEAD20_DNA_S10,,2017-10-02 16:12:37 -0700,70326.0,COMPLETE,2,59150136,18876628,31.913,0,0.105951,70.316,1.03,Insect head,,,Mosquito,,
FREZtarsHEAD20_RNA_S6,,2017-10-02 16:12:44 -0700,11689.0,COMPLETE,2,81876908,1211386,1.48,0,1.0,46.875,1.58,Insect head,,,Mosquito,Mosquito Head,
MOS01_01_W_R_S1,Calla Martyn,2018-07-18 17:17:40 -0700,2456.0,COMPLETE,2,2148868,10562,0.492,19080,1.0,44.098,1.59,,,,Mosquito,,
MOS01_01_W_R_S11_L001,Calla Martyn,2018-08-15 09:18:45 -0700,3883.0,COMPLETE,2,20683000,32380,0.157,190908,1.0,37.7,4.45,,,,Mosquito,,
MOS01_02_W_R_S12_L001,Calla Martyn,2018-08-15 09:18:45 -0700,7876.0,COMPLETE,2,110770656,354050,0.32,107840,1.0,77.527,2.0,,,,Mosquito,,
MOS01_03_W_R_S13_L001,Calla Martyn,2018-08-15 09:18:45 -0700,7550.0,COMPLETE,2,86921784,348064,0.4,160862,1.0,81.112,2.24,,,,Mosquito,,
MOS01_04_W_R_S14_L001,Calla Martyn,2018-08-15 09:18:45 -0700,4678.0,COMPLETE,2,94560312,86038,0.091,112336,1.0,79.839,2.22,,,,Mosquito,,
MOS01_05_W_R_S15_L001,Calla Martyn,2018-08-15 09:18:45 -0700,6912.0,COMPLETE,2,68487202,398416,0.582,344422,1.0,85.429,1.91,,,,Mosquito,,
MOS01_06_H_R_S16_L001,Calla Martyn,2018-08-15 09:18:45 -0700,4193.0,COMPLETE,2,70522768,52080,0.074,303476,1.0,38.051,3.45,,,,Mosquito,,
MOS01_06_H_R_S2,Calla Martyn,2018-07-18 17:17:40 -0700,2527.0,COMPLETE,2,6608450,16800,0.254,27010,1.0,62.872,1.52,,,,Mosquito,,
MOS01_07_H_R_S17_L001,Calla Martyn,2018-08-15 09:18:45 -0700,2882.0,COMPLETE,2,78816038,932,0.001,138468,1.0,46.686,4.63,,,,Mosquito,,
MOS01_08_H_R_S18_L001,Calla Martyn,2018-08-15 09:18:45 -0700,3524.0,COMPLETE,2,107991816,158450,0.147,48206,1.0,69.924,1.8,,,,Mosquito,,
MOS01_09_H_R_S19_L001,Calla Martyn,2018-08-15 09:18:45 -0700,4314.0,COMPLETE,2,81457278,306978,0.377,41332,1.0,81.394,2.1,,,,Mosquito,,
MOS01_10_H_R_S20_L001,Calla Martyn,2018-08-15 09:18:45 -0700,7321.0,COMPLETE,2,99708036,597702,0.599,93574,1.0,71.112,2.84,,,,Mosquito,,
MOS01_11_A_R_S21_L001,Calla Martyn,2018-08-15 09:18:45 -0700,3990.0,COMPLETE,2,90215302,12860,0.014,183732,1.0,32.219,3.36,,,,Mosquito,,
MOS01_12_A_R_S22_L001,Calla Martyn,2018-08-15 09:18:45 -0700,4187.0,COMPLETE,2,94894894,8192,0.009,112218,1.0,60.867,3.08,,,,Mosquito,,
MOS01_13_A_R_S23_L001,Calla Martyn,2018-08-15 09:18:45 -0700,5080.0,COMPLETE,2,117653824,115992,0.099,346832,1.0,46.31,1.76,,,,Mosquito,,
MOS01_14_A_R_S24_L001,Calla Martyn,2018-08-15 09:18:45 -0700,5543.0,COMPLETE,2,35893992,203408,0.567,547300,1.0,69.992,3.25,,,,Mosquito,,
MOS01_14_A_R_S3,Calla Martyn,2018-07-18 17:17:40 -0700,3220.0,COMPLETE,2,3439462,59734,1.737,52422,1.0,82.688,1.2,,,,Mosquito,,
MOS01_15_A_R_S25_L001,Calla Martyn,2018-08-15 09:18:45 -0700,5659.0,COMPLETE,2,85465600,104314,0.122,168462,1.0,58.151,2.15,,,,Mosquito,,
MOS01_16_W_R_S26_L001,Calla Martyn,2018-08-15 09:18:45 -0700,6166.0,COMPLETE,2,107059752,248334,0.232,185418,1.0,57.386,1.86,,,,Mosquito,,
MOS01_17_W_R_S27_L001,Calla Martyn,2018-08-15 09:18:45 -0700,4650.0,COMPLETE,2,96023468,66148,0.069,155932,1.0,68.382,2.62,,,,Mosquito,,
MOS01_18_W_R_S28_L001,Calla Martyn,2018-08-15 09:18:45 -0700,4163.0,COMPLETE,2,83077050,191872,0.231,38320,1.0,75.148,1.96,,,,Mosquito,,
MOS01_19_W_R_S29_L001,Calla Martyn,2018-08-15 09:18:45 -0700,3393.0,COMPLETE,2,21915248,47180,0.215,130370,1.0,31.352,2.48,,,,Mosquito,,
MOS01_19_W_R_S4,Calla Martyn,2018-07-18 17:17:40 -0700,1955.0,COMPLETE,2,1732484,8876,0.512,9762,1.0,46.891,1.11,,,,Mosquito,,
MOS01_20_W_R_S30_L001,Calla Martyn,2018-08-15 09:18:45 -0700,4297.0,COMPLETE,2,103826670,28050,0.027,213606,1.0,50.803,2.48,,,,Mosquito,,
MOS01_21_H_R_S31_L001,Calla Martyn,2018-08-15 09:18:45 -0700,3148.0,COMPLETE,2,80818594,4796,0.006,58124,1.0,35.582,1.94,,,,Mosquito,,
MOS01_22_A_R_S32_L001,Calla Martyn,2018-08-15 09:18:45 -0700,3094.0,COMPLETE,2,83177208,9248,0.011,113688,1.0,38.589,2.34,,,,Mosquito,,
MOS01_23_H_R_S33_L001,Calla Martyn,2018-08-15 09:18:45 -0700,4299.0,COMPLETE,2,102063238,23094,0.023,361188,1.0,67.814,3.34,,,,Mosquito,,
MOS01_24_H_R_S34_L001,Calla Martyn,2018-08-15 09:18:45 -0700,3643.0,COMPLETE,2,26203856,46666,0.178,182604,1.0,31.48,2.51,,,,Mosquito,,
MOS01_24_H_R_S5,Calla Martyn,2018-07-18 17:17:40 -0700,2851.0,COMPLETE,2,2367392,10290,0.435,15176,1.0,46.094,1.21,,,,Mosquito,,
MOS01_25_H_R_S35_L001,Calla Martyn,2018-08-15 09:18:45 -0700,4524.0,COMPLETE,2,96760462,42614,0.044,127970,1.0,74.404,3.1,,,,Mosquito,,
MOS01_26_H_R_S36_L001,Calla Martyn,2018-08-15 09:18:45 -0700,3414.0,COMPLETE,2,69676486,4236,0.006,58284,1.0,53.991,2.94,,,,Mosquito,,
MOS01_27_H_R_S37_L001,Calla Martyn,2018-08-15 09:18:45 -0700,4716.0,COMPLETE,2,130389860,10558,0.008,181312,1.0,56.137,2.92,,,,Mosquito,,
MOS01_28_A_R_S38_L001,Calla Martyn,2018-08-15 09:18:45 -0700,4718.0,COMPLETE,2,88060618,39350,0.045,82440,1.0,53.926,2.48,,,,Mosquito,,
MOS01_29_A_R_S39_L001,Calla Martyn,2018-08-15 09:18:45 -0700,8411.0,COMPLETE,2,26807852,1233404,4.601,152782,1.0,82.717,2.1,,,,Mosquito,,
MOS01_29_A_R_S6,Calla Martyn,2018-07-18 17:17:40 -0700,3579.0,COMPLETE,2,2263348,209986,9.278,12850,1.0,88.998,1.06,,,,Mosquito,,
MOS01_31_W_R_S40_L001,Calla Martyn,2018-08-15 09:18:45 -0700,6188.0,COMPLETE,2,34044718,251580,0.739,360202,1.0,50.911,3.94,,,,Mosquito,,
MOS01_31_W_R_S7,Calla Martyn,2018-07-18 17:17:40 -0700,2824.0,COMPLETE,2,2467528,72848,2.952,28296,1.0,73.737,1.17,,,,Mosquito,,
MOS01_32_W_R_S41_L001,Calla Martyn,2018-08-15 09:18:46 -0700,10388.0,COMPLETE,2,103179322,589998,0.572,340566,1.0,84.44,2.37,,,,Mosquito,,
MOS01_33_W_R_S42_L001,Calla Martyn,2018-08-15 09:18:46 -0700,8025.0,COMPLETE,2,94003158,422048,0.449,222506,1.0,89.311,2.34,,,,Mosquito,,
MOS01_34_W_R_S43_L001,Calla Martyn,2018-08-15 09:18:46 -0700,10451.0,COMPLETE,2,126340524,629316,0.498,237454,1.0,81.869,2.1,,,,Mosquito,,
MOS01_35_W_R_S44_L001,Calla Martyn,2018-08-15 09:18:46 -0700,7628.0,COMPLETE,2,84732476,395392,0.467,345492,1.0,79.595,2.12,,,,Mosquito,,
MOS01_36_H_R_S45_L001,Calla Martyn,2018-08-15 09:18:46 -0700,6168.0,COMPLETE,2,44797252,227692,0.508,1900250,1.0,61.42,6.05,,,,Mosquito,,
MOS01_36_H_R_S8,Calla Martyn,2018-07-18 17:17:40 -0700,3660.0,COMPLETE,2,3555440,79370,2.232,143014,1.0,68.523,1.59,,,,Mosquito,,
MOS01_37_H_R_S46_L001,Calla Martyn,2018-08-15 09:18:46 -0700,7438.0,COMPLETE,2,117382312,158226,0.135,933128,1.0,77.391,2.27,,,,Mosquito,,
MOS01_38_H_R_S47_L001,Calla Martyn,2018-08-15 09:18:46 -0700,8597.0,COMPLETE,2,150000000,209606,0.14,1536892,1.0,74.91,2.48,,,,Mosquito,,
MOS01_39_H_R_S48_L001,Calla Martyn,2018-08-15 09:18:46 -0700,4119.0,COMPLETE,2,68384428,64252,0.094,127722,1.0,64.464,1.7,,,,Mosquito,,
MOS01_41_A_R_S49_L001,Calla Martyn,2018-08-15 09:18:46 -0700,4655.0,COMPLETE,2,19418692,125800,0.648,1821734,1.0,62.893,4.91,,,,Mosquito,,
MOS01_41_A_R_S9,Calla Martyn,2018-07-18 17:17:40 -0700,3413.0,COMPLETE,2,1800354,41824,2.323,157846,1.0,66.269,1.48,,,,Mosquito,,
MOS01_42_A_R_S50_L001,Calla Martyn,2018-08-15 09:18:46 -0700,2332.0,COMPLETE,2,11596,22,0.19,34,1.0,49.24,1.28,,,,Mosquito,,
MOS01_43_A_R_S51_L001,Calla Martyn,2018-08-15 09:18:46 -0700,6580.0,COMPLETE,2,94664382,184772,0.195,287748,1.0,75.293,2.64,,,,Mosquito,,
MOS01_44_A_R_S52_L001,Calla Martyn,2018-08-15 09:18:46 -0700,5036.0,COMPLETE,2,79049586,181438,0.23,469166,1.0,72.823,3.43,,,,Mosquito,,
MOS01_45_A_R_S53_L001,Calla Martyn,2018-08-15 09:18:46 -0700,4879.0,COMPLETE,2,74403568,94332,0.127,282318,1.0,56.102,2.34,,,,Mosquito,,
MOS01_46_W_R_S10,Calla Martyn,2018-07-18 17:17:40 -0700,3055.0,COMPLETE,2,1445982,30948,2.14,14712,1.0,70.717,1.07,,,,Mosquito,,
MOS01_46_W_R_S54_L001,Calla Martyn,2018-08-15 09:18:46 -0700,4712.0,COMPLETE,2,24204084,164000,0.678,212768,1.0,53.82,3.44,,,,Mosquito,,
MOS01_47_W_R_S55_L001,Calla Martyn,2018-08-15 09:18:46 -0700,6572.0,COMPLETE,2,107708168,238148,0.221,108334,1.0,65.971,2.4,,,,Mosquito,,
MOS01_48_W_R_S56_L001,Calla Martyn,2018-08-15 09:18:46 -0700,8322.0,COMPLETE,2,101231556,461762,0.456,1143652,1.0,86.271,2.87,,,,Mosquito,,
MOS01_49_W_R_S57_L001,Calla Martyn,2018-08-15 09:18:46 -0700,6900.0,COMPLETE,2,100041402,90618,0.091,186924,1.0,70.506,2.59,,,,Mosquito,,
MOS01_50_W_R_S58_L001,Calla Martyn,2018-08-15 09:18:46 -0700,8720.0,COMPLETE,2,89691062,212314,0.237,345756,1.0,74.58,2.75,,,,Mosquito,,
MOS01_52_H_R_S59_L001,Calla Martyn,2018-08-15 09:18:46 -0700,6544.0,COMPLETE,2,87235490,127312,0.146,605162,1.0,66.179,2.78,,,,Mosquito,,
MOS01_53_H_R_S60_L001,Calla Martyn,2018-08-15 09:18:46 -0700,6586.0,COMPLETE,2,85265416,128464,0.151,286580,1.0,68.317,1.88,,,,Mosquito,,
MOS01_54_H_R_S61_L001,Calla Martyn,2018-08-15 09:18:46 -0700,6149.0,COMPLETE,2,109086284,109370,0.1,431956,1.0,80.234,2.31,,,,Mosquito,,
MOS01_55_H_R_S62_L001,Calla Martyn,2018-08-15 09:18:46 -0700,7293.0,COMPLETE,2,92982600,177148,0.191,268486,1.0,76.17,2.18,,,,Mosquito,,
MOS01_56_A_R_S11,Calla Martyn,2018-07-18 17:17:40 -0700,2401.0,COMPLETE,2,1555766,33346,2.143,8918,1.0,70.576,1.08,,,,Mosquito,,
MOS01_56_A_R_S63_L001,Calla Martyn,2018-08-15 09:18:46 -0700,4779.0,COMPLETE,2,16338544,180274,1.103,102268,1.0,49.702,2.08,,,,Mosquito,,
MOS01_57_A_R_S64_L001,Calla Martyn,2018-08-15 09:18:46 -0700,7239.0,COMPLETE,2,107299518,168486,0.157,269390,1.0,67.402,2.19,,,,Mosquito,,
MOS01_58_A_R_S65_L001,Calla Martyn,2018-08-15 09:18:46 -0700,9485.0,COMPLETE,2,110879496,690152,0.622,479038,1.0,88.854,3.35,,,,Mosquito,,
MOS01_59_A_R_S66_L001,Calla Martyn,2018-08-15 09:18:46 -0700,5016.0,COMPLETE,2,72380706,46844,0.065,456450,1.0,68.6,1.93,,,,Mosquito,,
MOS01_60_A_R_S67_L001,Calla Martyn,2018-08-15 09:18:46 -0700,6924.0,COMPLETE,2,106833474,203504,0.19,2721596,1.0,64.033,3.61,,,,Mosquito,,
MOS01_W1_R_S12,Calla Martyn,2018-07-18 17:17:40 -0700,3948.0,COMPLETE,2,556432,102416,18.406,264386,1.0,85.078,1.81,,,,Mosquito,,
MOS01_Water_1_S68_L001,Calla Martyn,2018-08-15 09:18:46 -0700,5371.0,COMPLETE,2,3834310,191564,4.996,1877070,1.0,88.331,6.56,,,,Mosquito,,
MOS01_Water_2_S69_L001,Calla Martyn,2018-08-15 09:18:46 -0700,3518.0,COMPLETE,2,679816,3586,0.527,169474,1.0,11.415,1.66,,,,Mosquito,,
MOS01_Water_3_S70_L001,Calla Martyn,2018-08-15 09:18:46 -0700,3405.0,COMPLETE,2,2028350,29278,1.443,1578020,1.0,50.568,1.99,,,,Mosquito,,
MOS01_Water_4_S71_L001,Calla Martyn,2018-08-15 09:18:46 -0700,3746.0,COMPLETE,2,1651896,32570,1.972,1229242,1.0,51.562,1.9,,,,Mosquito,,
MOS01_Water_5_S72_L001,Calla Martyn,2018-08-15 09:18:46 -0700,3403.0,COMPLETE,2,1454374,30564,2.102,1058594,1.0,46.487,1.92,,,,Mosquito,,
MOS01_Water_6_S73_L001,Calla Martyn,2018-08-15 09:18:46 -0700,4067.0,COMPLETE,2,1542618,24576,1.593,1048078,1.0,44.672,2.06,,,,Mosquito,,
MOS01-51a-R1,Amy Kistler,2018-10-05 18:16:55 -0700,4236.0,COMPLETE,2,30507224,107892,0.354,163606,1.0,71.252,1.79,,,,Mosquito,,
MOST01_NT1_S8_L001,Calla Martyn,2018-08-15 14:35:02 -0700,2808.0,COMPLETE,2,2615226,54228,2.074,860132,1.0,24.195,2.39,,,,Mosquito,,
MOST01_NT2_S9_L001,Calla Martyn,2018-08-15 14:35:48 -0700,1909.0,COMPLETE,2,1352506,9200,0.68,436394,1.0,12.906,2.07,,,,Mosquito,,
MOST01_NT3_S10_L001,Calla Martyn,2018-08-15 14:36:12 -0700,2658.0,COMPLETE,2,1424982,19568,1.373,1059864,1.0,48.29,2.03,,,,Mosquito,,
TEAtarsABDO05_DNA_S12,,2017-10-02 16:12:52 -0700,73130.0,COMPLETE,2,55003416,15112574,27.476,0,0.13234,66.712,1.04,,,,Mosquito,,
TEAtarsABDO05_RNA_S4,,2017-10-02 16:13:00 -0700,1601.0,COMPLETE,2,33181308,330538,0.996,0,1.0,52.682,1.31,,,,Mosquito,,
TEAtarsABDO20_RNA_S5,,2017-10-02 16:13:08 -0700,2534.0,COMPLETE,2,61340566,541044,0.882,0,1.0,42.941,1.29,,,,Mosquito,,
TEAtarsHEAD05_DNA_S11,,2017-10-02 16:13:17 -0700,19514.0,COMPLETE,2,51114196,14173302,27.729,0,0.14111,65.325,1.03,Insect head,,,Mosquito,,
TEAtarsHEAD05_RNA_S7,,2017-10-02 16:13:25 -0700,9410.0,COMPLETE,2,82770328,906146,1.095,0,1.0,45.441,1.81,Insect head,,,Mosquito,,
TEAtarsHEAD20_DNA_S13,,2017-10-02 16:13:34 -0700,17258.0,FAILED,2,52397738,,"",0,,69.567,1.02,Insect head,,,Mosquito,,
