sample_name,Parent Sample ID,"Parent vol used, uL","Parent concentration, ng/uL","input, ng",Lib ID,Library Prep Method,cDNA concentration ng/uL (qubit),Index_ID,Index,Index2_ID,Index2,index pcr cycles,Insert Size (Bioanalyzer),Amplification PCR (y/n)?,No. amp pcr cycles,Indexed library Concentration (ng/uL),Indexed library concentration (nM),Instrument used for concentration (qubit/qpcr/bioanalyzer),Library Volume,Final Library Location,Date of pooling,Pool ID,Sample Pre-pool Concentration (nM),Whole Pool Concentration (ng/uL) (Qubit),Sequencing Submission Date,Which sequencer was used?,Kit used,what kind of run?,Date loaded in the sequencer,data location,notes
CMS001_006_RNA_a,CMS-006_RNA_a,5,32.5,162.5,,NEBNext Ultra II RNAseq lib prep,didn't measure,,,,,,,,,,,,,,2/2/18,,,,,NextSeq,,High Output (400 million clusters),8/10/18,czbiohub-seqbot/fastqs/180810_A00111_0186_AH7G3JDSXX/rawdata/Kalani_Ratnasiri/,
CMS001_017_RNA_a,CMS-017_RNA_a,3.4,73.9,250,,NEBNext Ultra II RNAseq lib prep,didn't measure,,,,,,,,,,,,,,2/2/18,,,,,NextSeq,,High Output (400 million clusters),8/10/18,czbiohub-seqbot/fastqs/180810_A00111_0186_AH7G3JDSXX/rawdata/Kalani_Ratnasiri/,
CMS001_032_RNA_a,CMS-032_RNA_a,2,124.3,250,,NEBNext Ultra II RNAseq lib prep,didn't measure,,,,,,,,,,,,,,2/2/18,,,,,NextSeq,,High Output (400 million clusters),8/10/18,czbiohub-seqbot/fastqs/180810_A00111_0186_AH7G3JDSXX/rawdata/Kalani_Ratnasiri/,
CMS001_070_RNA_a,CMS-070_RNA_a,2.3,107.1,250,,NEBNext Ultra II RNAseq lib prep,didn't measure,,,,,,,,,,,,,,2/2/18,,,,,NextSeq,,High Output (400 million clusters),2/5/18,,
CMS001_078_Dyna_TNA_aR,CMS-078_Dyna_TNA_aR,4.4,56.7,250,,NEBNext Ultra II RNAseq lib prep,didn't measure,,,,,8,,,,,,,,,2/2/18,,,,,NextSeq,,High Output (400 million clusters),2/5/18,,
CMS001_079_Dyna_TNA_aR,CMS-079_Dyna_TNA_aR,3.6,70.1,250,,NEBNext Ultra II RNAseq lib prep,didn't measure,,,,,8,,,,,,,,,2/2/18,,,,,NextSeq,,High Output (400 million clusters),2/5/18,,
CMS001_080_Dyna_TNA_aR,CMS-080_Dyna_TNA_aR,3.5,72.3,250,,NEBNext Ultra II RNAseq lib prep,didn't measure,,,,,8,,,,,,,,,2/2/18,,,,,NextSeq,,High Output (400 million clusters),2/5/18,,
CMS001_081_Dyna_TNA_aR,CMS-081_Dyna_TNA_aR,2.1,121.5,250,,NEBNext Ultra II RNAseq lib prep,didn't measure,,,,,8,,,,,,,,,2/2/18,,,,,NextSeq,,High Output (400 million clusters),2/5/18,,
CMS001_082_Zymo_RNA_a,CMS-082_Zymo_RNA_a,0.6,390.9,250,,NEBNext Ultra II RNAseq lib prep,didn't measure,,,,,8,,,,,,,,,2/2/18,,,,,NextSeq,,High Output (400 million clusters),2/5/18,,
CMS001_082_Zymo_RNA_b,CMS-082_Zymo_RNA_b,0.6,390.9,250,,NEBNext Ultra II RNAseq lib prep,didn't measure,,,,,8,,,,,,,,,2/2/18,,,,,NextSeq,,High Output (400 million clusters),2/5/18,,
CMS001_083_Zymo_RNA_a,CMS-083_Zymo_RNA_a,0.5,470.6,250,,NEBNext Ultra II RNAseq lib prep,didn't measure,,,,,8,,,,,,,,,2/2/18,,,,,NextSeq,,High Output (400 million clusters),2/5/18,,
CMS001_083_Zymo_RNA_b,CMS-083_Zymo_RNA_b,0.5,470.6,250,,NEBNext Ultra II RNAseq lib prep,didn't measure,,,,,8,,,,,,,,,2/2/18,,,,,NextSeq,,High Output (400 million clusters),2/5/18,,
CMS001_084_MagM_TNA_aR,CMS-084_MagM_TNA_aR,5,4.6,23,,NEBNext Ultra II RNAseq lib prep,didn't measure,,,,,8,,,,,,,,,2/2/18,,,,,NextSeq,,High Output (400 million clusters),2/5/18,,
CMS001_084_MagM_TNA_bR,CMS-084_MagM_TNA_bR,5,4.6,23,,NEBNext Ultra II RNAseq lib prep,didn't measure,,,,,8,,,,,,,,,2/2/18,,,,,NextSeq,,High Output (400 million clusters),2/5/18,,
CMS001_085_MagM_TNA_aR,CMS-085_MagM_TNA_aR,5,0.5,2.5,,NEBNext Ultra II RNAseq lib prep,didn't measure,,,,,8,,,,,,,,,2/2/18,,,,,NextSeq,,High Output (400 million clusters),2/5/18,,
CMS001_085_MagM_TNA_bR,CMS-085_MagM_TNA_bR,5,0.5,2.5,,NEBNext Ultra II RNAseq lib prep,didn't measure,,,,,8,,,,,,,,,2/2/18,,,,,NextSeq,,High Output (400 million clusters),2/5/18,,
CMS001_086_MagM_RNA_aR,CMS-086_MagM_RNA_aR,5,3.5,17.5,,NEBNext Ultra II RNAseq lib prep,didn't measure,,,,,10,,,,,,,,,2/2/18,,,,,NextSeq,,High Output (400 million clusters),2/5/18,,
CMS001_876_MagM_RNA_bR,CMS-876_MagM_RNA_bR,5,3.5,17.5,,NEBNext Ultra II RNAseq lib prep,didn't measure,,,,,10,,,,,,,,,2/2/18,,,,,NextSeq,,High Output (400 million clusters),2/5/18,,
CMS001_076_MagM_TNA_aR,CMS-076_MagM_TNA_aR,5,-1.5,na,,NEBNext Ultra II RNAseq lib prep,didn't measure,,,,,10,,,,,,,,,2/2/18,,,,,NextSeq,,High Output (400 million clusters),2/5/18,,
CMS001_076_MagM_TNA_bR,CMS-076_MagM_TNA_bR,5,-1.5,na,,NEBNext Ultra II RNAseq lib prep,didn't measure,,,,,10,,,,,,,,,2/2/18,,,,,NextSeq,,High Output (400 million clusters),2/5/18,,
CMS001_007_RNA_a,CMS-007_RNA_a,4,62,248,,NEBNext Ultra II Directional RNAseq lib prep,6.09,P2C04R,ACGCTTCT,P2C04F,AGAAGCGT,12,508,y,5,23.69,75.47,qPCR,20,,3/20/18,CMSpool2,10,2.78,3/22/18,NextSeq,,High Output (400 million clusters),3/23/18,s3://czbiohub-seqbot/fastqs/180323_NB501961_0089_AHLN5JBGX5/rawdata/,
CMS001_009_RNA_a,CMS-009_RNA_a,2.7,93,250,,NEBNext Ultra II Directional RNAseq lib prep,7.75,P2C05R,GCTACTCT,P2C05F,AGAGTAGC,12,510,y,7,1.58,5.01,qPCR,20,,3/20/18,CMSpool2,5.01,2.78,3/22/18,NextSeq,,High Output (400 million clusters),3/23/18,s3://czbiohub-seqbot/fastqs/180323_NB501961_0089_AHLN5JBGX5/rawdata/,
CMS001_018_RNA_a,CMS-018_RNA_a,4,46.4,185.6,,NEBNext Ultra II Directional RNAseq lib prep,3.96,P2C06R,CTTCGCAA,P2C06F,TTGCGAAG,12,531,n,na,15.24,46.44,qPCR,20,,3/20/18,CMSpool2,10,2.78,3/22/18,NextSeq,,High Output (400 million clusters),3/23/18,s3://czbiohub-seqbot/fastqs/180323_NB501961_0089_AHLN5JBGX5/rawdata/,*CMSpool2 at 12nM by Rene
CMS001_024_RNA_a,CMS-024_RNA_a,4,38.1,152.4,,NEBNext Ultra II Directional RNAseq lib prep,4.37,P2C07R,ATCATGCG,P2C07F,CGCATGAT,12,499,y,5,8.34,27.04,qPCR,20,,3/20/18,CMSpool2,10,2.78,3/22/18,NextSeq,,High Output (400 million clusters),3/23/18,s3://czbiohub-seqbot/fastqs/180323_NB501961_0089_AHLN5JBGX5/rawdata/,
CMS001_027_RNA_a,CMS-027_RNA_a,4,49.1,196.4,,NEBNext Ultra II Directional RNAseq lib prep,9.43,P2C08R,TCCGATCA,P2C08F,TGATCGGA,12,569,y,5,7.27,20.67,qPCR,20,,3/20/18,CMSpool2,10,2.78,3/22/18,NextSeq,,High Output (400 million clusters),3/23/18,s3://czbiohub-seqbot/fastqs/180323_NB501961_0089_AHLN5JBGX5/rawdata/,
CMS001_028_RNA_a,CMS-028_RNA_a,2.6,96,250,,NEBNext Ultra II Directional RNAseq lib prep,4.26,P2C09R,GGTACTTC,P2C09F,GAAGTACC,12,535,n,na,11.66,35.26,qPCR,20,,3/20/18,CMSpool2,10,2.78,3/22/18,NextSeq,,High Output (400 million clusters),3/23/18,s3://czbiohub-seqbot/fastqs/180323_NB501961_0089_AHLN5JBGX5/rawdata/,
CMS001_029_RNA_a,CMS-029_RNA_a,3,82,250,,NEBNext Ultra II Directional RNAseq lib prep,5.81,P2C10R,GTCTCATC,P2C10F,GATGAGAC,12,491,y,12,37.55,123.77,qPCR,20,,3/20/18,CMSpool2,10,2.78,3/22/18,NextSeq,,High Output (400 million clusters),3/23/18,s3://czbiohub-seqbot/fastqs/180323_NB501961_0089_AHLN5JBGX5/rawdata/,
CMS001_031_RNA_a,CMS-031_RNA_a,4,28.2,112.8,,NEBNext Ultra II Directional RNAseq lib prep,3.6,P2C11R,GCTGAATC,P2C11F,GATTCAGC,12,617,y,5,57.2,150.05,qPCR,20,,3/20/18,CMSpool2,10,2.78,3/22/18,NextSeq,,High Output (400 million clusters),3/23/18,s3://czbiohub-seqbot/fastqs/180323_NB501961_0089_AHLN5JBGX5/rawdata/,
CMS001_035_RNA_a,CMS-035_RNA_a,4,28.8,115.2,,NEBNext Ultra II Directional RNAseq lib prep,4.3,P2C12R,GCAATGAG,P2C12F,CTCATTGC,12,604,y,5,36.16,96.89,qPCR,20,,3/20/18,CMSpool2,10,2.78,3/22/18,NextSeq,,High Output (400 million clusters),3/23/18,s3://czbiohub-seqbot/fastqs/180323_NB501961_0089_AHLN5JBGX5/rawdata/,
CMS001_040_RNA_a,CMS-040_RNA_a,4,27,108,,NEBNext Ultra II Directional RNAseq lib prep,3.01,P2D01R,GGTTAGCT,P2D01F,AGCTAACC,12,654,y,5,34.06,84.29,qPCR,20,,3/20/18,CMSpool2,10,2.78,3/22/18,NextSeq,,High Output (400 million clusters),3/23/18,s3://czbiohub-seqbot/fastqs/180323_NB501961_0089_AHLN5JBGX5/rawdata/,
CMS001_044_RNA_a,CMS-044_RNA_a,4,62,248,,NEBNext Ultra II Directional RNAseq lib prep,6.91,P2D02R,TCTGTCGT,P2D02F,ACGACAGA,12,487,n,na,17.05,56.66,qPCR,20,,3/20/18,CMSpool2,10,2.78,3/22/18,NextSeq,,High Output (400 million clusters),3/23/18,czbiohub-seqbot/fastqs/180412_NB501961_0097_AHLMLMBGX5/rawdata/,
CMS001_050_RNA_a,CMS-050_RNA_a,4,57,228,,NEBNext Ultra II Directional RNAseq lib prep,5.63,P2D03R,CTGCCATA,P2D03F,TATGGCAG,12,540,n,na,9.69,29.04,qPCR,20,,3/20/18,CMSpool2,10,2.78,3/22/18,NextSeq,,High Output (400 million clusters),3/23/18,s3://czbiohub-seqbot/fastqs/180323_NB501961_0089_AHLN5JBGX5/rawdata/,
CMS001_water2,Exp5_water_RNA_a,4,Too low (Out of Range),na,,NEBNext Ultra II Directional RNAseq lib prep,na,P2D04R,CAAGAAGC,P2D04F,GCTTCTTG,12,604,n,na,0.25,0.09,qPCR,20,,3/20/18,CMSpool2,0.25,2.78,3/22/18,NextSeq,,High Output (400 million clusters),3/23/18,czbiohub-seqbot/fastqs/180412_NB501961_0097_AHLMLMBGX5/rawdata/,
CMS001_002_RNA_a,CMS-002_RNA_a,4,59.8,239.2,,NEBNext Ultra II Directional RNAseq lib prep,didn't measure,P2D05R,ATCGGAGA,P2D05F,TCTCCGAT,12,541,n,na,39.72,118.82,qPCR,20,,4/4/18,CMSpool3,10,,4/5/19,NextSeq,,High Output (400 million clusters),4/12/18,czbiohub-seqbot/fastqs/180412_NB501961_0097_AHLMLMBGX5/rawdata/,
CMS001_004_RNA_a,CMS-004_RNA_a,2.8,88.4,250,,NEBNext Ultra II Directional RNAseq lib prep,didn't measure,P2D06R,AATTCCGG,P2D06F,CCGGAATT,12,541,n,na,45.32,135.57,qPCR,20,,4/4/18,CMSpool3,10,,4/5/19,NextSeq,,High Output (400 million clusters),4/12/18,czbiohub-seqbot/fastqs/180412_NB501961_0097_AHLMLMBGX5/rawdata/,
CMS001_008_RNA_a,CMS-008_RNA_a,1.7,150,250,,NEBNext Ultra II Directional RNAseq lib prep,didn't measure,P2D07R,GGTGATGA,P2D07F,TCATCACC,12,555,n,na,41.98,122.4,qPCR,20,,4/4/18,CMSpool3,10,,4/5/19,NextSeq,,High Output (400 million clusters),4/12/18,czbiohub-seqbot/fastqs/180412_NB501961_0097_AHLMLMBGX5/rawdata/,
CMS001_011_RNA_a,CMS-011_RNA_a,4,55,220,,NEBNext Ultra II Directional RNAseq lib prep,didn't measure,P2D08R,CTATCCAC,P2D08F,GTGGATAG,12,497,n,na,76.1,247.79,qPCR,20,,4/4/18,CMSpool3,10,,4/5/19,NextSeq,,High Output (400 million clusters),4/12/18,czbiohub-seqbot/fastqs/180412_NB501961_0097_AHLMLMBGX5/rawdata/,
CMS001_013_RNA_a,CMS-013_RNA_a,4,37.2,148.8,,NEBNext Ultra II Directional RNAseq lib prep,didn't measure,P2D09R,TACTAGCG,P2D09F,CGCTAGTA,12,535,n,na,29.39,88.9,qPCR,20,,4/4/18,CMSpool3,10,,4/5/19,NextSeq,,High Output (400 million clusters),4/12/18,czbiohub-seqbot/fastqs/180412_NB501961_0097_AHLMLMBGX5/rawdata/,
CMS001_022_RNA_a,CMS-022_RNA_a,4,27.4,109.6,,NEBNext Ultra II Directional RNAseq lib prep,didn't measure,P2D10R,AGAGTCCA,P2D10F,TGGACTCT,12,501,n,na,25.79,83.32,qPCR,20,,4/4/18,CMSpool3,10,,4/5/19,NextSeq,,High Output (400 million clusters),4/12/18,czbiohub-seqbot/fastqs/180412_NB501961_0097_AHLMLMBGX5/rawdata/,
CMS001_025_RNA_a,CMS-025_RNA_a,2.1,120,250,,NEBNext Ultra II Directional RNAseq lib prep,didn't measure,P2D11R,GGACTACT,P2D11F,AGTAGTCC,12,511,n,na,29.63,93.83,qPCR,20,,4/4/18,CMSpool3,10,,4/5/19,NextSeq,,High Output (400 million clusters),4/12/18,czbiohub-seqbot/fastqs/180412_NB501961_0097_AHLMLMBGX5/rawdata/,
CMS001_033_RNA_a,CMS-033_RNA_a,4,32.4,129.6,,NEBNext Ultra II Directional RNAseq lib prep,didn't measure,P2D12R,TATCGCGA,P2D12F,TCGCGATA,12,538,n,na,28.2,84.82,qPCR,20,,4/4/18,CMSpool3,10,,4/5/19,NextSeq,,High Output (400 million clusters),4/12/18,czbiohub-seqbot/fastqs/180412_NB501961_0097_AHLMLMBGX5/rawdata/,
CMS001_039_RNA_a,CMS-039_RNA_a,2.4,104,250,,NEBNext Ultra II Directional RNAseq lib prep,didn't measure,P2E09R,ACACGAGA,P2E09F,TCTCGTGT,12,537,n,na,23.54,106.43,qPCR,20,,4/4/18,CMSpool3,10,,4/5/19,NextSeq,,High Output (400 million clusters),4/12/18,czbiohub-seqbot/fastqs/180412_NB501961_0097_AHLMLMBGX5/rawdata/,
CMS001_041_RNA_a,CMS-041_RNA_a,4,48,192,,NEBNext Ultra II Directional RNAseq lib prep,didn't measure,P2E10R,GACTTGTG,P2E10F,CACAAGTC,12,509,n,na,32.25,100.35,qPCR,20,,4/4/18,CMSpool3,10,,4/5/19,NextSeq,,High Output (400 million clusters),4/12/18,czbiohub-seqbot/fastqs/180412_NB501961_0097_AHLMLMBGX5/rawdata/,
CMS001_054_RNA_a,CMS-054_RNA_a,3.6,69.6,250,,NEBNext Ultra II Directional RNAseq lib prep,didn't measure,P2E11R,TTCGGCTA,P2E11F,TAGCCGAA,12,475,n,na,16.3,71.06,qPCR,20,,4/4/18,CMSpool3,10,,4/5/19,NextSeq,,High Output (400 million clusters),4/12/18,czbiohub-seqbot/fastqs/180412_NB501961_0097_AHLMLMBGX5/rawdata/,
CMS001_060_RNA_a,CMS-060_RNA_a,3.8,66,250,,NEBNext Ultra II Directional RNAseq lib prep,didn't measure,P2E12R,TGCAAGAC,P2E12F,GTCTTGCA,12,507,n,na,36.96,115.38,qPCR,20,,4/4/18,CMSpool3,10,,4/5/19,NextSeq,,High Output (400 million clusters),4/12/18,czbiohub-seqbot/fastqs/180412_NB501961_0097_AHLMLMBGX5/rawdata/,
CMS001_015_RNA_a,CMS-015_RNA_a,4,63.2,250,,NEBNext Ultra II Directional RNAseq lib prep,didn't measure,P2E01R,CTCGGTAA,P2E01F,TTACCGAG,12,524,n,na,34.46,93.81,qPCR,20,,4/4/18,CMSpool3,10,,4/5/19,NextSeq,,High Output (400 million clusters),4/12/18,czbiohub-seqbot/fastqs/180412_NB501961_0097_AHLMLMBGX5/rawdata/,
CMS001_019_RNA_a,CMS-019_RNA_a,4,59.4,237.6,,NEBNext Ultra II Directional RNAseq lib prep,didn't measure,P2E02R,GCATCCTA,P2E02F,TAGGATGC,12,636,n,na,39.44,0,qPCR,20,,4/4/18,CMSpool3,10,,4/5/19,NextSeq,,High Output (400 million clusters),4/12/18,czbiohub-seqbot/fastqs/180412_NB501961_0097_AHLMLMBGX5/rawdata/,
CMS001_020_RNA_a,CMS-020_RNA_a,4,33.6,134.4,,NEBNext Ultra II Directional RNAseq lib prep,didn't measure,P2E03R,CCTAACAG,P2E03F,CTGTTAGG,12,581,n,na,25.51,219.29,qPCR,20,,4/4/18,CMSpool3,10,,4/5/19,NextSeq,,High Output (400 million clusters),4/12/18,czbiohub-seqbot/fastqs/180412_NB501961_0097_AHLMLMBGX5/rawdata/,
CMS001_021_RNA_a,CMS-021_RNA_a,4,32.2,128.8,,NEBNext Ultra II Directional RNAseq lib prep,didn't measure,P2E04R,CTAGCTCA,P2E04F,TGAGCTAG,12,522,n,na,37.21,70.22,qPCR,20,,4/4/18,CMSpool3,10,,4/5/19,NextSeq,,High Output (400 million clusters),4/12/18,czbiohub-seqbot/fastqs/180412_NB501961_0097_AHLMLMBGX5/rawdata/,
CMS001_023_RNA_a,CMS-023_RNA_a,2.5,98.8,250,,NEBNext Ultra II Directional RNAseq lib prep,didn't measure,P2E05R,CGGTTGTT,P2E05F,AACAACCG,12,477,n,na,27.65,70.96,qPCR,20,,4/4/18,CMSpool3,10,,4/5/19,NextSeq,,High Output (400 million clusters),4/12/18,czbiohub-seqbot/fastqs/180412_NB501961_0097_AHLMLMBGX5/rawdata/,
CMS001_026_RNA_a,CMS-026_RNA_a,4,60.6,242.4,,NEBNext Ultra II Directional RNAseq lib prep,didn't measure,P2E06R,CCGGAATA,P2E06F,TATTCCGG,12,533,n,na,42,102.54,Qubit,20,,4/4/18,CMSpool3,10,,4/5/19,NextSeq,,High Output (400 million clusters),4/12/18,czbiohub-seqbot/fastqs/180412_NB501961_0097_AHLMLMBGX5/rawdata/,
CMS001_034_RNA_a,CMS-034_RNA_a,4,56.6,226.4,,NEBNext Ultra II Directional RNAseq lib prep,didn't measure,P2E07R,TGGCTACA,P2E07F,TGTAGCCA,12,511,n,na,69.24,55.53,qPCR,20,,4/4/18,CMSpool3,10,,4/5/19,NextSeq,,High Output (400 million clusters),4/12/18,czbiohub-seqbot/fastqs/180412_NB501961_0097_AHLMLMBGX5/rawdata/,
CMS001_036_RNA_a,CMS-036_RNA_a,4,36.2,144.8,,NEBNext Ultra II Directional RNAseq lib prep,didn't measure,P2E08R,GGTATAGG,P2E08F,CCTATACC,12,521,n,na,22.6,117.99,qPCR,20,,4/4/18,CMSpool3,10,,4/5/19,NextSeq,,High Output (400 million clusters),4/12/18,czbiohub-seqbot/fastqs/180412_NB501961_0097_AHLMLMBGX5/rawdata/,
CMS001_037_RNA_a,CMS-037_RNA_a,4,42.4,169.6,,NEBNext Ultra II Directional RNAseq lib prep,didn't measure,P2F01R,ACAACAGC,P2F01F,GCTGTTGT,12,537,n,na,36.27,109.3,qPCR,20,,4/4/18,CMSpool3,10,,4/5/19,NextSeq,,High Output (400 million clusters),4/12/18,czbiohub-seqbot/fastqs/180412_NB501961_0097_AHLMLMBGX5/rawdata/,
CMS001_038_RNA_a,CMS-038_RNA_a,3.4,74.2,250,,NEBNext Ultra II Directional RNAseq lib prep,didn't measure,P2F02R,AGTCGAAG,P2F02F,CTTCGACT,12,457,n,na,58.62,207.59,qPCR,20,,4/4/18,CMSpool3,10,,4/5/19,NextSeq,,High Output (400 million clusters),4/12/18,czbiohub-seqbot/fastqs/180412_NB501961_0097_AHLMLMBGX5/rawdata/,
CMS001_042_RNA_a,CMS-042_RNA_a,2.6,96,250,,NEBNext Ultra II Directional RNAseq lib prep,didn't measure,P2F03R,TAAGTGGC,P2F03F,GCCACTTA,12,521,n,na,45.11,140.12,qPCR,20,,4/4/18,CMSpool3,10,,4/5/19,NextSeq,,High Output (400 million clusters),4/12/18,czbiohub-seqbot/fastqs/180412_NB501961_0097_AHLMLMBGX5/rawdata/,
CMS001_043_RNA_a,CMS-043_RNA_a,1.9,134,250,,NEBNext Ultra II Directional RNAseq lib prep,didn't measure,P2F04R,GACATCTC,P2F04F,GAGATGTC,12,492,n,na,54.87,180.5,qPCR,20,,4/4/18,CMSpool3,10,,4/5/19,NextSeq,,High Output (400 million clusters),4/12/18,czbiohub-seqbot/fastqs/180412_NB501961_0097_AHLMLMBGX5/rawdata/,
CMS001_water3_Qiagen,Water 3 (Qiagen),4,Too low (Out of Range),na,,NEBNext Ultra II Directional RNAseq lib prep,didn't measure,P2F05R,TTGAGCTC,P2F05F,GAGCTCAA,12,453,n,na,0.73,2.61,qPCR,20,,4/4/18,CMSpool3,10,,4/5/19,NextSeq,,High Output (400 million clusters),4/12/18,czbiohub-seqbot/fastqs/180412_NB501961_0097_AHLMLMBGX5/rawdata/,
CMS001_water4_Zymo,Water4 (Zymo),4,Too low (Out of Range),na,,NEBNext Ultra II Directional RNAseq lib prep,didn't measure,P2F06R,GCGTTAGA,P2F06F,TCTAACGC,12,423,n,na,0.02,0.06,qPCR,20,,4/4/18,CMSpool3,10,,4/5/19,NextSeq,,High Output (400 million clusters),4/12/18,czbiohub-seqbot/fastqs/180412_NB501961_0097_AHLMLMBGX5/rawdata/,
CMS001_001_RNA_a,CMS-001_RNA_a,4,27.3,109.2,,NEBNext Ultra II Directional RNAseq lib prep,0.44,P2B04R,GGTTGGTA,P2B04F,TACCAACC,12,421,n,na,5.78,21.86,qPCR,20,,3/20/18,CMSpool2,10,2.78,3/22/18,NextSeq,,High Output (400 million clusters),3/23/18,s3://czbiohub-seqbot/fastqs/180323_NB501961_0089_AHLN5JBGX5/rawdata/,
CMS001_003_RNA_a,CMS-003_RNA_a,2.8,88.9,250,,NEBNext Ultra II Directional RNAseq lib prep,0.85,P2B05R,CATCAACC,P2B05F,GGTTGATG,12,431,n,na,8.59,33.03,qPCR,20,,3/20/18,CMSpool2,10,2.78,3/22/18,NextSeq,,High Output (400 million clusters),3/23/18,s3://czbiohub-seqbot/fastqs/180323_NB501961_0089_AHLN5JBGX5/rawdata/,
CMS001_005_RNA_a,CMS-005_RNA_a,1,240.7,250,,NEBNext Ultra II Directional RNAseq lib prep,0.59,P2B06R,GCAATTCC,P2B06F,GGAATTGC,12,410,n,na,8.1,38.99,qPCR,20,,3/20/18,CMSpool2,10,2.78,3/22/18,NextSeq,,High Output (400 million clusters),3/23/18,s3://czbiohub-seqbot/fastqs/180323_NB501961_0089_AHLN5JBGX5/rawdata/,
CMS001_012_RNA_a,CMS-012_RNA_a,2.9,86.1,250,,NEBNext Ultra II Directional RNAseq lib prep,0.57,P2B07R,ACCTCTTC,P2B07F,GAAGAGGT,12,447,n,na,8.79,31.53,qPCR,20,,3/20/18,CMSpool2,10,2.78,3/22/18,NextSeq,,High Output (400 million clusters),3/23/18,czbiohub-seqbot/fastqs/180323_NB501961_0089_AHLN5JBGX5/rawdata/,
CMS001_014_RNA_a,CMS-014_RNA_a,3.8,65,250,,NEBNext Ultra II Directional RNAseq lib prep,0.58,P2B08R,TTCACGGA,P2B08F,TCCGTGAA,12,420,n,na,8.13,30.09,qPCR,20,,3/20/18,CMSpool2,10,2.78,3/22/18,NextSeq,,High Output (400 million clusters),3/23/18,czbiohub-seqbot/fastqs/180323_NB501961_0089_AHLN5JBGX5/rawdata/,
CMS001_016_RNA_a,CMS-016_RNA_a,1.6,153.4,250,,NEBNext Ultra II Directional RNAseq lib prep,0.45,P2B09R,CTGGTCAT,P2B09F,ATGACCAG,12,439,n,na,8.7,26.16,qPCR,20,,3/20/18,CMSpool2,10,2.78,3/22/18,NextSeq,,High Output (400 million clusters),3/23/18,s3://czbiohub-seqbot/fastqs/180323_NB501961_0089_AHLN5JBGX5/rawdata/,
CMS001_030_RNA_a,CMS-030_RNA_a,0.9,273,250,,NEBNext Ultra II Directional RNAseq lib prep,0.98,P2B10R,CCTATTGG,P2B10F,CCAATAGG,12,431,n,na,11.3,37.87,qPCR,20,,3/20/18,CMSpool2,10,2.78,3/22/18,NextSeq,,High Output (400 million clusters),3/23/18,s3://czbiohub-seqbot/fastqs/180323_NB501961_0089_AHLN5JBGX5/rawdata/,
CMS001_051_RNA_a,CMS-051_RNA_a,2.7,94.3,250,,NEBNext Ultra II Directional RNAseq lib prep,0.88,P2B11R,AAGACCGT,P2B11F,ACGGTCTT,12,422,n,na,9.34,33.95,qPCR,20,,3/20/18,CMSpool2,10,2.78,3/22/18,NextSeq,,High Output (400 million clusters),3/23/18,s3://czbiohub-seqbot/fastqs/180323_NB501961_0089_AHLN5JBGX5/rawdata/,
CMS001_058_RNA_a,CMS-058_RNA_a,3,82.5,250,,NEBNext Ultra II Directional RNAseq lib prep,0.47,P2B12R,GGTGTACA,P2B12F,TGTACACC,12,393,n,na,5.68,22.58,qPCR,20,,3/20/18,CMSpool2,10,2.78,3/22/18,NextSeq,,High Output (400 million clusters),3/23/18,s3://czbiohub-seqbot/fastqs/180323_NB501961_0089_AHLN5JBGX5/rawdata/,
CMS001_059_RNA_a,CMS-059_RNA_a,1.2,201,250,,NEBNext Ultra II Directional RNAseq lib prep,0.75,P2C01R,GTGATCCA,P2C01F,TGGATCAC,12,411,n,na,8.47,32.99,qPCR,20,,3/20/18,CMSpool2,10,2.78,3/22/18,NextSeq,,High Output (400 million clusters),3/23/18,s3://czbiohub-seqbot/fastqs/180323_NB501961_0089_AHLN5JBGX5/rawdata/,
CMS001_water1,CMS-water1,4,Too low (Out of Range),na,,NEBNext Ultra II Directional RNAseq lib prep,na,P2C02R,GGAACATG,P2C02F,CATGTTCC,12,na,n,na,na,na,qPCR,20,,3/20/18,CMSpool2,10,2.78,3/22/18,NextSeq,,High Output (400 million clusters),3/23/18,s3://czbiohub-seqbot/fastqs/180323_NB501961_0089_AHLN5JBGX5/rawdata/,
CMS001_010_RNA_a,CMS-010_RNA_a,4,14.7,58.8,,NEBNext Ultra II Directional RNAseq lib prep,1.36,P2F07R,ACAGAGGT,P2F07F,ACCTCTGT,12,564,,na,63.65,182.64,qPCR,20,,4/13/18,CMSpool4,,10,4/16/18,NextSeq,,Mid Output (400 million clusters),4/17/18,czbiohub-seqbot/fastqs/180417_NB501961_0099_AHWNYNAFXX/rawdata/,
CMS001_045_RNA_a,CMS-045_RNA_a,4,6.12,24.5,,NEBNext Ultra II Directional RNAseq lib prep,0.656,P2F08R,AGGCTGAA,P2F08F,TTCAGCCT,12,528,,na,38.01,116.51,qPCR,20,,4/13/18,CMSpool4,,10,4/16/18,NextSeq,,Mid Output (400 million clusters),4/17/18,czbiohub-seqbot/fastqs/180417_NB501961_0099_AHWNYNAFXX/rawdata/,
CMS001_046_RNA_a,CMS-046_RNA_a,4,29.4,117.6,,NEBNext Ultra II Directional RNAseq lib prep,2.82,P2F09R,TCCAGCAA,P2F09F,TTGCTGGA,12,563,,na,46,132.22,qPCR,20,,4/13/18,CMSpool4,,10,4/16/18,NextSeq,,Mid Output (400 million clusters),4/17/18,czbiohub-seqbot/fastqs/180417_NB501961_0099_AHWNYNAFXX/rawdata/,
CMS001_047_RNA_a,CMS-047_RNA_a,4,48.4,193.6,,NEBNext Ultra II Directional RNAseq lib prep,4.4,P2F10R,TCGAGAGT,P2F10F,ACTCTCGA,12,584,,na,57.78,160.12,qPCR,20,,4/13/18,CMSpool4,,10,4/16/18,NextSeq,,Mid Output (400 million clusters),4/17/18,czbiohub-seqbot/fastqs/180417_NB501961_0099_AHWNYNAFXX/rawdata/,
CMS001_048_RNA_a,CMS-048_RNA_a,4,29.4,117.6,,NEBNext Ultra II Directional RNAseq lib prep,2.34,P2F11R,GTACACCT,P2F11F,AGGTGTAC,,566,,na,73.28,209.54,qPCR,20,,4/13/18,CMSpool4,,10,4/16/18,NextSeq,,Mid Output (400 million clusters),4/17/18,czbiohub-seqbot/fastqs/180417_NB501961_0099_AHWNYNAFXX/rawdata/,
CMS001_049_RNA_a,CMS-049_RNA_a,4,54.4,217.6,,NEBNext Ultra II Directional RNAseq lib prep,4.36,P2F12R,GTTCTTCG,P2F12F,CGAAGAAC,12,429,,na,194.1,732.2,qPCR,20,,4/13/18,CMSpool4,,10,4/16/18,NextSeq,,Mid Output (400 million clusters),4/17/18,czbiohub-seqbot/fastqs/180417_NB501961_0099_AHWNYNAFXX/rawdata/,
CMS001_052_RNA_a,CMS-052_RNA_a,4,63.4,253.6,,NEBNext Ultra II Directional RNAseq lib prep,4.34,P2G01R,TCGCTATC,P2G01F,GATAGCGA,12,561,,na,33.17,95.68,qPCR,20,,4/13/18,CMSpool4,,10,4/16/18,NextSeq,,Mid Output (400 million clusters),4/17/18,czbiohub-seqbot/fastqs/180417_NB501961_0099_AHWNYNAFXX/rawdata/,
CMS001_053_RNA_a,CMS-053_RNA_a,3.3,75.6,249.5,,NEBNext Ultra II Directional RNAseq lib prep,4.9,P2G02R,CTCGTTCT,P2G02F,AGAACGAG,12,617,,na,22.24,58.34,qPCR,20,,4/13/18,CMSpool4,,10,4/16/18,NextSeq,,Mid Output (400 million clusters),4/17/18,czbiohub-seqbot/fastqs/180417_NB501961_0099_AHWNYNAFXX/rawdata/,
CMS001_055_RNA_a,CMS-055_RNA_a,4,34.8,139.2,,NEBNext Ultra II Directional RNAseq lib prep,2.6,P2G03R,GAGAGTAC,P2G03F,GTACTCTC,12,565,,na,27.91,79.94,qPCR,20,,4/13/18,CMSpool4,,10,4/16/18,NextSeq,,Mid Output (400 million clusters),4/17/18,czbiohub-seqbot/fastqs/180417_NB501961_0099_AHWNYNAFXX/rawdata/,
CMS001_056_RNA_a,CMS-056_RNA_a,4,33.6,134.4,,NEBNext Ultra II Directional RNAseq lib prep,3.28,P2G04R,GGACAGAT,P2G04F,ATCTGTCC,12,551,,na,25.84,75.89,qPCR,20,,4/13/18,CMSpool4,,10,4/16/18,NextSeq,,Mid Output (400 million clusters),4/17/18,czbiohub-seqbot/fastqs/180417_NB501961_0099_AHWNYNAFXX/rawdata/,
CMS001_057_RNA_a,CMS-057_RNA_a,4,26.6,106.4,,NEBNext Ultra II Directional RNAseq lib prep,2.38,P2G05R,ACCGCTAT,P2G05F,ATAGCGGT,12,558,,na,20.21,58.61,qPCR,20,,4/13/18,CMSpool4,,10,4/16/18,NextSeq,,Mid Output (400 million clusters),4/17/18,czbiohub-seqbot/fastqs/180417_NB501961_0099_AHWNYNAFXX/rawdata/,
CMS001_water5_RNA_A,Water5_RNA_a,4,Too low (Out of Range),na,,NEBNext Ultra II Directional RNAseq lib prep,didn't measure,P2G06R,AGAACCAG,P2G06F,CTGGTTCT,12,na,,na,0.01,0.03,qPCR,20,,4/13/18,CMSpool4,,10,4/16/18,NextSeq,,Mid Output (400 million clusters),4/17/18,czbiohub-seqbot/fastqs/180417_NB501961_0099_AHWNYNAFXX/rawdata/,